'1178913',20260905,1,20260912,1,20260919,1,20260926,1,20260930,1,20261003,1,20261010,1,20261017,1,20261024,1,20261031,1,20261107,1,20261114,1,20261121,1,20261128,1,20261205,1,20261212,1,20261219,1
'1178914',20260902,1,20260903,1,20260904,1,20260908,1,20260909,1,20260910,1,20260911,1,20260914,1,20260915,1,20260916,1,20260917,1,20260918,1,20260921,1,20260922,1,20260923,1,20260924,1,20260925,1,20260928,1,20260929,1,20261001,1,20261002,1,20261005,1,20261006,1,20261007,1,20261008,1,20261009,1,20261013,1,20261014,1,20261015,1,20261016,1,20261019,1,20261020,1,20261021,1,20261022,1,20261023,1,20261026,1,20261027,1,20261028,1,20261029,1,20261030,1,20261102,1,20261103,1,20261104,1,20261105,1,20261106,1,20261109,1,20261110,1,20261112,1,20261113,1,20261116,1,20261117,1,20261118,1,20261119,1,20261120,1,20261123,1,20261124,1,20261125,1,20261126,1,20261127,1,20261130,1,20261201,1,20261202,1,20261203,1,20261204,1,20261207,1,20261208,1,20261209,1,20261210,1,20261211,1,20261214,1,20261215,1,20261216,1,20261217,1,20261218,1
'1178916',20260902,1,20260903,1,20260904,1,20260908,1,20260909,1,20260910,1,20260911,1,20260914,1,20260915,1,20260916,1,20260917,1,20260918,1,20260921,1,20260922,1,20260923,1,20260924,1,20260925,1,20260928,1,20260929,1,20261001,1,20261002,1,20261005,1,20261006,1,20261007,1,20261008,1,20261009,1,20261013,1,20261014,1,20261015,1,20261016,1,20261019,1,20261020,1,20261021,1,20261022,1,20261023,1,20261026,1,20261027,1,20261028,1,20261029,1,20261030,1,20261102,1,20261103,1,20261104,1,20261105,1,20261106,1,20261109,1,20261110,1,20261112,1,20261113,1,20261116,1,20261117,1,20261118,1,20261119,1,20261120,1,20261123,1,20261124,1,20261125,1,20261126,1,20261127,1,20261130,1,20261201,1,20261202,1,20261203,1,20261204,1,20261207,1,20261208,1,20261209,1,20261210,1,20261211,1,20261214,1,20261215,1,20261216,1,20261217,1,20261218,1
'1178919',20260905,1,20260912,1,20260919,1,20260926,1,20260930,1,20261003,1,20261010,1,20261017,1,20261024,1,20261031,1,20261107,1,20261114,1,20261121,1,20261128,1,20261205,1,20261212,1,20261219,1
'1178920',20260902,1,20260903,1,20260904,1,20260908,1,20260909,1,20260910,1,20260911,1,20260914,1,20260915,1,20260916,1,20260917,1,20260918,1,20260921,1,20260922,1,20260923,1,20260924,1,20260925,1,20260928,1,20260929,1,20261001,1,20261002,1,20261005,1,20261006,1,20261007,1,20261008,1,20261009,1,20261013,1,20261014,1,20261015,1,20261016,1,20261019,1,20261020,1,20261021,1,20261022,1,20261023,1,20261026,1,20261027,1,20261028,1,20261029,1,20261030,1,20261102,1,20261103,1,20261104,1,20261105,1,20261106,1,20261109,1,20261110,1,20261112,1,20261113,1,20261116,1,20261117,1,20261118,1,20261119,1,20261120,1,20261123,1,20261124,1,20261125,1,20261126,1,20261127,1,20261130,1,20261201,1,20261202,1,20261203,1,20261204,1,20261207,1,20261208,1,20261209,1,20261210,1,20261211,1,20261214,1,20261215,1,20261216,1,20261217,1,20261218,1
'1178921',20260902,1,20260903,1,20260904,1,20260908,1,20260909,1,20260910,1,20260911,1,20260914,1,20260915,1,20260916,1,20260917,1,20260918,1,20260921,1,20260922,1,20260923,1,20260924,1,20260925,1,20260928,1,20260929,1,20261001,1,20261002,1,20261005,1,20261006,1,20261007,1,20261008,1,20261009,1,20261013,1,20261014,1,20261015,1,20261016,1,20261019,1,20261020,1,20261021,1,20261022,1,20261023,1,20261026,1,20261027,1,20261028,1,20261029,1,20261030,1,20261102,1,20261103,1,20261104,1,20261105,1,20261106,1,20261109,1,20261110,1,20261112,1,20261113,1,20261116,1,20261117,1,20261118,1,20261119,1,20261120,1,20261123,1,20261124,1,20261125,1,20261126,1,20261127,1,20261130,1,20261201,1,20261202,1,20261203,1,20261204,1,20261207,1,20261208,1,20261209,1,20261210,1,20261211,1,20261214,1,20261215,1,20261216,1,20261217,1,20261218,1
'1178922',20260905,1,20260912,1,20260919,1,20260926,1,20260930,1,20261003,1,20261010,1,20261017,1,20261024,1,20261031,1,20261107,1,20261114,1,20261121,1,20261128,1,20261205,1,20261212,1,20261219,1
'1178923',20260902,1,20260903,1,20260904,1,20260908,1,20260909,1,20260910,1,20260911,1,20260914,1,20260915,1,20260916,1,20260917,1,20260918,1,20260921,1,20260922,1,20260923,1,20260924,1,20260925,1,20260928,1,20260929,1,20261001,1,20261002,1,20261005,1,20261006,1,20261007,1,20261008,1,20261009,1,20261013,1,20261014,1,20261015,1,20261016,1,20261019,1,20261020,1,20261021,1,20261022,1,20261023,1,20261026,1,20261027,1,20261028,1,20261029,1,20261030,1,20261102,1,20261103,1,20261104,1,20261105,1,20261106,1,20261109,1,20261110,1,20261112,1,20261113,1,20261116,1,20261117,1,20261118,1,20261119,1,20261120,1,20261123,1,20261124,1,20261125,1,20261126,1,20261127,1,20261130,1,20261201,1,20261202,1,20261203,1,20261204,1,20261207,1,20261208,1,20261209,1,20261210,1,20261211,1,20261214,1,20261215,1,20261216,1,20261217,1,20261218,1
'1178924',20260902,1,20260903,1,20260904,1,20260908,1,20260909,1,20260910,1,20260911,1,20260914,1,20260915,1,20260916,1,20260917,1,20260918,1,20260921,1,20260922,1,20260923,1,20260924,1,20260925,1,20260928,1,20260929,1,20261001,1,20261002,1,20261005,1,20261006,1,20261007,1,20261008,1,20261009,1,20261013,1,20261014,1,20261015,1,20261016,1,20261019,1,20261020,1,20261021,1,20261022,1,20261023,1,20261026,1,20261027,1,20261028,1,20261029,1,20261030,1,20261102,1,20261103,1,20261104,1,20261105,1,20261106,1,20261109,1,20261110,1,20261112,1,20261113,1,20261116,1,20261117,1,20261118,1,20261119,1,20261120,1,20261123,1,20261124,1,20261125,1,20261126,1,20261127,1,20261130,1,20261201,1,20261202,1,20261203,1,20261204,1,20261207,1,20261208,1,20261209,1,20261210,1,20261211,1,20261214,1,20261215,1,20261216,1,20261217,1,20261218,1
'1178925',20260906,1,20260913,1,20260920,1,20260927,1,20261004,1,20261011,1,20261018,1,20261025,1,20261101,1,20261108,1,20261115,1,20261122,1,20261129,1,20261206,1,20261213,1
'1178926',20260906,1,20260913,1,20260920,1,20260927,1,20261004,1,20261011,1,20261018,1,20261025,1,20261101,1,20261108,1,20261115,1,20261122,1,20261129,1,20261206,1,20261213,1
'1178929',20260902,1,20260903,1,20260904,1,20260908,1,20260909,1,20260910,1,20260911,1,20260914,1,20260915,1,20260916,1,20260917,1,20260918,1,20260921,1,20260922,1,20260923,1,20260924,1,20260925,1,20260928,1,20260929,1,20261001,1,20261002,1,20261005,1,20261006,1,20261007,1,20261008,1,20261009,1,20261013,1,20261014,1,20261015,1,20261016,1,20261019,1,20261020,1,20261021,1,20261022,1,20261023,1,20261026,1,20261027,1,20261028,1,20261029,1,20261030,1,20261102,1,20261103,1,20261104,1,20261105,1,20261106,1,20261109,1,20261110,1,20261112,1,20261113,1,20261116,1,20261117,1,20261118,1,20261119,1,20261120,1,20261123,1,20261124,1,20261125,1,20261126,1,20261127,1,20261130,1,20261201,1,20261202,1,20261203,1,20261204,1,20261207,1,20261208,1,20261209,1,20261210,1,20261211,1,20261214,1,20261215,1,20261216,1,20261217,1,20261218,1
'1178930',20260905,1,20260912,1,20260919,1,20260926,1,20260930,1,20261003,1,20261010,1,20261017,1,20261024,1,20261031,1,20261107,1,20261114,1,20261121,1,20261128,1,20261205,1,20261212,1,20261219,1
'1178934',20260902,1,20260903,1,20260904,1,20260908,1,20260909,1,20260910,1,20260911,1,20260914,1,20260915,1,20260916,1,20260917,1,20260918,1,20260921,1,20260922,1,20260923,1,20260924,1,20260925,1,20260928,1,20260929,1,20261001,1,20261002,1,20261005,1,20261006,1,20261007,1,20261008,1,20261009,1,20261013,1,20261014,1,20261015,1,20261016,1,20261019,1,20261020,1,20261021,1,20261022,1,20261023,1,20261026,1,20261027,1,20261028,1,20261029,1,20261030,1,20261102,1,20261103,1,20261104,1,20261105,1,20261106,1,20261109,1,20261110,1,20261112,1,20261113,1,20261116,1,20261117,1,20261118,1,20261119,1,20261120,1,20261123,1,20261124,1,20261125,1,20261126,1,20261127,1,20261130,1,20261201,1,20261202,1,20261203,1,20261204,1,20261207,1,20261208,1,20261209,1,20261210,1,20261211,1,20261214,1,20261215,1,20261216,1,20261217,1,20261218,1
'1178935',20260905,1,20260912,1,20260919,1,20260926,1,20260930,1,20261003,1,20261010,1,20261017,1,20261024,1,20261031,1,20261107,1,20261114,1,20261121,1,20261128,1,20261205,1,20261212,1,20261219,1
'1178936',20260902,1,20260903,1,20260904,1,20260908,1,20260909,1,20260910,1,20260911,1,20260914,1,20260915,1,20260916,1,20260917,1,20260918,1,20260921,1,20260922,1,20260923,1,20260924,1,20260925,1,20260928,1,20260929,1,20261001,1,20261002,1,20261005,1,20261006,1,20261007,1,20261008,1,20261009,1,20261013,1,20261014,1,20261015,1,20261016,1,20261019,1,20261020,1,20261021,1,20261022,1,20261023,1,20261026,1,20261027,1,20261028,1,20261029,1,20261030,1,20261102,1,20261103,1,20261104,1,20261105,1,20261106,1,20261109,1,20261110,1,20261112,1,20261113,1,20261116,1,20261117,1,20261118,1,20261119,1,20261120,1,20261123,1,20261124,1,20261125,1,20261126,1,20261127,1,20261130,1,20261201,1,20261202,1,20261203,1,20261204,1,20261207,1,20261208,1,20261209,1,20261210,1,20261211,1,20261214,1,20261215,1,20261216,1,20261217,1,20261218,1
'1178942',20260906,1,20260913,1,20260920,1,20260927,1,20261004,1,20261011,1,20261018,1,20261025,1,20261101,1,20261108,1,20261115,1,20261122,1,20261129,1,20261206,1,20261213,1
'1178945',20260902,1,20260903,1,20260904,1,20260908,1,20260909,1,20260910,1,20260911,1,20260914,1,20260915,1,20260916,1,20260917,1,20260918,1,20260921,1,20260922,1,20260923,1,20260924,1,20260925,1,20260928,1,20260929,1,20261001,1,20261002,1,20261005,1,20261006,1,20261007,1,20261008,1,20261009,1,20261013,1,20261014,1,20261015,1,20261016,1,20261019,1,20261020,1,20261021,1,20261022,1,20261023,1,20261026,1,20261027,1,20261028,1,20261029,1,20261030,1,20261102,1,20261103,1,20261104,1,20261105,1,20261106,1,20261109,1,20261110,1,20261112,1,20261113,1,20261116,1,20261117,1,20261118,1,20261119,1,20261120,1,20261123,1,20261124,1,20261125,1,20261126,1,20261127,1,20261130,1,20261201,1,20261202,1,20261203,1,20261204,1,20261207,1,20261208,1,20261209,1,20261210,1,20261211,1,20261214,1,20261215,1,20261216,1,20261217,1,20261218,1
'1178946',20260902,1,20260903,1,20260904,1,20260908,1,20260909,1,20260910,1,20260911,1,20260914,1,20260915,1,20260916,1,20260917,1,20260918,1,20260921,1,20260922,1,20260923,1,20260924,1,20260925,1,20260928,1,20260929,1,20261001,1,20261002,1,20261005,1,20261006,1,20261007,1,20261008,1,20261009,1,20261013,1,20261014,1,20261015,1,20261016,1,20261019,1,20261020,1,20261021,1,20261022,1,20261023,1,20261026,1,20261027,1,20261028,1,20261029,1,20261030,1,20261102,1,20261103,1,20261104,1,20261105,1,20261106,1,20261109,1,20261110,1,20261112,1,20261113,1,20261116,1,20261117,1,20261118,1,20261119,1,20261120,1,20261123,1,20261124,1,20261125,1,20261126,1,20261127,1,20261130,1,20261201,1,20261202,1,20261203,1,20261204,1,20261207,1,20261208,1,20261209,1,20261210,1,20261211,1,20261214,1,20261215,1,20261216,1,20261217,1,20261218,1
'1178947',20260906,1,20260913,1,20260920,1,20260927,1,20261004,1,20261011,1,20261018,1,20261025,1,20261101,1,20261108,1,20261115,1,20261122,1,20261129,1,20261206,1,20261213,1
'1178948',20260902,1,20260903,1,20260904,1,20260908,1,20260909,1,20260910,1,20260911,1,20260914,1,20260915,1,20260916,1,20260917,1,20260918,1,20260921,1,20260922,1,20260923,1,20260924,1,20260925,1,20260928,1,20260929,1,20261001,1,20261002,1,20261005,1,20261006,1,20261007,1,20261008,1,20261009,1,20261013,1,20261014,1,20261015,1,20261016,1,20261019,1,20261020,1,20261021,1,20261022,1,20261023,1,20261026,1,20261027,1,20261028,1,20261029,1,20261030,1,20261102,1,20261103,1,20261104,1,20261105,1,20261106,1,20261109,1,20261110,1,20261112,1,20261113,1,20261116,1,20261117,1,20261118,1,20261119,1,20261120,1,20261123,1,20261124,1,20261125,1,20261126,1,20261127,1,20261130,1,20261201,1,20261202,1,20261203,1,20261204,1,20261207,1,20261208,1,20261209,1,20261210,1,20261211,1,20261214,1,20261215,1,20261216,1,20261217,1,20261218,1
'1178950',20260902,1,20260903,1,20260904,1,20260908,1,20260909,1,20260910,1,20260911,1,20260914,1,20260915,1,20260916,1,20260917,1,20260918,1,20260921,1,20260922,1,20260923,1,20260924,1,20260925,1,20260928,1,20260929,1,20261001,1,20261002,1,20261005,1,20261006,1,20261007,1,20261008,1,20261009,1,20261013,1,20261014,1,20261015,1,20261016,1,20261019,1,20261020,1,20261021,1,20261022,1,20261023,1,20261026,1,20261027,1,20261028,1,20261029,1,20261030,1,20261102,1,20261103,1,20261104,1,20261105,1,20261106,1,20261109,1,20261110,1,20261112,1,20261113,1,20261116,1,20261117,1,20261118,1,20261119,1,20261120,1,20261123,1,20261124,1,20261125,1,20261126,1,20261127,1,20261130,1,20261201,1,20261202,1,20261203,1,20261204,1,20261207,1,20261208,1,20261209,1,20261210,1,20261211,1,20261214,1,20261215,1,20261216,1,20261217,1,20261218,1
'1178953',20260905,1,20260912,1,20260919,1,20260926,1,20260930,1,20261003,1,20261010,1,20261017,1,20261024,1,20261031,1,20261107,1,20261114,1,20261121,1,20261128,1,20261205,1,20261212,1,20261219,1
'1178954',20260902,1,20260903,1,20260904,1,20260908,1,20260909,1,20260910,1,20260911,1,20260914,1,20260915,1,20260916,1,20260917,1,20260918,1,20260921,1,20260922,1,20260923,1,20260924,1,20260925,1,20260928,1,20260929,1,20261001,1,20261002,1,20261005,1,20261006,1,20261007,1,20261008,1,20261009,1,20261013,1,20261014,1,20261015,1,20261016,1,20261019,1,20261020,1,20261021,1,20261022,1,20261023,1,20261026,1,20261027,1,20261028,1,20261029,1,20261030,1,20261102,1,20261103,1,20261104,1,20261105,1,20261106,1,20261109,1,20261110,1,20261112,1,20261113,1,20261116,1,20261117,1,20261118,1,20261119,1,20261120,1,20261123,1,20261124,1,20261125,1,20261126,1,20261127,1,20261130,1,20261201,1,20261202,1,20261203,1,20261204,1,20261207,1,20261208,1,20261209,1,20261210,1,20261211,1,20261214,1,20261215,1,20261216,1,20261217,1,20261218,1
'1178955',20260902,1,20260903,1,20260904,1,20260908,1,20260909,1,20260910,1,20260911,1,20260914,1,20260915,1,20260916,1,20260917,1,20260918,1,20260921,1,20260922,1,20260923,1,20260924,1,20260925,1,20260928,1,20260929,1,20261001,1,20261002,1,20261005,1,20261006,1,20261007,1,20261008,1,20261009,1,20261013,1,20261014,1,20261015,1,20261016,1,20261019,1,20261020,1,20261021,1,20261022,1,20261023,1,20261026,1,20261027,1,20261028,1,20261029,1,20261030,1,20261102,1,20261103,1,20261104,1,20261105,1,20261106,1,20261109,1,20261110,1,20261112,1,20261113,1,20261116,1,20261117,1,20261118,1,20261119,1,20261120,1,20261123,1,20261124,1,20261125,1,20261126,1,20261127,1,20261130,1,20261201,1,20261202,1,20261203,1,20261204,1,20261207,1,20261208,1,20261209,1,20261210,1,20261211,1,20261214,1,20261215,1,20261216,1,20261217,1,20261218,1
'1178956',20260906,1,20260913,1,20260920,1,20260927,1,20261004,1,20261011,1,20261018,1,20261025,1,20261101,1,20261108,1,20261115,1,20261122,1,20261129,1,20261206,1,20261213,1
'1178957',20260906,1,20260913,1,20260920,1,20260927,1,20261004,1,20261011,1,20261018,1,20261025,1,20261101,1,20261108,1,20261115,1,20261122,1,20261129,1,20261206,1,20261213,1
'1178962',20260902,1,20260903,1,20260904,1,20260908,1,20260909,1,20260910,1,20260911,1,20260914,1,20260915,1,20260916,1,20260917,1,20260918,1,20260921,1,20260922,1,20260923,1,20260924,1,20260925,1,20260928,1,20260929,1,20261001,1,20261002,1,20261005,1,20261006,1,20261007,1,20261008,1,20261009,1,20261013,1,20261014,1,20261015,1,20261016,1,20261019,1,20261020,1,20261021,1,20261022,1,20261023,1,20261026,1,20261027,1,20261028,1,20261029,1,20261030,1,20261102,1,20261103,1,20261104,1,20261105,1,20261106,1,20261109,1,20261110,1,20261112,1,20261113,1,20261116,1,20261117,1,20261118,1,20261119,1,20261120,1,20261123,1,20261124,1,20261125,1,20261126,1,20261127,1,20261130,1,20261201,1,20261202,1,20261203,1,20261204,1,20261207,1,20261208,1,20261209,1,20261210,1,20261211,1,20261214,1,20261215,1,20261216,1,20261217,1,20261218,1
'1178963',20260905,1,20260912,1,20260919,1,20260926,1,20260930,1,20261003,1,20261010,1,20261017,1,20261024,1,20261031,1,20261107,1,20261114,1,20261121,1,20261128,1,20261205,1,20261212,1,20261219,1
'1178964',20260906,1,20260913,1,20260920,1,20260927,1,20261004,1,20261011,1,20261018,1,20261025,1,20261101,1,20261108,1,20261115,1,20261122,1,20261129,1,20261206,1,20261213,1
'1178966',20260906,1,20260913,1,20260920,1,20260927,1,20261004,1,20261011,1,20261018,1,20261025,1,20261101,1,20261108,1,20261115,1,20261122,1,20261129,1,20261206,1,20261213,1
'1178968',20260902,1,20260903,1,20260904,1,20260908,1,20260909,1,20260910,1,20260911,1,20260914,1,20260915,1,20260916,1,20260917,1,20260918,1,20260921,1,20260922,1,20260923,1,20260924,1,20260925,1,20260928,1,20260929,1,20261001,1,20261002,1,20261005,1,20261006,1,20261007,1,20261008,1,20261009,1,20261013,1,20261014,1,20261015,1,20261016,1,20261019,1,20261020,1,20261021,1,20261022,1,20261023,1,20261026,1,20261027,1,20261028,1,20261029,1,20261030,1,20261102,1,20261103,1,20261104,1,20261105,1,20261106,1,20261109,1,20261110,1,20261112,1,20261113,1,20261116,1,20261117,1,20261118,1,20261119,1,20261120,1,20261123,1,20261124,1,20261125,1,20261126,1,20261127,1,20261130,1,20261201,1,20261202,1,20261203,1,20261204,1,20261207,1,20261208,1,20261209,1,20261210,1,20261211,1,20261214,1,20261215,1,20261216,1,20261217,1,20261218,1
'1178969',20260906,1,20260913,1,20260920,1,20260927,1,20261004,1,20261011,1,20261018,1,20261025,1,20261101,1,20261108,1,20261115,1,20261122,1,20261129,1,20261206,1,20261213,1
'1178970',20260902,1,20260903,1,20260904,1,20260908,1,20260909,1,20260910,1,20260911,1,20260914,1,20260915,1,20260916,1,20260917,1,20260918,1,20260921,1,20260922,1,20260923,1,20260924,1,20260925,1,20260928,1,20260929,1,20261001,1,20261002,1,20261005,1,20261006,1,20261007,1,20261008,1,20261009,1,20261013,1,20261014,1,20261015,1,20261016,1,20261019,1,20261020,1,20261021,1,20261022,1,20261023,1,20261026,1,20261027,1,20261028,1,20261029,1,20261030,1,20261102,1,20261103,1,20261104,1,20261105,1,20261106,1,20261109,1,20261110,1,20261112,1,20261113,1,20261116,1,20261117,1,20261118,1,20261119,1,20261120,1,20261123,1,20261124,1,20261125,1,20261126,1,20261127,1,20261130,1,20261201,1,20261202,1,20261203,1,20261204,1,20261207,1,20261208,1,20261209,1,20261210,1,20261211,1,20261214,1,20261215,1,20261216,1,20261217,1,20261218,1
'1178972',20260902,1,20260903,1,20260904,1,20260908,1,20260909,1,20260910,1,20260911,1,20260914,1,20260915,1,20260916,1,20260917,1,20260918,1,20260921,1,20260922,1,20260923,1,20260924,1,20260925,1,20260928,1,20260929,1,20261001,1,20261002,1,20261005,1,20261006,1,20261007,1,20261008,1,20261009,1,20261013,1,20261014,1,20261015,1,20261016,1,20261019,1,20261020,1,20261021,1,20261022,1,20261023,1,20261026,1,20261027,1,20261028,1,20261029,1,20261030,1,20261102,1,20261103,1,20261104,1,20261105,1,20261106,1,20261109,1,20261110,1,20261112,1,20261113,1,20261116,1,20261117,1,20261118,1,20261119,1,20261120,1,20261123,1,20261124,1,20261125,1,20261126,1,20261127,1,20261130,1,20261201,1,20261202,1,20261203,1,20261204,1,20261207,1,20261208,1,20261209,1,20261210,1,20261211,1,20261214,1,20261215,1,20261216,1,20261217,1,20261218,1
'1178973',20260906,1,20260913,1,20260920,1,20260927,1,20261004,1,20261011,1,20261018,1,20261025,1,20261101,1,20261108,1,20261115,1,20261122,1,20261129,1,20261206,1,20261213,1
'1178974',20260902,1,20260903,1,20260904,1,20260908,1,20260909,1,20260910,1,20260911,1,20260914,1,20260915,1,20260916,1,20260917,1,20260918,1,20260921,1,20260922,1,20260923,1,20260924,1,20260925,1,20260928,1,20260929,1,20261001,1,20261002,1,20261005,1,20261006,1,20261007,1,20261008,1,20261009,1,20261013,1,20261014,1,20261015,1,20261016,1,20261019,1,20261020,1,20261021,1,20261022,1,20261023,1,20261026,1,20261027,1,20261028,1,20261029,1,20261030,1,20261102,1,20261103,1,20261104,1,20261105,1,20261106,1,20261109,1,20261110,1,20261112,1,20261113,1,20261116,1,20261117,1,20261118,1,20261119,1,20261120,1,20261123,1,20261124,1,20261125,1,20261126,1,20261127,1,20261130,1,20261201,1,20261202,1,20261203,1,20261204,1,20261207,1,20261208,1,20261209,1,20261210,1,20261211,1,20261214,1,20261215,1,20261216,1,20261217,1,20261218,1
'1178976',20260906,1,20260913,1,20260920,1,20260927,1,20261004,1,20261011,1,20261018,1,20261025,1,20261101,1,20261108,1,20261115,1,20261122,1,20261129,1,20261206,1,20261213,1
'1178977',20260906,1,20260913,1,20260920,1,20260927,1,20261004,1,20261011,1,20261018,1,20261025,1,20261101,1,20261108,1,20261115,1,20261122,1,20261129,1,20261206,1,20261213,1
'1178979',20260905,1,20260912,1,20260919,1,20260926,1,20260930,1,20261003,1,20261010,1,20261017,1,20261024,1,20261031,1,20261107,1,20261114,1,20261121,1,20261128,1,20261205,1,20261212,1,20261219,1
'1178981',20260902,1,20260903,1,20260904,1,20260908,1,20260909,1,20260910,1,20260911,1,20260914,1,20260915,1,20260916,1,20260917,1,20260918,1,20260921,1,20260922,1,20260923,1,20260924,1,20260925,1,20260928,1,20260929,1,20261001,1,20261002,1,20261005,1,20261006,1,20261007,1,20261008,1,20261009,1,20261013,1,20261014,1,20261015,1,20261016,1,20261019,1,20261020,1,20261021,1,20261022,1,20261023,1,20261026,1,20261027,1,20261028,1,20261029,1,20261030,1,20261102,1,20261103,1,20261104,1,20261105,1,20261106,1,20261109,1,20261110,1,20261112,1,20261113,1,20261116,1,20261117,1,20261118,1,20261119,1,20261120,1,20261123,1,20261124,1,20261125,1,20261126,1,20261127,1,20261130,1,20261201,1,20261202,1,20261203,1,20261204,1,20261207,1,20261208,1,20261209,1,20261210,1,20261211,1,20261214,1,20261215,1,20261216,1,20261217,1,20261218,1
'1178983',20260902,1,20260903,1,20260904,1,20260908,1,20260909,1,20260910,1,20260911,1,20260914,1,20260915,1,20260916,1,20260917,1,20260918,1,20260921,1,20260922,1,20260923,1,20260924,1,20260925,1,20260928,1,20260929,1,20261001,1,20261002,1,20261005,1,20261006,1,20261007,1,20261008,1,20261009,1,20261013,1,20261014,1,20261015,1,20261016,1,20261019,1,20261020,1,20261021,1,20261022,1,20261023,1,20261026,1,20261027,1,20261028,1,20261029,1,20261030,1,20261102,1,20261103,1,20261104,1,20261105,1,20261106,1,20261109,1,20261110,1,20261112,1,20261113,1,20261116,1,20261117,1,20261118,1,20261119,1,20261120,1,20261123,1,20261124,1,20261125,1,20261126,1,20261127,1,20261130,1,20261201,1,20261202,1,20261203,1,20261204,1,20261207,1,20261208,1,20261209,1,20261210,1,20261211,1,20261214,1,20261215,1,20261216,1,20261217,1,20261218,1
'1178986',20260902,1,20260903,1,20260904,1,20260908,1,20260909,1,20260910,1,20260911,1,20260914,1,20260915,1,20260916,1,20260917,1,20260918,1,20260921,1,20260922,1,20260923,1,20260924,1,20260925,1,20260928,1,20260929,1,20261001,1,20261002,1,20261005,1,20261006,1,20261007,1,20261008,1,20261009,1,20261013,1,20261014,1,20261015,1,20261016,1,20261019,1,20261020,1,20261021,1,20261022,1,20261023,1,20261026,1,20261027,1,20261028,1,20261029,1,20261030,1,20261102,1,20261103,1,20261104,1,20261105,1,20261106,1,20261109,1,20261110,1,20261112,1,20261113,1,20261116,1,20261117,1,20261118,1,20261119,1,20261120,1,20261123,1,20261124,1,20261125,1,20261126,1,20261127,1,20261130,1,20261201,1,20261202,1,20261203,1,20261204,1,20261207,1,20261208,1,20261209,1,20261210,1,20261211,1,20261214,1,20261215,1,20261216,1,20261217,1,20261218,1
'1178989',20260906,1,20260913,1,20260920,1,20260927,1,20261004,1,20261011,1,20261018,1,20261025,1,20261101,1,20261108,1,20261115,1,20261122,1,20261129,1,20261206,1,20261213,1
'1178994',20260905,1,20260912,1,20260919,1,20260926,1,20260930,1,20261003,1,20261010,1,20261017,1,20261024,1,20261031,1,20261107,1,20261114,1,20261121,1,20261128,1,20261205,1,20261212,1,20261219,1
'1178997',20260902,1,20260903,1,20260904,1,20260908,1,20260909,1,20260910,1,20260911,1,20260914,1,20260915,1,20260916,1,20260917,1,20260918,1,20260921,1,20260922,1,20260923,1,20260924,1,20260925,1,20260928,1,20260929,1,20261001,1,20261002,1,20261005,1,20261006,1,20261007,1,20261008,1,20261009,1,20261013,1,20261014,1,20261015,1,20261016,1,20261019,1,20261020,1,20261021,1,20261022,1,20261023,1,20261026,1,20261027,1,20261028,1,20261029,1,20261030,1,20261102,1,20261103,1,20261104,1,20261105,1,20261106,1,20261109,1,20261110,1,20261112,1,20261113,1,20261116,1,20261117,1,20261118,1,20261119,1,20261120,1,20261123,1,20261124,1,20261125,1,20261126,1,20261127,1,20261130,1,20261201,1,20261202,1,20261203,1,20261204,1,20261207,1,20261208,1,20261209,1,20261210,1,20261211,1,20261214,1,20261215,1,20261216,1,20261217,1,20261218,1
'1178998',20260906,1,20260913,1,20260920,1,20260927,1,20261004,1,20261011,1,20261018,1,20261025,1,20261101,1,20261108,1,20261115,1,20261122,1,20261129,1,20261206,1,20261213,1
'1179005',20260902,1,20260903,1,20260904,1,20260908,1,20260909,1,20260910,1,20260911,1,20260914,1,20260915,1,20260916,1,20260917,1,20260918,1,20260921,1,20260922,1,20260923,1,20260924,1,20260925,1,20260928,1,20260929,1,20261001,1,20261002,1,20261005,1,20261006,1,20261007,1,20261008,1,20261009,1,20261013,1,20261014,1,20261015,1,20261016,1,20261019,1,20261020,1,20261021,1,20261022,1,20261023,1,20261026,1,20261027,1,20261028,1,20261029,1,20261030,1,20261102,1,20261103,1,20261104,1,20261105,1,20261106,1,20261109,1,20261110,1,20261112,1,20261113,1,20261116,1,20261117,1,20261118,1,20261119,1,20261120,1,20261123,1,20261124,1,20261125,1,20261126,1,20261127,1,20261130,1,20261201,1,20261202,1,20261203,1,20261204,1,20261207,1,20261208,1,20261209,1,20261210,1,20261211,1,20261214,1,20261215,1,20261216,1,20261217,1,20261218,1
'1179006',20260902,1,20260903,1,20260904,1,20260908,1,20260909,1,20260910,1,20260911,1,20260914,1,20260915,1,20260916,1,20260917,1,20260918,1,20260921,1,20260922,1,20260923,1,20260924,1,20260925,1,20260928,1,20260929,1,20261001,1,20261002,1,20261005,1,20261006,1,20261007,1,20261008,1,20261009,1,20261013,1,20261014,1,20261015,1,20261016,1,20261019,1,20261020,1,20261021,1,20261022,1,20261023,1,20261026,1,20261027,1,20261028,1,20261029,1,20261030,1,20261102,1,20261103,1,20261104,1,20261105,1,20261106,1,20261109,1,20261110,1,20261112,1,20261113,1,20261116,1,20261117,1,20261118,1,20261119,1,20261120,1,20261123,1,20261124,1,20261125,1,20261126,1,20261127,1,20261130,1,20261201,1,20261202,1,20261203,1,20261204,1,20261207,1,20261208,1,20261209,1,20261210,1,20261211,1,20261214,1,20261215,1,20261216,1,20261217,1,20261218,1
'1179007',20260905,1,20260912,1,20260919,1,20260926,1,20260930,1,20261003,1,20261010,1,20261017,1,20261024,1,20261031,1,20261107,1,20261114,1,20261121,1,20261128,1,20261205,1,20261212,1,20261219,1
'1179009',20260902,1,20260903,1,20260904,1,20260908,1,20260909,1,20260910,1,20260911,1,20260914,1,20260915,1,20260916,1,20260917,1,20260918,1,20260921,1,20260922,1,20260923,1,20260924,1,20260925,1,20260928,1,20260929,1,20261001,1,20261002,1,20261005,1,20261006,1,20261007,1,20261008,1,20261009,1,20261013,1,20261014,1,20261015,1,20261016,1,20261019,1,20261020,1,20261021,1,20261022,1,20261023,1,20261026,1,20261027,1,20261028,1,20261029,1,20261030,1,20261102,1,20261103,1,20261104,1,20261105,1,20261106,1,20261109,1,20261110,1,20261112,1,20261113,1,20261116,1,20261117,1,20261118,1,20261119,1,20261120,1,20261123,1,20261124,1,20261125,1,20261126,1,20261127,1,20261130,1,20261201,1,20261202,1,20261203,1,20261204,1,20261207,1,20261208,1,20261209,1,20261210,1,20261211,1,20261214,1,20261215,1,20261216,1,20261217,1,20261218,1
'1179011',20260902,1,20260903,1,20260904,1,20260908,1,20260909,1,20260910,1,20260911,1,20260914,1,20260915,1,20260916,1,20260917,1,20260918,1,20260921,1,20260922,1,20260923,1,20260924,1,20260925,1,20260928,1,20260929,1,20261001,1,20261002,1,20261005,1,20261006,1,20261007,1,20261008,1,20261009,1,20261013,1,20261014,1,20261015,1,20261016,1,20261019,1,20261020,1,20261021,1,20261022,1,20261023,1,20261026,1,20261027,1,20261028,1,20261029,1,20261030,1,20261102,1,20261103,1,20261104,1,20261105,1,20261106,1,20261109,1,20261110,1,20261112,1,20261113,1,20261116,1,20261117,1,20261118,1,20261119,1,20261120,1,20261123,1,20261124,1,20261125,1,20261126,1,20261127,1,20261130,1,20261201,1,20261202,1,20261203,1,20261204,1,20261207,1,20261208,1,20261209,1,20261210,1,20261211,1,20261214,1,20261215,1,20261216,1,20261217,1,20261218,1
'1179012',20260905,1,20260912,1,20260919,1,20260926,1,20260930,1,20261003,1,20261010,1,20261017,1,20261024,1,20261031,1,20261107,1,20261114,1,20261121,1,20261128,1,20261205,1,20261212,1,20261219,1
'1179015',20260905,1,20260912,1,20260919,1,20260926,1,20260930,1,20261003,1,20261010,1,20261017,1,20261024,1,20261031,1,20261107,1,20261114,1,20261121,1,20261128,1,20261205,1,20261212,1,20261219,1
'1179019',20260902,1,20260903,1,20260904,1,20260908,1,20260909,1,20260910,1,20260911,1,20260914,1,20260915,1,20260916,1,20260917,1,20260918,1,20260921,1,20260922,1,20260923,1,20260924,1,20260925,1,20260928,1,20260929,1,20261001,1,20261002,1,20261005,1,20261006,1,20261007,1,20261008,1,20261009,1,20261013,1,20261014,1,20261015,1,20261016,1,20261019,1,20261020,1,20261021,1,20261022,1,20261023,1,20261026,1,20261027,1,20261028,1,20261029,1,20261030,1,20261102,1,20261103,1,20261104,1,20261105,1,20261106,1,20261109,1,20261110,1,20261112,1,20261113,1,20261116,1,20261117,1,20261118,1,20261119,1,20261120,1,20261123,1,20261124,1,20261125,1,20261126,1,20261127,1,20261130,1,20261201,1,20261202,1,20261203,1,20261204,1,20261207,1,20261208,1,20261209,1,20261210,1,20261211,1,20261214,1,20261215,1,20261216,1,20261217,1,20261218,1
'1179021',20260902,1,20260903,1,20260904,1,20260908,1,20260909,1,20260910,1,20260911,1,20260914,1,20260915,1,20260916,1,20260917,1,20260918,1,20260921,1,20260922,1,20260923,1,20260924,1,20260925,1,20260928,1,20260929,1,20261001,1,20261002,1,20261005,1,20261006,1,20261007,1,20261008,1,20261009,1,20261013,1,20261014,1,20261015,1,20261016,1,20261019,1,20261020,1,20261021,1,20261022,1,20261023,1,20261026,1,20261027,1,20261028,1,20261029,1,20261030,1,20261102,1,20261103,1,20261104,1,20261105,1,20261106,1,20261109,1,20261110,1,20261112,1,20261113,1,20261116,1,20261117,1,20261118,1,20261119,1,20261120,1,20261123,1,20261124,1,20261125,1,20261126,1,20261127,1,20261130,1,20261201,1,20261202,1,20261203,1,20261204,1,20261207,1,20261208,1,20261209,1,20261210,1,20261211,1,20261214,1,20261215,1,20261216,1,20261217,1,20261218,1
'1179023',20260906,1,20260913,1,20260920,1,20260927,1,20261004,1,20261011,1,20261018,1,20261025,1,20261101,1,20261108,1,20261115,1,20261122,1,20261129,1,20261206,1,20261213,1
'1179027',20260902,1,20260903,1,20260904,1,20260908,1,20260909,1,20260910,1,20260911,1,20260914,1,20260915,1,20260916,1,20260917,1,20260918,1,20260921,1,20260922,1,20260923,1,20260924,1,20260925,1,20260928,1,20260929,1,20261001,1,20261002,1,20261005,1,20261006,1,20261007,1,20261008,1,20261009,1,20261013,1,20261014,1,20261015,1,20261016,1,20261019,1,20261020,1,20261021,1,20261022,1,20261023,1,20261026,1,20261027,1,20261028,1,20261029,1,20261030,1,20261102,1,20261103,1,20261104,1,20261105,1,20261106,1,20261109,1,20261110,1,20261112,1,20261113,1,20261116,1,20261117,1,20261118,1,20261119,1,20261120,1,20261123,1,20261124,1,20261125,1,20261126,1,20261127,1,20261130,1,20261201,1,20261202,1,20261203,1,20261204,1,20261207,1,20261208,1,20261209,1,20261210,1,20261211,1,20261214,1,20261215,1,20261216,1,20261217,1,20261218,1
'1179028',20260906,1,20260913,1,20260920,1,20260927,1,20261004,1,20261011,1,20261018,1,20261025,1,20261101,1,20261108,1,20261115,1,20261122,1,20261129,1,20261206,1,20261213,1
'1179029',20260905,1,20260912,1,20260919,1,20260926,1,20260930,1,20261003,1,20261010,1,20261017,1,20261024,1,20261031,1,20261107,1,20261114,1,20261121,1,20261128,1,20261205,1,20261212,1,20261219,1
'1179031',20260906,1,20260913,1,20260920,1,20260927,1,20261004,1,20261011,1,20261018,1,20261025,1,20261101,1,20261108,1,20261115,1,20261122,1,20261129,1,20261206,1,20261213,1
'1179032',20260906,1,20260913,1,20260920,1,20260927,1,20261004,1,20261011,1,20261018,1,20261025,1,20261101,1,20261108,1,20261115,1,20261122,1,20261129,1,20261206,1,20261213,1
'1179037',20260902,1,20260903,1,20260904,1,20260908,1,20260909,1,20260910,1,20260911,1,20260914,1,20260915,1,20260916,1,20260917,1,20260918,1,20260921,1,20260922,1,20260923,1,20260924,1,20260925,1,20260928,1,20260929,1,20261001,1,20261002,1,20261005,1,20261006,1,20261007,1,20261008,1,20261009,1,20261013,1,20261014,1,20261015,1,20261016,1,20261019,1,20261020,1,20261021,1,20261022,1,20261023,1,20261026,1,20261027,1,20261028,1,20261029,1,20261030,1,20261102,1,20261103,1,20261104,1,20261105,1,20261106,1,20261109,1,20261110,1,20261112,1,20261113,1,20261116,1,20261117,1,20261118,1,20261119,1,20261120,1,20261123,1,20261124,1,20261125,1,20261126,1,20261127,1,20261130,1,20261201,1,20261202,1,20261203,1,20261204,1,20261207,1,20261208,1,20261209,1,20261210,1,20261211,1,20261214,1,20261215,1,20261216,1,20261217,1,20261218,1
'1179040',20260902,1,20260903,1,20260904,1,20260908,1,20260909,1,20260910,1,20260911,1,20260914,1,20260915,1,20260916,1,20260917,1,20260918,1,20260921,1,20260922,1,20260923,1,20260924,1,20260925,1,20260928,1,20260929,1,20261001,1,20261002,1,20261005,1,20261006,1,20261007,1,20261008,1,20261009,1,20261013,1,20261014,1,20261015,1,20261016,1,20261019,1,20261020,1,20261021,1,20261022,1,20261023,1,20261026,1,20261027,1,20261028,1,20261029,1,20261030,1,20261102,1,20261103,1,20261104,1,20261105,1,20261106,1,20261109,1,20261110,1,20261112,1,20261113,1,20261116,1,20261117,1,20261118,1,20261119,1,20261120,1,20261123,1,20261124,1,20261125,1,20261126,1,20261127,1,20261130,1,20261201,1,20261202,1,20261203,1,20261204,1,20261207,1,20261208,1,20261209,1,20261210,1,20261211,1,20261214,1,20261215,1,20261216,1,20261217,1,20261218,1
'1179044',20260906,1,20260913,1,20260920,1,20260927,1,20261004,1,20261011,1,20261018,1,20261025,1,20261101,1,20261108,1,20261115,1,20261122,1,20261129,1,20261206,1,20261213,1
'1179046',20260902,1,20260903,1,20260904,1,20260908,1,20260909,1,20260910,1,20260911,1,20260914,1,20260915,1,20260916,1,20260917,1,20260918,1,20260921,1,20260922,1,20260923,1,20260924,1,20260925,1,20260928,1,20260929,1,20261001,1,20261002,1,20261005,1,20261006,1,20261007,1,20261008,1,20261009,1,20261013,1,20261014,1,20261015,1,20261016,1,20261019,1,20261020,1,20261021,1,20261022,1,20261023,1,20261026,1,20261027,1,20261028,1,20261029,1,20261030,1,20261102,1,20261103,1,20261104,1,20261105,1,20261106,1,20261109,1,20261110,1,20261112,1,20261113,1,20261116,1,20261117,1,20261118,1,20261119,1,20261120,1,20261123,1,20261124,1,20261125,1,20261126,1,20261127,1,20261130,1,20261201,1,20261202,1,20261203,1,20261204,1,20261207,1,20261208,1,20261209,1,20261210,1,20261211,1,20261214,1,20261215,1,20261216,1,20261217,1,20261218,1
'1179048',20260902,1,20260903,1,20260904,1,20260908,1,20260909,1,20260910,1,20260911,1,20260914,1,20260915,1,20260916,1,20260917,1,20260918,1,20260921,1,20260922,1,20260923,1,20260924,1,20260925,1,20260928,1,20260929,1,20261001,1,20261002,1,20261005,1,20261006,1,20261007,1,20261008,1,20261009,1,20261013,1,20261014,1,20261015,1,20261016,1,20261019,1,20261020,1,20261021,1,20261022,1,20261023,1,20261026,1,20261027,1,20261028,1,20261029,1,20261030,1,20261102,1,20261103,1,20261104,1,20261105,1,20261106,1,20261109,1,20261110,1,20261112,1,20261113,1,20261116,1,20261117,1,20261118,1,20261119,1,20261120,1,20261123,1,20261124,1,20261125,1,20261126,1,20261127,1,20261130,1,20261201,1,20261202,1,20261203,1,20261204,1,20261207,1,20261208,1,20261209,1,20261210,1,20261211,1,20261214,1,20261215,1,20261216,1,20261217,1,20261218,1
'1179049',20260902,1,20260903,1,20260904,1,20260908,1,20260909,1,20260910,1,20260911,1,20260914,1,20260915,1,20260916,1,20260917,1,20260918,1,20260921,1,20260922,1,20260923,1,20260924,1,20260925,1,20260928,1,20260929,1,20261001,1,20261002,1,20261005,1,20261006,1,20261007,1,20261008,1,20261009,1,20261013,1,20261014,1,20261015,1,20261016,1,20261019,1,20261020,1,20261021,1,20261022,1,20261023,1,20261026,1,20261027,1,20261028,1,20261029,1,20261030,1,20261102,1,20261103,1,20261104,1,20261105,1,20261106,1,20261109,1,20261110,1,20261112,1,20261113,1,20261116,1,20261117,1,20261118,1,20261119,1,20261120,1,20261123,1,20261124,1,20261125,1,20261126,1,20261127,1,20261130,1,20261201,1,20261202,1,20261203,1,20261204,1,20261207,1,20261208,1,20261209,1,20261210,1,20261211,1,20261214,1,20261215,1,20261216,1,20261217,1,20261218,1
'1179050',20260905,1,20260912,1,20260919,1,20260926,1,20260930,1,20261003,1,20261010,1,20261017,1,20261024,1,20261031,1,20261107,1,20261114,1,20261121,1,20261128,1,20261205,1,20261212,1,20261219,1
'1179052',20260905,1,20260912,1,20260919,1,20260926,1,20260930,1,20261003,1,20261010,1,20261017,1,20261024,1,20261031,1,20261107,1,20261114,1,20261121,1,20261128,1,20261205,1,20261212,1,20261219,1
'1179053',20260906,1,20260913,1,20260920,1,20260927,1,20261004,1,20261011,1,20261018,1,20261025,1,20261101,1,20261108,1,20261115,1,20261122,1,20261129,1,20261206,1,20261213,1
'1179055',20260906,1,20260913,1,20260920,1,20260927,1,20261004,1,20261011,1,20261018,1,20261025,1,20261101,1,20261108,1,20261115,1,20261122,1,20261129,1,20261206,1,20261213,1
'1179056',20260906,1,20260913,1,20260920,1,20260927,1,20261004,1,20261011,1,20261018,1,20261025,1,20261101,1,20261108,1,20261115,1,20261122,1,20261129,1,20261206,1,20261213,1
'1179062',20260902,1,20260903,1,20260904,1,20260908,1,20260909,1,20260910,1,20260911,1,20260914,1,20260915,1,20260916,1,20260917,1,20260918,1,20260921,1,20260922,1,20260923,1,20260924,1,20260925,1,20260928,1,20260929,1,20261001,1,20261002,1,20261005,1,20261006,1,20261007,1,20261008,1,20261009,1,20261013,1,20261014,1,20261015,1,20261016,1,20261019,1,20261020,1,20261021,1,20261022,1,20261023,1,20261026,1,20261027,1,20261028,1,20261029,1,20261030,1,20261102,1,20261103,1,20261104,1,20261105,1,20261106,1,20261109,1,20261110,1,20261112,1,20261113,1,20261116,1,20261117,1,20261118,1,20261119,1,20261120,1,20261123,1,20261124,1,20261125,1,20261126,1,20261127,1,20261130,1,20261201,1,20261202,1,20261203,1,20261204,1,20261207,1,20261208,1,20261209,1,20261210,1,20261211,1,20261214,1,20261215,1,20261216,1,20261217,1,20261218,1
'1179063',20260905,1,20260912,1,20260919,1,20260926,1,20260930,1,20261003,1,20261010,1,20261017,1,20261024,1,20261031,1,20261107,1,20261114,1,20261121,1,20261128,1,20261205,1,20261212,1,20261219,1
'1179064',20260902,1,20260903,1,20260904,1,20260908,1,20260909,1,20260910,1,20260911,1,20260914,1,20260915,1,20260916,1,20260917,1,20260918,1,20260921,1,20260922,1,20260923,1,20260924,1,20260925,1,20260928,1,20260929,1,20261001,1,20261002,1,20261005,1,20261006,1,20261007,1,20261008,1,20261009,1,20261013,1,20261014,1,20261015,1,20261016,1,20261019,1,20261020,1,20261021,1,20261022,1,20261023,1,20261026,1,20261027,1,20261028,1,20261029,1,20261030,1,20261102,1,20261103,1,20261104,1,20261105,1,20261106,1,20261109,1,20261110,1,20261112,1,20261113,1,20261116,1,20261117,1,20261118,1,20261119,1,20261120,1,20261123,1,20261124,1,20261125,1,20261126,1,20261127,1,20261130,1,20261201,1,20261202,1,20261203,1,20261204,1,20261207,1,20261208,1,20261209,1,20261210,1,20261211,1,20261214,1,20261215,1,20261216,1,20261217,1,20261218,1
'1179067',20260906,1,20260913,1,20260920,1,20260927,1,20261004,1,20261011,1,20261018,1,20261025,1,20261101,1,20261108,1,20261115,1,20261122,1,20261129,1,20261206,1,20261213,1
'1179069',20260906,1,20260913,1,20260920,1,20260927,1,20261004,1,20261011,1,20261018,1,20261025,1,20261101,1,20261108,1,20261115,1,20261122,1,20261129,1,20261206,1,20261213,1
'1179070',20260902,1,20260903,1,20260904,1,20260908,1,20260909,1,20260910,1,20260911,1,20260914,1,20260915,1,20260916,1,20260917,1,20260918,1,20260921,1,20260922,1,20260923,1,20260924,1,20260925,1,20260928,1,20260929,1,20261001,1,20261002,1,20261005,1,20261006,1,20261007,1,20261008,1,20261009,1,20261013,1,20261014,1,20261015,1,20261016,1,20261019,1,20261020,1,20261021,1,20261022,1,20261023,1,20261026,1,20261027,1,20261028,1,20261029,1,20261030,1,20261102,1,20261103,1,20261104,1,20261105,1,20261106,1,20261109,1,20261110,1,20261112,1,20261113,1,20261116,1,20261117,1,20261118,1,20261119,1,20261120,1,20261123,1,20261124,1,20261125,1,20261126,1,20261127,1,20261130,1,20261201,1,20261202,1,20261203,1,20261204,1,20261207,1,20261208,1,20261209,1,20261210,1,20261211,1,20261214,1,20261215,1,20261216,1,20261217,1,20261218,1
'1179074',20260902,1,20260903,1,20260904,1,20260908,1,20260909,1,20260910,1,20260911,1,20260914,1,20260915,1,20260916,1,20260917,1,20260918,1,20260921,1,20260922,1,20260923,1,20260924,1,20260925,1,20260928,1,20260929,1,20261001,1,20261002,1,20261005,1,20261006,1,20261007,1,20261008,1,20261009,1,20261013,1,20261014,1,20261015,1,20261016,1,20261019,1,20261020,1,20261021,1,20261022,1,20261023,1,20261026,1,20261027,1,20261028,1,20261029,1,20261030,1,20261102,1,20261103,1,20261104,1,20261105,1,20261106,1,20261109,1,20261110,1,20261112,1,20261113,1,20261116,1,20261117,1,20261118,1,20261119,1,20261120,1,20261123,1,20261124,1,20261125,1,20261126,1,20261127,1,20261130,1,20261201,1,20261202,1,20261203,1,20261204,1,20261207,1,20261208,1,20261209,1,20261210,1,20261211,1,20261214,1,20261215,1,20261216,1,20261217,1,20261218,1
'1179075',20260902,1,20260903,1,20260904,1,20260908,1,20260909,1,20260910,1,20260911,1,20260914,1,20260915,1,20260916,1,20260917,1,20260918,1,20260921,1,20260922,1,20260923,1,20260924,1,20260925,1,20260928,1,20260929,1,20261001,1,20261002,1,20261005,1,20261006,1,20261007,1,20261008,1,20261009,1,20261013,1,20261014,1,20261015,1,20261016,1,20261019,1,20261020,1,20261021,1,20261022,1,20261023,1,20261026,1,20261027,1,20261028,1,20261029,1,20261030,1,20261102,1,20261103,1,20261104,1,20261105,1,20261106,1,20261109,1,20261110,1,20261112,1,20261113,1,20261116,1,20261117,1,20261118,1,20261119,1,20261120,1,20261123,1,20261124,1,20261125,1,20261126,1,20261127,1,20261130,1,20261201,1,20261202,1,20261203,1,20261204,1,20261207,1,20261208,1,20261209,1,20261210,1,20261211,1,20261214,1,20261215,1,20261216,1,20261217,1,20261218,1
'1179079',20260902,1,20260903,1,20260904,1,20260908,1,20260909,1,20260910,1,20260911,1,20260914,1,20260915,1,20260916,1,20260917,1,20260918,1,20260921,1,20260922,1,20260923,1,20260924,1,20260925,1,20260928,1,20260929,1,20261001,1,20261002,1,20261005,1,20261006,1,20261007,1,20261008,1,20261009,1,20261013,1,20261014,1,20261015,1,20261016,1,20261019,1,20261020,1,20261021,1,20261022,1,20261023,1,20261026,1,20261027,1,20261028,1,20261029,1,20261030,1,20261102,1,20261103,1,20261104,1,20261105,1,20261106,1,20261109,1,20261110,1,20261112,1,20261113,1,20261116,1,20261117,1,20261118,1,20261119,1,20261120,1,20261123,1,20261124,1,20261125,1,20261126,1,20261127,1,20261130,1,20261201,1,20261202,1,20261203,1,20261204,1,20261207,1,20261208,1,20261209,1,20261210,1,20261211,1,20261214,1,20261215,1,20261216,1,20261217,1,20261218,1
'1179080',20260905,1,20260912,1,20260919,1,20260926,1,20260930,1,20261003,1,20261010,1,20261017,1,20261024,1,20261031,1,20261107,1,20261114,1,20261121,1,20261128,1,20261205,1,20261212,1,20261219,1
'1179082',20260902,1,20260903,1,20260904,1,20260908,1,20260909,1,20260910,1,20260911,1,20260914,1,20260915,1,20260916,1,20260917,1,20260918,1,20260921,1,20260922,1,20260923,1,20260924,1,20260925,1,20260928,1,20260929,1,20261001,1,20261002,1,20261005,1,20261006,1,20261007,1,20261008,1,20261009,1,20261013,1,20261014,1,20261015,1,20261016,1,20261019,1,20261020,1,20261021,1,20261022,1,20261023,1,20261026,1,20261027,1,20261028,1,20261029,1,20261030,1,20261102,1,20261103,1,20261104,1,20261105,1,20261106,1,20261109,1,20261110,1,20261112,1,20261113,1,20261116,1,20261117,1,20261118,1,20261119,1,20261120,1,20261123,1,20261124,1,20261125,1,20261126,1,20261127,1,20261130,1,20261201,1,20261202,1,20261203,1,20261204,1,20261207,1,20261208,1,20261209,1,20261210,1,20261211,1,20261214,1,20261215,1,20261216,1,20261217,1,20261218,1
'1179083',20260902,1,20260903,1,20260904,1,20260908,1,20260909,1,20260910,1,20260911,1,20260914,1,20260915,1,20260916,1,20260917,1,20260918,1,20260921,1,20260922,1,20260923,1,20260924,1,20260925,1,20260928,1,20260929,1,20261001,1,20261002,1,20261005,1,20261006,1,20261007,1,20261008,1,20261009,1,20261013,1,20261014,1,20261015,1,20261016,1,20261019,1,20261020,1,20261021,1,20261022,1,20261023,1,20261026,1,20261027,1,20261028,1,20261029,1,20261030,1,20261102,1,20261103,1,20261104,1,20261105,1,20261106,1,20261109,1,20261110,1,20261112,1,20261113,1,20261116,1,20261117,1,20261118,1,20261119,1,20261120,1,20261123,1,20261124,1,20261125,1,20261126,1,20261127,1,20261130,1,20261201,1,20261202,1,20261203,1,20261204,1,20261207,1,20261208,1,20261209,1,20261210,1,20261211,1,20261214,1,20261215,1,20261216,1,20261217,1,20261218,1
'1179084',20260902,1,20260903,1,20260904,1,20260908,1,20260909,1,20260910,1,20260911,1,20260914,1,20260915,1,20260916,1,20260917,1,20260918,1,20260921,1,20260922,1,20260923,1,20260924,1,20260925,1,20260928,1,20260929,1,20261001,1,20261002,1,20261005,1,20261006,1,20261007,1,20261008,1,20261009,1,20261013,1,20261014,1,20261015,1,20261016,1,20261019,1,20261020,1,20261021,1,20261022,1,20261023,1,20261026,1,20261027,1,20261028,1,20261029,1,20261030,1,20261102,1,20261103,1,20261104,1,20261105,1,20261106,1,20261109,1,20261110,1,20261112,1,20261113,1,20261116,1,20261117,1,20261118,1,20261119,1,20261120,1,20261123,1,20261124,1,20261125,1,20261126,1,20261127,1,20261130,1,20261201,1,20261202,1,20261203,1,20261204,1,20261207,1,20261208,1,20261209,1,20261210,1,20261211,1,20261214,1,20261215,1,20261216,1,20261217,1,20261218,1
'1179087',20260902,1,20260903,1,20260904,1,20260908,1,20260909,1,20260910,1,20260911,1,20260914,1,20260915,1,20260916,1,20260917,1,20260918,1,20260921,1,20260922,1,20260923,1,20260924,1,20260925,1,20260928,1,20260929,1,20261001,1,20261002,1,20261005,1,20261006,1,20261007,1,20261008,1,20261009,1,20261013,1,20261014,1,20261015,1,20261016,1,20261019,1,20261020,1,20261021,1,20261022,1,20261023,1,20261026,1,20261027,1,20261028,1,20261029,1,20261030,1,20261102,1,20261103,1,20261104,1,20261105,1,20261106,1,20261109,1,20261110,1,20261112,1,20261113,1,20261116,1,20261117,1,20261118,1,20261119,1,20261120,1,20261123,1,20261124,1,20261125,1,20261126,1,20261127,1,20261130,1,20261201,1,20261202,1,20261203,1,20261204,1,20261207,1,20261208,1,20261209,1,20261210,1,20261211,1,20261214,1,20261215,1,20261216,1,20261217,1,20261218,1
'1179093',20260906,1,20260913,1,20260920,1,20260927,1,20261004,1,20261011,1,20261018,1,20261025,1,20261101,1,20261108,1,20261115,1,20261122,1,20261129,1,20261206,1,20261213,1
'1179098',20260906,1,20260913,1,20260920,1,20260927,1,20261004,1,20261011,1,20261018,1,20261025,1,20261101,1,20261108,1,20261115,1,20261122,1,20261129,1,20261206,1,20261213,1
'1179099',20260906,1,20260913,1,20260920,1,20260927,1,20261004,1,20261011,1,20261018,1,20261025,1,20261101,1,20261108,1,20261115,1,20261122,1,20261129,1,20261206,1,20261213,1
'1179102',20260905,1,20260912,1,20260919,1,20260926,1,20260930,1,20261003,1,20261010,1,20261017,1,20261024,1,20261031,1,20261107,1,20261114,1,20261121,1,20261128,1,20261205,1,20261212,1,20261219,1
'1179103',20260905,1,20260912,1,20260919,1,20260926,1,20260930,1,20261003,1,20261010,1,20261017,1,20261024,1,20261031,1,20261107,1,20261114,1,20261121,1,20261128,1,20261205,1,20261212,1,20261219,1
'1179104',20260902,1,20260903,1,20260904,1,20260908,1,20260909,1,20260910,1,20260911,1,20260914,1,20260915,1,20260916,1,20260917,1,20260918,1,20260921,1,20260922,1,20260923,1,20260924,1,20260925,1,20260928,1,20260929,1,20261001,1,20261002,1,20261005,1,20261006,1,20261007,1,20261008,1,20261009,1,20261013,1,20261014,1,20261015,1,20261016,1,20261019,1,20261020,1,20261021,1,20261022,1,20261023,1,20261026,1,20261027,1,20261028,1,20261029,1,20261030,1,20261102,1,20261103,1,20261104,1,20261105,1,20261106,1,20261109,1,20261110,1,20261112,1,20261113,1,20261116,1,20261117,1,20261118,1,20261119,1,20261120,1,20261123,1,20261124,1,20261125,1,20261126,1,20261127,1,20261130,1,20261201,1,20261202,1,20261203,1,20261204,1,20261207,1,20261208,1,20261209,1,20261210,1,20261211,1,20261214,1,20261215,1,20261216,1,20261217,1,20261218,1
'1179105',20260906,1,20260913,1,20260920,1,20260927,1,20261004,1,20261011,1,20261018,1,20261025,1,20261101,1,20261108,1,20261115,1,20261122,1,20261129,1,20261206,1,20261213,1
'1179108',20260906,1,20260913,1,20260920,1,20260927,1,20261004,1,20261011,1,20261018,1,20261025,1,20261101,1,20261108,1,20261115,1,20261122,1,20261129,1,20261206,1,20261213,1
'1179111',20260902,1,20260903,1,20260904,1,20260908,1,20260909,1,20260910,1,20260911,1,20260914,1,20260915,1,20260916,1,20260917,1,20260918,1,20260921,1,20260922,1,20260923,1,20260924,1,20260925,1,20260928,1,20260929,1,20261001,1,20261002,1,20261005,1,20261006,1,20261007,1,20261008,1,20261009,1,20261013,1,20261014,1,20261015,1,20261016,1,20261019,1,20261020,1,20261021,1,20261022,1,20261023,1,20261026,1,20261027,1,20261028,1,20261029,1,20261030,1,20261102,1,20261103,1,20261104,1,20261105,1,20261106,1,20261109,1,20261110,1,20261112,1,20261113,1,20261116,1,20261117,1,20261118,1,20261119,1,20261120,1,20261123,1,20261124,1,20261125,1,20261126,1,20261127,1,20261130,1,20261201,1,20261202,1,20261203,1,20261204,1,20261207,1,20261208,1,20261209,1,20261210,1,20261211,1,20261214,1,20261215,1,20261216,1,20261217,1,20261218,1
'1179114',20260906,1,20260913,1,20260920,1,20260927,1,20261004,1,20261011,1,20261018,1,20261025,1,20261101,1,20261108,1,20261115,1,20261122,1,20261129,1,20261206,1,20261213,1
'1179116',20260902,1,20260903,1,20260904,1,20260908,1,20260909,1,20260910,1,20260911,1,20260914,1,20260915,1,20260916,1,20260917,1,20260918,1,20260921,1,20260922,1,20260923,1,20260924,1,20260925,1,20260928,1,20260929,1,20261001,1,20261002,1,20261005,1,20261006,1,20261007,1,20261008,1,20261009,1,20261013,1,20261014,1,20261015,1,20261016,1,20261019,1,20261020,1,20261021,1,20261022,1,20261023,1,20261026,1,20261027,1,20261028,1,20261029,1,20261030,1,20261102,1,20261103,1,20261104,1,20261105,1,20261106,1,20261109,1,20261110,1,20261112,1,20261113,1,20261116,1,20261117,1,20261118,1,20261119,1,20261120,1,20261123,1,20261124,1,20261125,1,20261126,1,20261127,1,20261130,1,20261201,1,20261202,1,20261203,1,20261204,1,20261207,1,20261208,1,20261209,1,20261210,1,20261211,1,20261214,1,20261215,1,20261216,1,20261217,1,20261218,1
'1179117',20260906,1,20260913,1,20260920,1,20260927,1,20261004,1,20261011,1,20261018,1,20261025,1,20261101,1,20261108,1,20261115,1,20261122,1,20261129,1,20261206,1,20261213,1
'1179118',20260906,1,20260913,1,20260920,1,20260927,1,20261004,1,20261011,1,20261018,1,20261025,1,20261101,1,20261108,1,20261115,1,20261122,1,20261129,1,20261206,1,20261213,1
'1179120',20260906,1,20260913,1,20260920,1,20260927,1,20261004,1,20261011,1,20261018,1,20261025,1,20261101,1,20261108,1,20261115,1,20261122,1,20261129,1,20261206,1,20261213,1
'1179122',20260902,1,20260903,1,20260904,1,20260908,1,20260909,1,20260910,1,20260911,1,20260914,1,20260915,1,20260916,1,20260917,1,20260918,1,20260921,1,20260922,1,20260923,1,20260924,1,20260925,1,20260928,1,20260929,1,20261001,1,20261002,1,20261005,1,20261006,1,20261007,1,20261008,1,20261009,1,20261013,1,20261014,1,20261015,1,20261016,1,20261019,1,20261020,1,20261021,1,20261022,1,20261023,1,20261026,1,20261027,1,20261028,1,20261029,1,20261030,1,20261102,1,20261103,1,20261104,1,20261105,1,20261106,1,20261109,1,20261110,1,20261112,1,20261113,1,20261116,1,20261117,1,20261118,1,20261119,1,20261120,1,20261123,1,20261124,1,20261125,1,20261126,1,20261127,1,20261130,1,20261201,1,20261202,1,20261203,1,20261204,1,20261207,1,20261208,1,20261209,1,20261210,1,20261211,1,20261214,1,20261215,1,20261216,1,20261217,1,20261218,1
'1179123',20260905,1,20260912,1,20260919,1,20260926,1,20260930,1,20261003,1,20261010,1,20261017,1,20261024,1,20261031,1,20261107,1,20261114,1,20261121,1,20261128,1,20261205,1,20261212,1,20261219,1
'1179131',20260902,1,20260903,1,20260904,1,20260908,1,20260909,1,20260910,1,20260911,1,20260914,1,20260915,1,20260916,1,20260917,1,20260918,1,20260921,1,20260922,1,20260923,1,20260924,1,20260925,1,20260928,1,20260929,1,20261001,1,20261002,1,20261005,1,20261006,1,20261007,1,20261008,1,20261009,1,20261013,1,20261014,1,20261015,1,20261016,1,20261019,1,20261020,1,20261021,1,20261022,1,20261023,1,20261026,1,20261027,1,20261028,1,20261029,1,20261030,1,20261102,1,20261103,1,20261104,1,20261105,1,20261106,1,20261109,1,20261110,1,20261112,1,20261113,1,20261116,1,20261117,1,20261118,1,20261119,1,20261120,1,20261123,1,20261124,1,20261125,1,20261126,1,20261127,1,20261130,1,20261201,1,20261202,1,20261203,1,20261204,1,20261207,1,20261208,1,20261209,1,20261210,1,20261211,1,20261214,1,20261215,1,20261216,1,20261217,1,20261218,1
'1179137',20260906,1,20260913,1,20260920,1,20260927,1,20261004,1,20261011,1,20261018,1,20261025,1,20261101,1,20261108,1,20261115,1,20261122,1,20261129,1,20261206,1,20261213,1
'1179140',20260902,1,20260903,1,20260904,1,20260908,1,20260909,1,20260910,1,20260911,1,20260914,1,20260915,1,20260916,1,20260917,1,20260918,1,20260921,1,20260922,1,20260923,1,20260924,1,20260925,1,20260928,1,20260929,1,20261001,1,20261002,1,20261005,1,20261006,1,20261007,1,20261008,1,20261009,1,20261013,1,20261014,1,20261015,1,20261016,1,20261019,1,20261020,1,20261021,1,20261022,1,20261023,1,20261026,1,20261027,1,20261028,1,20261029,1,20261030,1,20261102,1,20261103,1,20261104,1,20261105,1,20261106,1,20261109,1,20261110,1,20261112,1,20261113,1,20261116,1,20261117,1,20261118,1,20261119,1,20261120,1,20261123,1,20261124,1,20261125,1,20261126,1,20261127,1,20261130,1,20261201,1,20261202,1,20261203,1,20261204,1,20261207,1,20261208,1,20261209,1,20261210,1,20261211,1,20261214,1,20261215,1,20261216,1,20261217,1,20261218,1
'1179143',20260902,1,20260903,1,20260904,1,20260908,1,20260909,1,20260910,1,20260911,1,20260914,1,20260915,1,20260916,1,20260917,1,20260918,1,20260921,1,20260922,1,20260923,1,20260924,1,20260925,1,20260928,1,20260929,1,20261001,1,20261002,1,20261005,1,20261006,1,20261007,1,20261008,1,20261009,1,20261013,1,20261014,1,20261015,1,20261016,1,20261019,1,20261020,1,20261021,1,20261022,1,20261023,1,20261026,1,20261027,1,20261028,1,20261029,1,20261030,1,20261102,1,20261103,1,20261104,1,20261105,1,20261106,1,20261109,1,20261110,1,20261112,1,20261113,1,20261116,1,20261117,1,20261118,1,20261119,1,20261120,1,20261123,1,20261124,1,20261125,1,20261126,1,20261127,1,20261130,1,20261201,1,20261202,1,20261203,1,20261204,1,20261207,1,20261208,1,20261209,1,20261210,1,20261211,1,20261214,1,20261215,1,20261216,1,20261217,1,20261218,1
'1179145',20260902,1,20260903,1,20260904,1,20260908,1,20260909,1,20260910,1,20260911,1,20260914,1,20260915,1,20260916,1,20260917,1,20260918,1,20260921,1,20260922,1,20260923,1,20260924,1,20260925,1,20260928,1,20260929,1,20261001,1,20261002,1,20261005,1,20261006,1,20261007,1,20261008,1,20261009,1,20261013,1,20261014,1,20261015,1,20261016,1,20261019,1,20261020,1,20261021,1,20261022,1,20261023,1,20261026,1,20261027,1,20261028,1,20261029,1,20261030,1,20261102,1,20261103,1,20261104,1,20261105,1,20261106,1,20261109,1,20261110,1,20261112,1,20261113,1,20261116,1,20261117,1,20261118,1,20261119,1,20261120,1,20261123,1,20261124,1,20261125,1,20261126,1,20261127,1,20261130,1,20261201,1,20261202,1,20261203,1,20261204,1,20261207,1,20261208,1,20261209,1,20261210,1,20261211,1,20261214,1,20261215,1,20261216,1,20261217,1,20261218,1
'1179146',20260902,1,20260903,1,20260904,1,20260908,1,20260909,1,20260910,1,20260911,1,20260914,1,20260915,1,20260916,1,20260917,1,20260918,1,20260921,1,20260922,1,20260923,1,20260924,1,20260925,1,20260928,1,20260929,1,20261001,1,20261002,1,20261005,1,20261006,1,20261007,1,20261008,1,20261009,1,20261013,1,20261014,1,20261015,1,20261016,1,20261019,1,20261020,1,20261021,1,20261022,1,20261023,1,20261026,1,20261027,1,20261028,1,20261029,1,20261030,1,20261102,1,20261103,1,20261104,1,20261105,1,20261106,1,20261109,1,20261110,1,20261112,1,20261113,1,20261116,1,20261117,1,20261118,1,20261119,1,20261120,1,20261123,1,20261124,1,20261125,1,20261126,1,20261127,1,20261130,1,20261201,1,20261202,1,20261203,1,20261204,1,20261207,1,20261208,1,20261209,1,20261210,1,20261211,1,20261214,1,20261215,1,20261216,1,20261217,1,20261218,1
'1179147',20260902,1,20260903,1,20260904,1,20260908,1,20260909,1,20260910,1,20260911,1,20260914,1,20260915,1,20260916,1,20260917,1,20260918,1,20260921,1,20260922,1,20260923,1,20260924,1,20260925,1,20260928,1,20260929,1,20261001,1,20261002,1,20261005,1,20261006,1,20261007,1,20261008,1,20261009,1,20261013,1,20261014,1,20261015,1,20261016,1,20261019,1,20261020,1,20261021,1,20261022,1,20261023,1,20261026,1,20261027,1,20261028,1,20261029,1,20261030,1,20261102,1,20261103,1,20261104,1,20261105,1,20261106,1,20261109,1,20261110,1,20261112,1,20261113,1,20261116,1,20261117,1,20261118,1,20261119,1,20261120,1,20261123,1,20261124,1,20261125,1,20261126,1,20261127,1,20261130,1,20261201,1,20261202,1,20261203,1,20261204,1,20261207,1,20261208,1,20261209,1,20261210,1,20261211,1,20261214,1,20261215,1,20261216,1,20261217,1,20261218,1
'1179149',20260906,1,20260913,1,20260920,1,20260927,1,20261004,1,20261011,1,20261018,1,20261025,1,20261101,1,20261108,1,20261115,1,20261122,1,20261129,1,20261206,1,20261213,1
'1179150',20260906,1,20260913,1,20260920,1,20260927,1,20261004,1,20261011,1,20261018,1,20261025,1,20261101,1,20261108,1,20261115,1,20261122,1,20261129,1,20261206,1,20261213,1
'1179153',20260906,1,20260913,1,20260920,1,20260927,1,20261004,1,20261011,1,20261018,1,20261025,1,20261101,1,20261108,1,20261115,1,20261122,1,20261129,1,20261206,1,20261213,1
'1179154',20260902,1,20260903,1,20260904,1,20260908,1,20260909,1,20260910,1,20260911,1,20260914,1,20260915,1,20260916,1,20260917,1,20260918,1,20260921,1,20260922,1,20260923,1,20260924,1,20260925,1,20260928,1,20260929,1,20261001,1,20261002,1,20261005,1,20261006,1,20261007,1,20261008,1,20261009,1,20261013,1,20261014,1,20261015,1,20261016,1,20261019,1,20261020,1,20261021,1,20261022,1,20261023,1,20261026,1,20261027,1,20261028,1,20261029,1,20261030,1,20261102,1,20261103,1,20261104,1,20261105,1,20261106,1,20261109,1,20261110,1,20261112,1,20261113,1,20261116,1,20261117,1,20261118,1,20261119,1,20261120,1,20261123,1,20261124,1,20261125,1,20261126,1,20261127,1,20261130,1,20261201,1,20261202,1,20261203,1,20261204,1,20261207,1,20261208,1,20261209,1,20261210,1,20261211,1,20261214,1,20261215,1,20261216,1,20261217,1,20261218,1
'1179157',20260902,1,20260903,1,20260904,1,20260908,1,20260909,1,20260910,1,20260911,1,20260914,1,20260915,1,20260916,1,20260917,1,20260918,1,20260921,1,20260922,1,20260923,1,20260924,1,20260925,1,20260928,1,20260929,1,20261001,1,20261002,1,20261005,1,20261006,1,20261007,1,20261008,1,20261009,1,20261013,1,20261014,1,20261015,1,20261016,1,20261019,1,20261020,1,20261021,1,20261022,1,20261023,1,20261026,1,20261027,1,20261028,1,20261029,1,20261030,1,20261102,1,20261103,1,20261104,1,20261105,1,20261106,1,20261109,1,20261110,1,20261112,1,20261113,1,20261116,1,20261117,1,20261118,1,20261119,1,20261120,1,20261123,1,20261124,1,20261125,1,20261126,1,20261127,1,20261130,1,20261201,1,20261202,1,20261203,1,20261204,1,20261207,1,20261208,1,20261209,1,20261210,1,20261211,1,20261214,1,20261215,1,20261216,1,20261217,1,20261218,1
'1179159',20260905,1,20260912,1,20260919,1,20260926,1,20260930,1,20261003,1,20261010,1,20261017,1,20261024,1,20261031,1,20261107,1,20261114,1,20261121,1,20261128,1,20261205,1,20261212,1,20261219,1
'1179160',20260902,1,20260903,1,20260904,1,20260908,1,20260909,1,20260910,1,20260911,1,20260914,1,20260915,1,20260916,1,20260917,1,20260918,1,20260921,1,20260922,1,20260923,1,20260924,1,20260925,1,20260928,1,20260929,1,20261001,1,20261002,1,20261005,1,20261006,1,20261007,1,20261008,1,20261009,1,20261013,1,20261014,1,20261015,1,20261016,1,20261019,1,20261020,1,20261021,1,20261022,1,20261023,1,20261026,1,20261027,1,20261028,1,20261029,1,20261030,1,20261102,1,20261103,1,20261104,1,20261105,1,20261106,1,20261109,1,20261110,1,20261112,1,20261113,1,20261116,1,20261117,1,20261118,1,20261119,1,20261120,1,20261123,1,20261124,1,20261125,1,20261126,1,20261127,1,20261130,1,20261201,1,20261202,1,20261203,1,20261204,1,20261207,1,20261208,1,20261209,1,20261210,1,20261211,1,20261214,1,20261215,1,20261216,1,20261217,1,20261218,1
'1179162',20260902,1,20260903,1,20260904,1,20260908,1,20260909,1,20260910,1,20260911,1,20260914,1,20260915,1,20260916,1,20260917,1,20260918,1,20260921,1,20260922,1,20260923,1,20260924,1,20260925,1,20260928,1,20260929,1,20261001,1,20261002,1,20261005,1,20261006,1,20261007,1,20261008,1,20261009,1,20261013,1,20261014,1,20261015,1,20261016,1,20261019,1,20261020,1,20261021,1,20261022,1,20261023,1,20261026,1,20261027,1,20261028,1,20261029,1,20261030,1,20261102,1,20261103,1,20261104,1,20261105,1,20261106,1,20261109,1,20261110,1,20261112,1,20261113,1,20261116,1,20261117,1,20261118,1,20261119,1,20261120,1,20261123,1,20261124,1,20261125,1,20261126,1,20261127,1,20261130,1,20261201,1,20261202,1,20261203,1,20261204,1,20261207,1,20261208,1,20261209,1,20261210,1,20261211,1,20261214,1,20261215,1,20261216,1,20261217,1,20261218,1
'1179163',20260905,1,20260912,1,20260919,1,20260926,1,20260930,1,20261003,1,20261010,1,20261017,1,20261024,1,20261031,1,20261107,1,20261114,1,20261121,1,20261128,1,20261205,1,20261212,1,20261219,1
'1179164',20260906,1,20260913,1,20260920,1,20260927,1,20261004,1,20261011,1,20261018,1,20261025,1,20261101,1,20261108,1,20261115,1,20261122,1,20261129,1,20261206,1,20261213,1
'1179167',20260902,1,20260903,1,20260904,1,20260908,1,20260909,1,20260910,1,20260911,1,20260914,1,20260915,1,20260916,1,20260917,1,20260918,1,20260921,1,20260922,1,20260923,1,20260924,1,20260925,1,20260928,1,20260929,1,20261001,1,20261002,1,20261005,1,20261006,1,20261007,1,20261008,1,20261009,1,20261013,1,20261014,1,20261015,1,20261016,1,20261019,1,20261020,1,20261021,1,20261022,1,20261023,1,20261026,1,20261027,1,20261028,1,20261029,1,20261030,1,20261102,1,20261103,1,20261104,1,20261105,1,20261106,1,20261109,1,20261110,1,20261112,1,20261113,1,20261116,1,20261117,1,20261118,1,20261119,1,20261120,1,20261123,1,20261124,1,20261125,1,20261126,1,20261127,1,20261130,1,20261201,1,20261202,1,20261203,1,20261204,1,20261207,1,20261208,1,20261209,1,20261210,1,20261211,1,20261214,1,20261215,1,20261216,1,20261217,1,20261218,1
'1179168',20260906,1,20260913,1,20260920,1,20260927,1,20261004,1,20261011,1,20261018,1,20261025,1,20261101,1,20261108,1,20261115,1,20261122,1,20261129,1,20261206,1,20261213,1
'1179171',20260902,1,20260903,1,20260904,1,20260908,1,20260909,1,20260910,1,20260911,1,20260914,1,20260915,1,20260916,1,20260917,1,20260918,1,20260921,1,20260922,1,20260923,1,20260924,1,20260925,1,20260928,1,20260929,1,20261001,1,20261002,1,20261005,1,20261006,1,20261007,1,20261008,1,20261009,1,20261013,1,20261014,1,20261015,1,20261016,1,20261019,1,20261020,1,20261021,1,20261022,1,20261023,1,20261026,1,20261027,1,20261028,1,20261029,1,20261030,1,20261102,1,20261103,1,20261104,1,20261105,1,20261106,1,20261109,1,20261110,1,20261112,1,20261113,1,20261116,1,20261117,1,20261118,1,20261119,1,20261120,1,20261123,1,20261124,1,20261125,1,20261126,1,20261127,1,20261130,1,20261201,1,20261202,1,20261203,1,20261204,1,20261207,1,20261208,1,20261209,1,20261210,1,20261211,1,20261214,1,20261215,1,20261216,1,20261217,1,20261218,1
'1179173',20260906,1,20260913,1,20260920,1,20260927,1,20261004,1,20261011,1,20261018,1,20261025,1,20261101,1,20261108,1,20261115,1,20261122,1,20261129,1,20261206,1,20261213,1
'1179176',20260906,1,20260913,1,20260920,1,20260927,1,20261004,1,20261011,1,20261018,1,20261025,1,20261101,1,20261108,1,20261115,1,20261122,1,20261129,1,20261206,1,20261213,1
'1179178',20260905,1,20260912,1,20260919,1,20260926,1,20260930,1,20261003,1,20261010,1,20261017,1,20261024,1,20261031,1,20261107,1,20261114,1,20261121,1,20261128,1,20261205,1,20261212,1,20261219,1
'1179179',20260905,1,20260912,1,20260919,1,20260926,1,20260930,1,20261003,1,20261010,1,20261017,1,20261024,1,20261031,1,20261107,1,20261114,1,20261121,1,20261128,1,20261205,1,20261212,1,20261219,1
'1179180',20260905,1,20260912,1,20260919,1,20260926,1,20260930,1,20261003,1,20261010,1,20261017,1,20261024,1,20261031,1,20261107,1,20261114,1,20261121,1,20261128,1,20261205,1,20261212,1,20261219,1
'1179181',20260902,1,20260903,1,20260904,1,20260908,1,20260909,1,20260910,1,20260911,1,20260914,1,20260915,1,20260916,1,20260917,1,20260918,1,20260921,1,20260922,1,20260923,1,20260924,1,20260925,1,20260928,1,20260929,1,20261001,1,20261002,1,20261005,1,20261006,1,20261007,1,20261008,1,20261009,1,20261013,1,20261014,1,20261015,1,20261016,1,20261019,1,20261020,1,20261021,1,20261022,1,20261023,1,20261026,1,20261027,1,20261028,1,20261029,1,20261030,1,20261102,1,20261103,1,20261104,1,20261105,1,20261106,1,20261109,1,20261110,1,20261112,1,20261113,1,20261116,1,20261117,1,20261118,1,20261119,1,20261120,1,20261123,1,20261124,1,20261125,1,20261126,1,20261127,1,20261130,1,20261201,1,20261202,1,20261203,1,20261204,1,20261207,1,20261208,1,20261209,1,20261210,1,20261211,1,20261214,1,20261215,1,20261216,1,20261217,1,20261218,1
'1179182',20260906,1,20260913,1,20260920,1,20260927,1,20261004,1,20261011,1,20261018,1,20261025,1,20261101,1,20261108,1,20261115,1,20261122,1,20261129,1,20261206,1,20261213,1
'1179183',20260902,1,20260903,1,20260904,1,20260908,1,20260909,1,20260910,1,20260911,1,20260914,1,20260915,1,20260916,1,20260917,1,20260918,1,20260921,1,20260922,1,20260923,1,20260924,1,20260925,1,20260928,1,20260929,1,20261001,1,20261002,1,20261005,1,20261006,1,20261007,1,20261008,1,20261009,1,20261013,1,20261014,1,20261015,1,20261016,1,20261019,1,20261020,1,20261021,1,20261022,1,20261023,1,20261026,1,20261027,1,20261028,1,20261029,1,20261030,1,20261102,1,20261103,1,20261104,1,20261105,1,20261106,1,20261109,1,20261110,1,20261112,1,20261113,1,20261116,1,20261117,1,20261118,1,20261119,1,20261120,1,20261123,1,20261124,1,20261125,1,20261126,1,20261127,1,20261130,1,20261201,1,20261202,1,20261203,1,20261204,1,20261207,1,20261208,1,20261209,1,20261210,1,20261211,1,20261214,1,20261215,1,20261216,1,20261217,1,20261218,1
'1179184',20260906,1,20260913,1,20260920,1,20260927,1,20261004,1,20261011,1,20261018,1,20261025,1,20261101,1,20261108,1,20261115,1,20261122,1,20261129,1,20261206,1,20261213,1
'1179185',20260902,1,20260903,1,20260904,1,20260908,1,20260909,1,20260910,1,20260911,1,20260914,1,20260915,1,20260916,1,20260917,1,20260918,1,20260921,1,20260922,1,20260923,1,20260924,1,20260925,1,20260928,1,20260929,1,20261001,1,20261002,1,20261005,1,20261006,1,20261007,1,20261008,1,20261009,1,20261013,1,20261014,1,20261015,1,20261016,1,20261019,1,20261020,1,20261021,1,20261022,1,20261023,1,20261026,1,20261027,1,20261028,1,20261029,1,20261030,1,20261102,1,20261103,1,20261104,1,20261105,1,20261106,1,20261109,1,20261110,1,20261112,1,20261113,1,20261116,1,20261117,1,20261118,1,20261119,1,20261120,1,20261123,1,20261124,1,20261125,1,20261126,1,20261127,1,20261130,1,20261201,1,20261202,1,20261203,1,20261204,1,20261207,1,20261208,1,20261209,1,20261210,1,20261211,1,20261214,1,20261215,1,20261216,1,20261217,1,20261218,1
'1179187',20260902,1,20260903,1,20260904,1,20260908,1,20260909,1,20260910,1,20260911,1,20260914,1,20260915,1,20260916,1,20260917,1,20260918,1,20260921,1,20260922,1,20260923,1,20260924,1,20260925,1,20260928,1,20260929,1,20261001,1,20261002,1,20261005,1,20261006,1,20261007,1,20261008,1,20261009,1,20261013,1,20261014,1,20261015,1,20261016,1,20261019,1,20261020,1,20261021,1,20261022,1,20261023,1,20261026,1,20261027,1,20261028,1,20261029,1,20261030,1,20261102,1,20261103,1,20261104,1,20261105,1,20261106,1,20261109,1,20261110,1,20261112,1,20261113,1,20261116,1,20261117,1,20261118,1,20261119,1,20261120,1,20261123,1,20261124,1,20261125,1,20261126,1,20261127,1,20261130,1,20261201,1,20261202,1,20261203,1,20261204,1,20261207,1,20261208,1,20261209,1,20261210,1,20261211,1,20261214,1,20261215,1,20261216,1,20261217,1,20261218,1
'1179188',20260905,1,20260912,1,20260919,1,20260926,1,20260930,1,20261003,1,20261010,1,20261017,1,20261024,1,20261031,1,20261107,1,20261114,1,20261121,1,20261128,1,20261205,1,20261212,1,20261219,1
'1179199',20260902,1,20260903,1,20260904,1,20260908,1,20260909,1,20260910,1,20260911,1,20260914,1,20260915,1,20260916,1,20260917,1,20260918,1,20260921,1,20260922,1,20260923,1,20260924,1,20260925,1,20260928,1,20260929,1,20261001,1,20261002,1,20261005,1,20261006,1,20261007,1,20261008,1,20261009,1,20261013,1,20261014,1,20261015,1,20261016,1,20261019,1,20261020,1,20261021,1,20261022,1,20261023,1,20261026,1,20261027,1,20261028,1,20261029,1,20261030,1,20261102,1,20261103,1,20261104,1,20261105,1,20261106,1,20261109,1,20261110,1,20261112,1,20261113,1,20261116,1,20261117,1,20261118,1,20261119,1,20261120,1,20261123,1,20261124,1,20261125,1,20261126,1,20261127,1,20261130,1,20261201,1,20261202,1,20261203,1,20261204,1,20261207,1,20261208,1,20261209,1,20261210,1,20261211,1,20261214,1,20261215,1,20261216,1,20261217,1,20261218,1
'1179200',20260902,1,20260903,1,20260904,1,20260908,1,20260909,1,20260910,1,20260911,1,20260914,1,20260915,1,20260916,1,20260917,1,20260918,1,20260921,1,20260922,1,20260923,1,20260924,1,20260925,1,20260928,1,20260929,1,20261001,1,20261002,1,20261005,1,20261006,1,20261007,1,20261008,1,20261009,1,20261013,1,20261014,1,20261015,1,20261016,1,20261019,1,20261020,1,20261021,1,20261022,1,20261023,1,20261026,1,20261027,1,20261028,1,20261029,1,20261030,1,20261102,1,20261103,1,20261104,1,20261105,1,20261106,1,20261109,1,20261110,1,20261112,1,20261113,1,20261116,1,20261117,1,20261118,1,20261119,1,20261120,1,20261123,1,20261124,1,20261125,1,20261126,1,20261127,1,20261130,1,20261201,1,20261202,1,20261203,1,20261204,1,20261207,1,20261208,1,20261209,1,20261210,1,20261211,1,20261214,1,20261215,1,20261216,1,20261217,1,20261218,1
'1179202',20260905,1,20260912,1,20260919,1,20260926,1,20260930,1,20261003,1,20261010,1,20261017,1,20261024,1,20261031,1,20261107,1,20261114,1,20261121,1,20261128,1,20261205,1,20261212,1,20261219,1
'1179203',20260902,1,20260903,1,20260904,1,20260908,1,20260909,1,20260910,1,20260911,1,20260914,1,20260915,1,20260916,1,20260917,1,20260918,1,20260921,1,20260922,1,20260923,1,20260924,1,20260925,1,20260928,1,20260929,1,20261001,1,20261002,1,20261005,1,20261006,1,20261007,1,20261008,1,20261009,1,20261013,1,20261014,1,20261015,1,20261016,1,20261019,1,20261020,1,20261021,1,20261022,1,20261023,1,20261026,1,20261027,1,20261028,1,20261029,1,20261030,1,20261102,1,20261103,1,20261104,1,20261105,1,20261106,1,20261109,1,20261110,1,20261112,1,20261113,1,20261116,1,20261117,1,20261118,1,20261119,1,20261120,1,20261123,1,20261124,1,20261125,1,20261126,1,20261127,1,20261130,1,20261201,1,20261202,1,20261203,1,20261204,1,20261207,1,20261208,1,20261209,1,20261210,1,20261211,1,20261214,1,20261215,1,20261216,1,20261217,1,20261218,1
'1179206',20260902,1,20260903,1,20260904,1,20260908,1,20260909,1,20260910,1,20260911,1,20260914,1,20260915,1,20260916,1,20260917,1,20260918,1,20260921,1,20260922,1,20260923,1,20260924,1,20260925,1,20260928,1,20260929,1,20261001,1,20261002,1,20261005,1,20261006,1,20261007,1,20261008,1,20261009,1,20261013,1,20261014,1,20261015,1,20261016,1,20261019,1,20261020,1,20261021,1,20261022,1,20261023,1,20261026,1,20261027,1,20261028,1,20261029,1,20261030,1,20261102,1,20261103,1,20261104,1,20261105,1,20261106,1,20261109,1,20261110,1,20261112,1,20261113,1,20261116,1,20261117,1,20261118,1,20261119,1,20261120,1,20261123,1,20261124,1,20261125,1,20261126,1,20261127,1,20261130,1,20261201,1,20261202,1,20261203,1,20261204,1,20261207,1,20261208,1,20261209,1,20261210,1,20261211,1,20261214,1,20261215,1,20261216,1,20261217,1,20261218,1
'1179207',20260902,1,20260903,1,20260904,1,20260908,1,20260909,1,20260910,1,20260911,1,20260914,1,20260915,1,20260916,1,20260917,1,20260918,1,20260921,1,20260922,1,20260923,1,20260924,1,20260925,1,20260928,1,20260929,1,20261001,1,20261002,1,20261005,1,20261006,1,20261007,1,20261008,1,20261009,1,20261013,1,20261014,1,20261015,1,20261016,1,20261019,1,20261020,1,20261021,1,20261022,1,20261023,1,20261026,1,20261027,1,20261028,1,20261029,1,20261030,1,20261102,1,20261103,1,20261104,1,20261105,1,20261106,1,20261109,1,20261110,1,20261112,1,20261113,1,20261116,1,20261117,1,20261118,1,20261119,1,20261120,1,20261123,1,20261124,1,20261125,1,20261126,1,20261127,1,20261130,1,20261201,1,20261202,1,20261203,1,20261204,1,20261207,1,20261208,1,20261209,1,20261210,1,20261211,1,20261214,1,20261215,1,20261216,1,20261217,1,20261218,1
'1179212',20260902,1,20260903,1,20260904,1,20260908,1,20260909,1,20260910,1,20260911,1,20260914,1,20260915,1,20260916,1,20260917,1,20260918,1,20260921,1,20260922,1,20260923,1,20260924,1,20260925,1,20260928,1,20260929,1,20261001,1,20261002,1,20261005,1,20261006,1,20261007,1,20261008,1,20261009,1,20261013,1,20261014,1,20261015,1,20261016,1,20261019,1,20261020,1,20261021,1,20261022,1,20261023,1,20261026,1,20261027,1,20261028,1,20261029,1,20261030,1,20261102,1,20261103,1,20261104,1,20261105,1,20261106,1,20261109,1,20261110,1,20261112,1,20261113,1,20261116,1,20261117,1,20261118,1,20261119,1,20261120,1,20261123,1,20261124,1,20261125,1,20261126,1,20261127,1,20261130,1,20261201,1,20261202,1,20261203,1,20261204,1,20261207,1,20261208,1,20261209,1,20261210,1,20261211,1,20261214,1,20261215,1,20261216,1,20261217,1,20261218,1
'1179216',20260905,1,20260912,1,20260919,1,20260926,1,20260930,1,20261003,1,20261010,1,20261017,1,20261024,1,20261031,1,20261107,1,20261114,1,20261121,1,20261128,1,20261205,1,20261212,1,20261219,1
'1179217',20260905,1,20260912,1,20260919,1,20260926,1,20260930,1,20261003,1,20261010,1,20261017,1,20261024,1,20261031,1,20261107,1,20261114,1,20261121,1,20261128,1,20261205,1,20261212,1,20261219,1
'1179219',20260905,1,20260912,1,20260919,1,20260926,1,20260930,1,20261003,1,20261010,1,20261017,1,20261024,1,20261031,1,20261107,1,20261114,1,20261121,1,20261128,1,20261205,1,20261212,1,20261219,1
'1179221',20260905,1,20260912,1,20260919,1,20260926,1,20260930,1,20261003,1,20261010,1,20261017,1,20261024,1,20261031,1,20261107,1,20261114,1,20261121,1,20261128,1,20261205,1,20261212,1,20261219,1
'1179222',20260906,1,20260913,1,20260920,1,20260927,1,20261004,1,20261011,1,20261018,1,20261025,1,20261101,1,20261108,1,20261115,1,20261122,1,20261129,1,20261206,1,20261213,1
'1179225',20260902,1,20260903,1,20260904,1,20260908,1,20260909,1,20260910,1,20260911,1,20260914,1,20260915,1,20260916,1,20260917,1,20260918,1,20260921,1,20260922,1,20260923,1,20260924,1,20260925,1,20260928,1,20260929,1,20261001,1,20261002,1,20261005,1,20261006,1,20261007,1,20261008,1,20261009,1,20261013,1,20261014,1,20261015,1,20261016,1,20261019,1,20261020,1,20261021,1,20261022,1,20261023,1,20261026,1,20261027,1,20261028,1,20261029,1,20261030,1,20261102,1,20261103,1,20261104,1,20261105,1,20261106,1,20261109,1,20261110,1,20261112,1,20261113,1,20261116,1,20261117,1,20261118,1,20261119,1,20261120,1,20261123,1,20261124,1,20261125,1,20261126,1,20261127,1,20261130,1,20261201,1,20261202,1,20261203,1,20261204,1,20261207,1,20261208,1,20261209,1,20261210,1,20261211,1,20261214,1,20261215,1,20261216,1,20261217,1,20261218,1
'1179229',20260906,1,20260913,1,20260920,1,20260927,1,20261004,1,20261011,1,20261018,1,20261025,1,20261101,1,20261108,1,20261115,1,20261122,1,20261129,1,20261206,1,20261213,1
'1179230',20260905,1,20260912,1,20260919,1,20260926,1,20260930,1,20261003,1,20261010,1,20261017,1,20261024,1,20261031,1,20261107,1,20261114,1,20261121,1,20261128,1,20261205,1,20261212,1,20261219,1
'1179232',20260902,1,20260903,1,20260904,1,20260908,1,20260909,1,20260910,1,20260911,1,20260914,1,20260915,1,20260916,1,20260917,1,20260918,1,20260921,1,20260922,1,20260923,1,20260924,1,20260925,1,20260928,1,20260929,1,20261001,1,20261002,1,20261005,1,20261006,1,20261007,1,20261008,1,20261009,1,20261013,1,20261014,1,20261015,1,20261016,1,20261019,1,20261020,1,20261021,1,20261022,1,20261023,1,20261026,1,20261027,1,20261028,1,20261029,1,20261030,1,20261102,1,20261103,1,20261104,1,20261105,1,20261106,1,20261109,1,20261110,1,20261112,1,20261113,1,20261116,1,20261117,1,20261118,1,20261119,1,20261120,1,20261123,1,20261124,1,20261125,1,20261126,1,20261127,1,20261130,1,20261201,1,20261202,1,20261203,1,20261204,1,20261207,1,20261208,1,20261209,1,20261210,1,20261211,1,20261214,1,20261215,1,20261216,1,20261217,1,20261218,1
'1179233',20260902,1,20260903,1,20260904,1,20260908,1,20260909,1,20260910,1,20260911,1,20260914,1,20260915,1,20260916,1,20260917,1,20260918,1,20260921,1,20260922,1,20260923,1,20260924,1,20260925,1,20260928,1,20260929,1,20261001,1,20261002,1,20261005,1,20261006,1,20261007,1,20261008,1,20261009,1,20261013,1,20261014,1,20261015,1,20261016,1,20261019,1,20261020,1,20261021,1,20261022,1,20261023,1,20261026,1,20261027,1,20261028,1,20261029,1,20261030,1,20261102,1,20261103,1,20261104,1,20261105,1,20261106,1,20261109,1,20261110,1,20261112,1,20261113,1,20261116,1,20261117,1,20261118,1,20261119,1,20261120,1,20261123,1,20261124,1,20261125,1,20261126,1,20261127,1,20261130,1,20261201,1,20261202,1,20261203,1,20261204,1,20261207,1,20261208,1,20261209,1,20261210,1,20261211,1,20261214,1,20261215,1,20261216,1,20261217,1,20261218,1
'1179236',20260902,1,20260903,1,20260904,1,20260908,1,20260909,1,20260910,1,20260911,1,20260914,1,20260915,1,20260916,1,20260917,1,20260918,1,20260921,1,20260922,1,20260923,1,20260924,1,20260925,1,20260928,1,20260929,1,20261001,1,20261002,1,20261005,1,20261006,1,20261007,1,20261008,1,20261009,1,20261013,1,20261014,1,20261015,1,20261016,1,20261019,1,20261020,1,20261021,1,20261022,1,20261023,1,20261026,1,20261027,1,20261028,1,20261029,1,20261030,1,20261102,1,20261103,1,20261104,1,20261105,1,20261106,1,20261109,1,20261110,1,20261112,1,20261113,1,20261116,1,20261117,1,20261118,1,20261119,1,20261120,1,20261123,1,20261124,1,20261125,1,20261126,1,20261127,1,20261130,1,20261201,1,20261202,1,20261203,1,20261204,1,20261207,1,20261208,1,20261209,1,20261210,1,20261211,1,20261214,1,20261215,1,20261216,1,20261217,1,20261218,1
'1179238',20260905,1,20260912,1,20260919,1,20260926,1,20260930,1,20261003,1,20261010,1,20261017,1,20261024,1,20261031,1,20261107,1,20261114,1,20261121,1,20261128,1,20261205,1,20261212,1,20261219,1
'1179243',20260905,1,20260912,1,20260919,1,20260926,1,20260930,1,20261003,1,20261010,1,20261017,1,20261024,1,20261031,1,20261107,1,20261114,1,20261121,1,20261128,1,20261205,1,20261212,1,20261219,1
'1179244',20260902,1,20260903,1,20260904,1,20260908,1,20260909,1,20260910,1,20260911,1,20260914,1,20260915,1,20260916,1,20260917,1,20260918,1,20260921,1,20260922,1,20260923,1,20260924,1,20260925,1,20260928,1,20260929,1,20261001,1,20261002,1,20261005,1,20261006,1,20261007,1,20261008,1,20261009,1,20261013,1,20261014,1,20261015,1,20261016,1,20261019,1,20261020,1,20261021,1,20261022,1,20261023,1,20261026,1,20261027,1,20261028,1,20261029,1,20261030,1,20261102,1,20261103,1,20261104,1,20261105,1,20261106,1,20261109,1,20261110,1,20261112,1,20261113,1,20261116,1,20261117,1,20261118,1,20261119,1,20261120,1,20261123,1,20261124,1,20261125,1,20261126,1,20261127,1,20261130,1,20261201,1,20261202,1,20261203,1,20261204,1,20261207,1,20261208,1,20261209,1,20261210,1,20261211,1,20261214,1,20261215,1,20261216,1,20261217,1,20261218,1
'1179245',20260902,1,20260903,1,20260904,1,20260908,1,20260909,1,20260910,1,20260911,1,20260914,1,20260915,1,20260916,1,20260917,1,20260918,1,20260921,1,20260922,1,20260923,1,20260924,1,20260925,1,20260928,1,20260929,1,20261001,1,20261002,1,20261005,1,20261006,1,20261007,1,20261008,1,20261009,1,20261013,1,20261014,1,20261015,1,20261016,1,20261019,1,20261020,1,20261021,1,20261022,1,20261023,1,20261026,1,20261027,1,20261028,1,20261029,1,20261030,1,20261102,1,20261103,1,20261104,1,20261105,1,20261106,1,20261109,1,20261110,1,20261112,1,20261113,1,20261116,1,20261117,1,20261118,1,20261119,1,20261120,1,20261123,1,20261124,1,20261125,1,20261126,1,20261127,1,20261130,1,20261201,1,20261202,1,20261203,1,20261204,1,20261207,1,20261208,1,20261209,1,20261210,1,20261211,1,20261214,1,20261215,1,20261216,1,20261217,1,20261218,1
'1179248',20260905,1,20260912,1,20260919,1,20260926,1,20260930,1,20261003,1,20261010,1,20261017,1,20261024,1,20261031,1,20261107,1,20261114,1,20261121,1,20261128,1,20261205,1,20261212,1,20261219,1
'1179250',20260905,1,20260912,1,20260919,1,20260926,1,20260930,1,20261003,1,20261010,1,20261017,1,20261024,1,20261031,1,20261107,1,20261114,1,20261121,1,20261128,1,20261205,1,20261212,1,20261219,1
'1179251',20260902,1,20260903,1,20260904,1,20260908,1,20260909,1,20260910,1,20260911,1,20260914,1,20260915,1,20260916,1,20260917,1,20260918,1,20260921,1,20260922,1,20260923,1,20260924,1,20260925,1,20260928,1,20260929,1,20261001,1,20261002,1,20261005,1,20261006,1,20261007,1,20261008,1,20261009,1,20261013,1,20261014,1,20261015,1,20261016,1,20261019,1,20261020,1,20261021,1,20261022,1,20261023,1,20261026,1,20261027,1,20261028,1,20261029,1,20261030,1,20261102,1,20261103,1,20261104,1,20261105,1,20261106,1,20261109,1,20261110,1,20261112,1,20261113,1,20261116,1,20261117,1,20261118,1,20261119,1,20261120,1,20261123,1,20261124,1,20261125,1,20261126,1,20261127,1,20261130,1,20261201,1,20261202,1,20261203,1,20261204,1,20261207,1,20261208,1,20261209,1,20261210,1,20261211,1,20261214,1,20261215,1,20261216,1,20261217,1,20261218,1
'1179252',20260902,1,20260903,1,20260904,1,20260908,1,20260909,1,20260910,1,20260911,1,20260914,1,20260915,1,20260916,1,20260917,1,20260918,1,20260921,1,20260922,1,20260923,1,20260924,1,20260925,1,20260928,1,20260929,1,20261001,1,20261002,1,20261005,1,20261006,1,20261007,1,20261008,1,20261009,1,20261013,1,20261014,1,20261015,1,20261016,1,20261019,1,20261020,1,20261021,1,20261022,1,20261023,1,20261026,1,20261027,1,20261028,1,20261029,1,20261030,1,20261102,1,20261103,1,20261104,1,20261105,1,20261106,1,20261109,1,20261110,1,20261112,1,20261113,1,20261116,1,20261117,1,20261118,1,20261119,1,20261120,1,20261123,1,20261124,1,20261125,1,20261126,1,20261127,1,20261130,1,20261201,1,20261202,1,20261203,1,20261204,1,20261207,1,20261208,1,20261209,1,20261210,1,20261211,1,20261214,1,20261215,1,20261216,1,20261217,1,20261218,1
'1179253',20260902,1,20260903,1,20260904,1,20260908,1,20260909,1,20260910,1,20260911,1,20260914,1,20260915,1,20260916,1,20260917,1,20260918,1,20260921,1,20260922,1,20260923,1,20260924,1,20260925,1,20260928,1,20260929,1,20261001,1,20261002,1,20261005,1,20261006,1,20261007,1,20261008,1,20261009,1,20261013,1,20261014,1,20261015,1,20261016,1,20261019,1,20261020,1,20261021,1,20261022,1,20261023,1,20261026,1,20261027,1,20261028,1,20261029,1,20261030,1,20261102,1,20261103,1,20261104,1,20261105,1,20261106,1,20261109,1,20261110,1,20261112,1,20261113,1,20261116,1,20261117,1,20261118,1,20261119,1,20261120,1,20261123,1,20261124,1,20261125,1,20261126,1,20261127,1,20261130,1,20261201,1,20261202,1,20261203,1,20261204,1,20261207,1,20261208,1,20261209,1,20261210,1,20261211,1,20261214,1,20261215,1,20261216,1,20261217,1,20261218,1
'1179255',20260902,1,20260903,1,20260904,1,20260908,1,20260909,1,20260910,1,20260911,1,20260914,1,20260915,1,20260916,1,20260917,1,20260918,1,20260921,1,20260922,1,20260923,1,20260924,1,20260925,1,20260928,1,20260929,1,20261001,1,20261002,1,20261005,1,20261006,1,20261007,1,20261008,1,20261009,1,20261013,1,20261014,1,20261015,1,20261016,1,20261019,1,20261020,1,20261021,1,20261022,1,20261023,1,20261026,1,20261027,1,20261028,1,20261029,1,20261030,1,20261102,1,20261103,1,20261104,1,20261105,1,20261106,1,20261109,1,20261110,1,20261112,1,20261113,1,20261116,1,20261117,1,20261118,1,20261119,1,20261120,1,20261123,1,20261124,1,20261125,1,20261126,1,20261127,1,20261130,1,20261201,1,20261202,1,20261203,1,20261204,1,20261207,1,20261208,1,20261209,1,20261210,1,20261211,1,20261214,1,20261215,1,20261216,1,20261217,1,20261218,1
'1179261',20260902,1,20260903,1,20260904,1,20260908,1,20260909,1,20260910,1,20260911,1,20260914,1,20260915,1,20260916,1,20260917,1,20260918,1,20260921,1,20260922,1,20260923,1,20260924,1,20260925,1,20260928,1,20260929,1,20261001,1,20261002,1,20261005,1,20261006,1,20261007,1,20261008,1,20261009,1,20261013,1,20261014,1,20261015,1,20261016,1,20261019,1,20261020,1,20261021,1,20261022,1,20261023,1,20261026,1,20261027,1,20261028,1,20261029,1,20261030,1,20261102,1,20261103,1,20261104,1,20261105,1,20261106,1,20261109,1,20261110,1,20261112,1,20261113,1,20261116,1,20261117,1,20261118,1,20261119,1,20261120,1,20261123,1,20261124,1,20261125,1,20261126,1,20261127,1,20261130,1,20261201,1,20261202,1,20261203,1,20261204,1,20261207,1,20261208,1,20261209,1,20261210,1,20261211,1,20261214,1,20261215,1,20261216,1,20261217,1,20261218,1
'1179268',20260902,1,20260903,1,20260904,1,20260908,1,20260909,1,20260910,1,20260911,1,20260914,1,20260915,1,20260916,1,20260917,1,20260918,1,20260921,1,20260922,1,20260923,1,20260924,1,20260925,1,20260928,1,20260929,1,20261001,1,20261002,1,20261005,1,20261006,1,20261007,1,20261008,1,20261009,1,20261013,1,20261014,1,20261015,1,20261016,1,20261019,1,20261020,1,20261021,1,20261022,1,20261023,1,20261026,1,20261027,1,20261028,1,20261029,1,20261030,1,20261102,1,20261103,1,20261104,1,20261105,1,20261106,1,20261109,1,20261110,1,20261112,1,20261113,1,20261116,1,20261117,1,20261118,1,20261119,1,20261120,1,20261123,1,20261124,1,20261125,1,20261126,1,20261127,1,20261130,1,20261201,1,20261202,1,20261203,1,20261204,1,20261207,1,20261208,1,20261209,1,20261210,1,20261211,1,20261214,1,20261215,1,20261216,1,20261217,1,20261218,1
'1179270',20260905,1,20260912,1,20260919,1,20260926,1,20260930,1,20261003,1,20261010,1,20261017,1,20261024,1,20261031,1,20261107,1,20261114,1,20261121,1,20261128,1,20261205,1,20261212,1,20261219,1
'1179271',20260902,1,20260903,1,20260904,1,20260908,1,20260909,1,20260910,1,20260911,1,20260914,1,20260915,1,20260916,1,20260917,1,20260918,1,20260921,1,20260922,1,20260923,1,20260924,1,20260925,1,20260928,1,20260929,1,20261001,1,20261002,1,20261005,1,20261006,1,20261007,1,20261008,1,20261009,1,20261013,1,20261014,1,20261015,1,20261016,1,20261019,1,20261020,1,20261021,1,20261022,1,20261023,1,20261026,1,20261027,1,20261028,1,20261029,1,20261030,1,20261102,1,20261103,1,20261104,1,20261105,1,20261106,1,20261109,1,20261110,1,20261112,1,20261113,1,20261116,1,20261117,1,20261118,1,20261119,1,20261120,1,20261123,1,20261124,1,20261125,1,20261126,1,20261127,1,20261130,1,20261201,1,20261202,1,20261203,1,20261204,1,20261207,1,20261208,1,20261209,1,20261210,1,20261211,1,20261214,1,20261215,1,20261216,1,20261217,1,20261218,1
'1179276',20260905,1,20260912,1,20260919,1,20260926,1,20260930,1,20261003,1,20261010,1,20261017,1,20261024,1,20261031,1,20261107,1,20261114,1,20261121,1,20261128,1,20261205,1,20261212,1,20261219,1
'1179282',20260906,1,20260913,1,20260920,1,20260927,1,20261004,1,20261011,1,20261018,1,20261025,1,20261101,1,20261108,1,20261115,1,20261122,1,20261129,1,20261206,1,20261213,1
'1179286',20260902,1,20260903,1,20260904,1,20260908,1,20260909,1,20260910,1,20260911,1,20260914,1,20260915,1,20260916,1,20260917,1,20260918,1,20260921,1,20260922,1,20260923,1,20260924,1,20260925,1,20260928,1,20260929,1,20261001,1,20261002,1,20261005,1,20261006,1,20261007,1,20261008,1,20261009,1,20261013,1,20261014,1,20261015,1,20261016,1,20261019,1,20261020,1,20261021,1,20261022,1,20261023,1,20261026,1,20261027,1,20261028,1,20261029,1,20261030,1,20261102,1,20261103,1,20261104,1,20261105,1,20261106,1,20261109,1,20261110,1,20261112,1,20261113,1,20261116,1,20261117,1,20261118,1,20261119,1,20261120,1,20261123,1,20261124,1,20261125,1,20261126,1,20261127,1,20261130,1,20261201,1,20261202,1,20261203,1,20261204,1,20261207,1,20261208,1,20261209,1,20261210,1,20261211,1,20261214,1,20261215,1,20261216,1,20261217,1,20261218,1
'1179287',20260902,1,20260903,1,20260904,1,20260908,1,20260909,1,20260910,1,20260911,1,20260914,1,20260915,1,20260916,1,20260917,1,20260918,1,20260921,1,20260922,1,20260923,1,20260924,1,20260925,1,20260928,1,20260929,1,20261001,1,20261002,1,20261005,1,20261006,1,20261007,1,20261008,1,20261009,1,20261013,1,20261014,1,20261015,1,20261016,1,20261019,1,20261020,1,20261021,1,20261022,1,20261023,1,20261026,1,20261027,1,20261028,1,20261029,1,20261030,1,20261102,1,20261103,1,20261104,1,20261105,1,20261106,1,20261109,1,20261110,1,20261112,1,20261113,1,20261116,1,20261117,1,20261118,1,20261119,1,20261120,1,20261123,1,20261124,1,20261125,1,20261126,1,20261127,1,20261130,1,20261201,1,20261202,1,20261203,1,20261204,1,20261207,1,20261208,1,20261209,1,20261210,1,20261211,1,20261214,1,20261215,1,20261216,1,20261217,1,20261218,1
'1179290',20260906,1,20260913,1,20260920,1,20260927,1,20261004,1,20261011,1,20261018,1,20261025,1,20261101,1,20261108,1,20261115,1,20261122,1,20261129,1,20261206,1,20261213,1
'1179292',20260902,1,20260903,1,20260904,1,20260908,1,20260909,1,20260910,1,20260911,1,20260914,1,20260915,1,20260916,1,20260917,1,20260918,1,20260921,1,20260922,1,20260923,1,20260924,1,20260925,1,20260928,1,20260929,1,20261001,1,20261002,1,20261005,1,20261006,1,20261007,1,20261008,1,20261009,1,20261013,1,20261014,1,20261015,1,20261016,1,20261019,1,20261020,1,20261021,1,20261022,1,20261023,1,20261026,1,20261027,1,20261028,1,20261029,1,20261030,1,20261102,1,20261103,1,20261104,1,20261105,1,20261106,1,20261109,1,20261110,1,20261112,1,20261113,1,20261116,1,20261117,1,20261118,1,20261119,1,20261120,1,20261123,1,20261124,1,20261125,1,20261126,1,20261127,1,20261130,1,20261201,1,20261202,1,20261203,1,20261204,1,20261207,1,20261208,1,20261209,1,20261210,1,20261211,1,20261214,1,20261215,1,20261216,1,20261217,1,20261218,1
'1179294',20260906,1,20260913,1,20260920,1,20260927,1,20261004,1,20261011,1,20261018,1,20261025,1,20261101,1,20261108,1,20261115,1,20261122,1,20261129,1,20261206,1,20261213,1
'1179296',20260906,1,20260913,1,20260920,1,20260927,1,20261004,1,20261011,1,20261018,1,20261025,1,20261101,1,20261108,1,20261115,1,20261122,1,20261129,1,20261206,1,20261213,1
'1179297',20260905,1,20260912,1,20260919,1,20260926,1,20260930,1,20261003,1,20261010,1,20261017,1,20261024,1,20261031,1,20261107,1,20261114,1,20261121,1,20261128,1,20261205,1,20261212,1,20261219,1
'1179298',20260905,1,20260912,1,20260919,1,20260926,1,20260930,1,20261003,1,20261010,1,20261017,1,20261024,1,20261031,1,20261107,1,20261114,1,20261121,1,20261128,1,20261205,1,20261212,1,20261219,1
'1179300',20260902,1,20260903,1,20260904,1,20260908,1,20260909,1,20260910,1,20260911,1,20260914,1,20260915,1,20260916,1,20260917,1,20260918,1,20260921,1,20260922,1,20260923,1,20260924,1,20260925,1,20260928,1,20260929,1,20261001,1,20261002,1,20261005,1,20261006,1,20261007,1,20261008,1,20261009,1,20261013,1,20261014,1,20261015,1,20261016,1,20261019,1,20261020,1,20261021,1,20261022,1,20261023,1,20261026,1,20261027,1,20261028,1,20261029,1,20261030,1,20261102,1,20261103,1,20261104,1,20261105,1,20261106,1,20261109,1,20261110,1,20261112,1,20261113,1,20261116,1,20261117,1,20261118,1,20261119,1,20261120,1,20261123,1,20261124,1,20261125,1,20261126,1,20261127,1,20261130,1,20261201,1,20261202,1,20261203,1,20261204,1,20261207,1,20261208,1,20261209,1,20261210,1,20261211,1,20261214,1,20261215,1,20261216,1,20261217,1,20261218,1
'1179301',20260906,1,20260913,1,20260920,1,20260927,1,20261004,1,20261011,1,20261018,1,20261025,1,20261101,1,20261108,1,20261115,1,20261122,1,20261129,1,20261206,1,20261213,1
'1179302',20260905,1,20260912,1,20260919,1,20260926,1,20260930,1,20261003,1,20261010,1,20261017,1,20261024,1,20261031,1,20261107,1,20261114,1,20261121,1,20261128,1,20261205,1,20261212,1,20261219,1
'1179307',20260902,1,20260903,1,20260904,1,20260908,1,20260909,1,20260910,1,20260911,1,20260914,1,20260915,1,20260916,1,20260917,1,20260918,1,20260921,1,20260922,1,20260923,1,20260924,1,20260925,1,20260928,1,20260929,1,20261001,1,20261002,1,20261005,1,20261006,1,20261007,1,20261008,1,20261009,1,20261013,1,20261014,1,20261015,1,20261016,1,20261019,1,20261020,1,20261021,1,20261022,1,20261023,1,20261026,1,20261027,1,20261028,1,20261029,1,20261030,1,20261102,1,20261103,1,20261104,1,20261105,1,20261106,1,20261109,1,20261110,1,20261112,1,20261113,1,20261116,1,20261117,1,20261118,1,20261119,1,20261120,1,20261123,1,20261124,1,20261125,1,20261126,1,20261127,1,20261130,1,20261201,1,20261202,1,20261203,1,20261204,1,20261207,1,20261208,1,20261209,1,20261210,1,20261211,1,20261214,1,20261215,1,20261216,1,20261217,1,20261218,1
'1179310',20260902,1,20260903,1,20260904,1,20260908,1,20260909,1,20260910,1,20260911,1,20260914,1,20260915,1,20260916,1,20260917,1,20260918,1,20260921,1,20260922,1,20260923,1,20260924,1,20260925,1,20260928,1,20260929,1,20261001,1,20261002,1,20261005,1,20261006,1,20261007,1,20261008,1,20261009,1,20261013,1,20261014,1,20261015,1,20261016,1,20261019,1,20261020,1,20261021,1,20261022,1,20261023,1,20261026,1,20261027,1,20261028,1,20261029,1,20261030,1,20261102,1,20261103,1,20261104,1,20261105,1,20261106,1,20261109,1,20261110,1,20261112,1,20261113,1,20261116,1,20261117,1,20261118,1,20261119,1,20261120,1,20261123,1,20261124,1,20261125,1,20261126,1,20261127,1,20261130,1,20261201,1,20261202,1,20261203,1,20261204,1,20261207,1,20261208,1,20261209,1,20261210,1,20261211,1,20261214,1,20261215,1,20261216,1,20261217,1,20261218,1
'1179316',20260905,1,20260912,1,20260919,1,20260926,1,20260930,1,20261003,1,20261010,1,20261017,1,20261024,1,20261031,1,20261107,1,20261114,1,20261121,1,20261128,1,20261205,1,20261212,1,20261219,1
'1179317',20260902,1,20260903,1,20260904,1,20260908,1,20260909,1,20260910,1,20260911,1,20260914,1,20260915,1,20260916,1,20260917,1,20260918,1,20260921,1,20260922,1,20260923,1,20260924,1,20260925,1,20260928,1,20260929,1,20261001,1,20261002,1,20261005,1,20261006,1,20261007,1,20261008,1,20261009,1,20261013,1,20261014,1,20261015,1,20261016,1,20261019,1,20261020,1,20261021,1,20261022,1,20261023,1,20261026,1,20261027,1,20261028,1,20261029,1,20261030,1,20261102,1,20261103,1,20261104,1,20261105,1,20261106,1,20261109,1,20261110,1,20261112,1,20261113,1,20261116,1,20261117,1,20261118,1,20261119,1,20261120,1,20261123,1,20261124,1,20261125,1,20261126,1,20261127,1,20261130,1,20261201,1,20261202,1,20261203,1,20261204,1,20261207,1,20261208,1,20261209,1,20261210,1,20261211,1,20261214,1,20261215,1,20261216,1,20261217,1,20261218,1
'1179320',20260902,1,20260903,1,20260904,1,20260908,1,20260909,1,20260910,1,20260911,1,20260914,1,20260915,1,20260916,1,20260917,1,20260918,1,20260921,1,20260922,1,20260923,1,20260924,1,20260925,1,20260928,1,20260929,1,20261001,1,20261002,1,20261005,1,20261006,1,20261007,1,20261008,1,20261009,1,20261013,1,20261014,1,20261015,1,20261016,1,20261019,1,20261020,1,20261021,1,20261022,1,20261023,1,20261026,1,20261027,1,20261028,1,20261029,1,20261030,1,20261102,1,20261103,1,20261104,1,20261105,1,20261106,1,20261109,1,20261110,1,20261112,1,20261113,1,20261116,1,20261117,1,20261118,1,20261119,1,20261120,1,20261123,1,20261124,1,20261125,1,20261126,1,20261127,1,20261130,1,20261201,1,20261202,1,20261203,1,20261204,1,20261207,1,20261208,1,20261209,1,20261210,1,20261211,1,20261214,1,20261215,1,20261216,1,20261217,1,20261218,1
'1179323',20260905,1,20260912,1,20260919,1,20260926,1,20260930,1,20261003,1,20261010,1,20261017,1,20261024,1,20261031,1,20261107,1,20261114,1,20261121,1,20261128,1,20261205,1,20261212,1,20261219,1
'1179325',20260902,1,20260903,1,20260904,1,20260908,1,20260909,1,20260910,1,20260911,1,20260914,1,20260915,1,20260916,1,20260917,1,20260918,1,20260921,1,20260922,1,20260923,1,20260924,1,20260925,1,20260928,1,20260929,1,20261001,1,20261002,1,20261005,1,20261006,1,20261007,1,20261008,1,20261009,1,20261013,1,20261014,1,20261015,1,20261016,1,20261019,1,20261020,1,20261021,1,20261022,1,20261023,1,20261026,1,20261027,1,20261028,1,20261029,1,20261030,1,20261102,1,20261103,1,20261104,1,20261105,1,20261106,1,20261109,1,20261110,1,20261112,1,20261113,1,20261116,1,20261117,1,20261118,1,20261119,1,20261120,1,20261123,1,20261124,1,20261125,1,20261126,1,20261127,1,20261130,1,20261201,1,20261202,1,20261203,1,20261204,1,20261207,1,20261208,1,20261209,1,20261210,1,20261211,1,20261214,1,20261215,1,20261216,1,20261217,1,20261218,1
'1179328',20260902,1,20260903,1,20260904,1,20260908,1,20260909,1,20260910,1,20260911,1,20260914,1,20260915,1,20260916,1,20260917,1,20260918,1,20260921,1,20260922,1,20260923,1,20260924,1,20260925,1,20260928,1,20260929,1,20261001,1,20261002,1,20261005,1,20261006,1,20261007,1,20261008,1,20261009,1,20261013,1,20261014,1,20261015,1,20261016,1,20261019,1,20261020,1,20261021,1,20261022,1,20261023,1,20261026,1,20261027,1,20261028,1,20261029,1,20261030,1,20261102,1,20261103,1,20261104,1,20261105,1,20261106,1,20261109,1,20261110,1,20261112,1,20261113,1,20261116,1,20261117,1,20261118,1,20261119,1,20261120,1,20261123,1,20261124,1,20261125,1,20261126,1,20261127,1,20261130,1,20261201,1,20261202,1,20261203,1,20261204,1,20261207,1,20261208,1,20261209,1,20261210,1,20261211,1,20261214,1,20261215,1,20261216,1,20261217,1,20261218,1
'1179332',20260905,1,20260912,1,20260919,1,20260926,1,20260930,1,20261003,1,20261010,1,20261017,1,20261024,1,20261031,1,20261107,1,20261114,1,20261121,1,20261128,1,20261205,1,20261212,1,20261219,1
'1179336',20260902,1,20260903,1,20260904,1,20260908,1,20260909,1,20260910,1,20260911,1,20260914,1,20260915,1,20260916,1,20260917,1,20260918,1,20260921,1,20260922,1,20260923,1,20260924,1,20260925,1,20260928,1,20260929,1,20261001,1,20261002,1,20261005,1,20261006,1,20261007,1,20261008,1,20261009,1,20261013,1,20261014,1,20261015,1,20261016,1,20261019,1,20261020,1,20261021,1,20261022,1,20261023,1,20261026,1,20261027,1,20261028,1,20261029,1,20261030,1,20261102,1,20261103,1,20261104,1,20261105,1,20261106,1,20261109,1,20261110,1,20261112,1,20261113,1,20261116,1,20261117,1,20261118,1,20261119,1,20261120,1,20261123,1,20261124,1,20261125,1,20261126,1,20261127,1,20261130,1,20261201,1,20261202,1,20261203,1,20261204,1,20261207,1,20261208,1,20261209,1,20261210,1,20261211,1,20261214,1,20261215,1,20261216,1,20261217,1,20261218,1
'1179337',20260905,1,20260912,1,20260919,1,20260926,1,20260930,1,20261003,1,20261010,1,20261017,1,20261024,1,20261031,1,20261107,1,20261114,1,20261121,1,20261128,1,20261205,1,20261212,1,20261219,1
'1179338',20260905,1,20260912,1,20260919,1,20260926,1,20260930,1,20261003,1,20261010,1,20261017,1,20261024,1,20261031,1,20261107,1,20261114,1,20261121,1,20261128,1,20261205,1,20261212,1,20261219,1
'1179340',20260905,1,20260912,1,20260919,1,20260926,1,20260930,1,20261003,1,20261010,1,20261017,1,20261024,1,20261031,1,20261107,1,20261114,1,20261121,1,20261128,1,20261205,1,20261212,1,20261219,1
'1179341',20260906,1,20260913,1,20260920,1,20260927,1,20261004,1,20261011,1,20261018,1,20261025,1,20261101,1,20261108,1,20261115,1,20261122,1,20261129,1,20261206,1,20261213,1
'1179344',20260906,1,20260913,1,20260920,1,20260927,1,20261004,1,20261011,1,20261018,1,20261025,1,20261101,1,20261108,1,20261115,1,20261122,1,20261129,1,20261206,1,20261213,1
'1179345',20260902,1,20260903,1,20260904,1,20260908,1,20260909,1,20260910,1,20260911,1,20260914,1,20260915,1,20260916,1,20260917,1,20260918,1,20260921,1,20260922,1,20260923,1,20260924,1,20260925,1,20260928,1,20260929,1,20261001,1,20261002,1,20261005,1,20261006,1,20261007,1,20261008,1,20261009,1,20261013,1,20261014,1,20261015,1,20261016,1,20261019,1,20261020,1,20261021,1,20261022,1,20261023,1,20261026,1,20261027,1,20261028,1,20261029,1,20261030,1,20261102,1,20261103,1,20261104,1,20261105,1,20261106,1,20261109,1,20261110,1,20261112,1,20261113,1,20261116,1,20261117,1,20261118,1,20261119,1,20261120,1,20261123,1,20261124,1,20261125,1,20261126,1,20261127,1,20261130,1,20261201,1,20261202,1,20261203,1,20261204,1,20261207,1,20261208,1,20261209,1,20261210,1,20261211,1,20261214,1,20261215,1,20261216,1,20261217,1,20261218,1
'1179347',20260902,1,20260903,1,20260904,1,20260908,1,20260909,1,20260910,1,20260911,1,20260914,1,20260915,1,20260916,1,20260917,1,20260918,1,20260921,1,20260922,1,20260923,1,20260924,1,20260925,1,20260928,1,20260929,1,20261001,1,20261002,1,20261005,1,20261006,1,20261007,1,20261008,1,20261009,1,20261013,1,20261014,1,20261015,1,20261016,1,20261019,1,20261020,1,20261021,1,20261022,1,20261023,1,20261026,1,20261027,1,20261028,1,20261029,1,20261030,1,20261102,1,20261103,1,20261104,1,20261105,1,20261106,1,20261109,1,20261110,1,20261112,1,20261113,1,20261116,1,20261117,1,20261118,1,20261119,1,20261120,1,20261123,1,20261124,1,20261125,1,20261126,1,20261127,1,20261130,1,20261201,1,20261202,1,20261203,1,20261204,1,20261207,1,20261208,1,20261209,1,20261210,1,20261211,1,20261214,1,20261215,1,20261216,1,20261217,1,20261218,1
'1179348',20260902,1,20260903,1,20260904,1,20260908,1,20260909,1,20260910,1,20260911,1,20260914,1,20260915,1,20260916,1,20260917,1,20260918,1,20260921,1,20260922,1,20260923,1,20260924,1,20260925,1,20260928,1,20260929,1,20261001,1,20261002,1,20261005,1,20261006,1,20261007,1,20261008,1,20261009,1,20261013,1,20261014,1,20261015,1,20261016,1,20261019,1,20261020,1,20261021,1,20261022,1,20261023,1,20261026,1,20261027,1,20261028,1,20261029,1,20261030,1,20261102,1,20261103,1,20261104,1,20261105,1,20261106,1,20261109,1,20261110,1,20261112,1,20261113,1,20261116,1,20261117,1,20261118,1,20261119,1,20261120,1,20261123,1,20261124,1,20261125,1,20261126,1,20261127,1,20261130,1,20261201,1,20261202,1,20261203,1,20261204,1,20261207,1,20261208,1,20261209,1,20261210,1,20261211,1,20261214,1,20261215,1,20261216,1,20261217,1,20261218,1
'1179350',20260905,1,20260912,1,20260919,1,20260926,1,20260930,1,20261003,1,20261010,1,20261017,1,20261024,1,20261031,1,20261107,1,20261114,1,20261121,1,20261128,1,20261205,1,20261212,1,20261219,1
'1179352',20260906,1,20260913,1,20260920,1,20260927,1,20261004,1,20261011,1,20261018,1,20261025,1,20261101,1,20261108,1,20261115,1,20261122,1,20261129,1,20261206,1,20261213,1
'1179353',20260902,1,20260903,1,20260904,1,20260908,1,20260909,1,20260910,1,20260911,1,20260914,1,20260915,1,20260916,1,20260917,1,20260918,1,20260921,1,20260922,1,20260923,1,20260924,1,20260925,1,20260928,1,20260929,1,20261001,1,20261002,1,20261005,1,20261006,1,20261007,1,20261008,1,20261009,1,20261013,1,20261014,1,20261015,1,20261016,1,20261019,1,20261020,1,20261021,1,20261022,1,20261023,1,20261026,1,20261027,1,20261028,1,20261029,1,20261030,1,20261102,1,20261103,1,20261104,1,20261105,1,20261106,1,20261109,1,20261110,1,20261112,1,20261113,1,20261116,1,20261117,1,20261118,1,20261119,1,20261120,1,20261123,1,20261124,1,20261125,1,20261126,1,20261127,1,20261130,1,20261201,1,20261202,1,20261203,1,20261204,1,20261207,1,20261208,1,20261209,1,20261210,1,20261211,1,20261214,1,20261215,1,20261216,1,20261217,1,20261218,1
'1179354',20260902,1,20260903,1,20260904,1,20260908,1,20260909,1,20260910,1,20260911,1,20260914,1,20260915,1,20260916,1,20260917,1,20260918,1,20260921,1,20260922,1,20260923,1,20260924,1,20260925,1,20260928,1,20260929,1,20261001,1,20261002,1,20261005,1,20261006,1,20261007,1,20261008,1,20261009,1,20261013,1,20261014,1,20261015,1,20261016,1,20261019,1,20261020,1,20261021,1,20261022,1,20261023,1,20261026,1,20261027,1,20261028,1,20261029,1,20261030,1,20261102,1,20261103,1,20261104,1,20261105,1,20261106,1,20261109,1,20261110,1,20261112,1,20261113,1,20261116,1,20261117,1,20261118,1,20261119,1,20261120,1,20261123,1,20261124,1,20261125,1,20261126,1,20261127,1,20261130,1,20261201,1,20261202,1,20261203,1,20261204,1,20261207,1,20261208,1,20261209,1,20261210,1,20261211,1,20261214,1,20261215,1,20261216,1,20261217,1,20261218,1
'1179359',20260902,1,20260903,1,20260904,1,20260908,1,20260909,1,20260910,1,20260911,1,20260914,1,20260915,1,20260916,1,20260917,1,20260918,1,20260921,1,20260922,1,20260923,1,20260924,1,20260925,1,20260928,1,20260929,1,20261001,1,20261002,1,20261005,1,20261006,1,20261007,1,20261008,1,20261009,1,20261013,1,20261014,1,20261015,1,20261016,1,20261019,1,20261020,1,20261021,1,20261022,1,20261023,1,20261026,1,20261027,1,20261028,1,20261029,1,20261030,1,20261102,1,20261103,1,20261104,1,20261105,1,20261106,1,20261109,1,20261110,1,20261112,1,20261113,1,20261116,1,20261117,1,20261118,1,20261119,1,20261120,1,20261123,1,20261124,1,20261125,1,20261126,1,20261127,1,20261130,1,20261201,1,20261202,1,20261203,1,20261204,1,20261207,1,20261208,1,20261209,1,20261210,1,20261211,1,20261214,1,20261215,1,20261216,1,20261217,1,20261218,1
'1179361',20260902,1,20260903,1,20260904,1,20260908,1,20260909,1,20260910,1,20260911,1,20260914,1,20260915,1,20260916,1,20260917,1,20260918,1,20260921,1,20260922,1,20260923,1,20260924,1,20260925,1,20260928,1,20260929,1,20261001,1,20261002,1,20261005,1,20261006,1,20261007,1,20261008,1,20261009,1,20261013,1,20261014,1,20261015,1,20261016,1,20261019,1,20261020,1,20261021,1,20261022,1,20261023,1,20261026,1,20261027,1,20261028,1,20261029,1,20261030,1,20261102,1,20261103,1,20261104,1,20261105,1,20261106,1,20261109,1,20261110,1,20261112,1,20261113,1,20261116,1,20261117,1,20261118,1,20261119,1,20261120,1,20261123,1,20261124,1,20261125,1,20261126,1,20261127,1,20261130,1,20261201,1,20261202,1,20261203,1,20261204,1,20261207,1,20261208,1,20261209,1,20261210,1,20261211,1,20261214,1,20261215,1,20261216,1,20261217,1,20261218,1
'1179366',20260905,1,20260912,1,20260919,1,20260926,1,20260930,1,20261003,1,20261010,1,20261017,1,20261024,1,20261031,1,20261107,1,20261114,1,20261121,1,20261128,1,20261205,1,20261212,1,20261219,1
'1179367',20260902,1,20260903,1,20260904,1,20260908,1,20260909,1,20260910,1,20260911,1,20260914,1,20260915,1,20260916,1,20260917,1,20260918,1,20260921,1,20260922,1,20260923,1,20260924,1,20260925,1,20260928,1,20260929,1,20261001,1,20261002,1,20261005,1,20261006,1,20261007,1,20261008,1,20261009,1,20261013,1,20261014,1,20261015,1,20261016,1,20261019,1,20261020,1,20261021,1,20261022,1,20261023,1,20261026,1,20261027,1,20261028,1,20261029,1,20261030,1,20261102,1,20261103,1,20261104,1,20261105,1,20261106,1,20261109,1,20261110,1,20261112,1,20261113,1,20261116,1,20261117,1,20261118,1,20261119,1,20261120,1,20261123,1,20261124,1,20261125,1,20261126,1,20261127,1,20261130,1,20261201,1,20261202,1,20261203,1,20261204,1,20261207,1,20261208,1,20261209,1,20261210,1,20261211,1,20261214,1,20261215,1,20261216,1,20261217,1,20261218,1
'1179368',20260902,1,20260903,1,20260904,1,20260908,1,20260909,1,20260910,1,20260911,1,20260914,1,20260915,1,20260916,1,20260917,1,20260918,1,20260921,1,20260922,1,20260923,1,20260924,1,20260925,1,20260928,1,20260929,1,20261001,1,20261002,1,20261005,1,20261006,1,20261007,1,20261008,1,20261009,1,20261013,1,20261014,1,20261015,1,20261016,1,20261019,1,20261020,1,20261021,1,20261022,1,20261023,1,20261026,1,20261027,1,20261028,1,20261029,1,20261030,1,20261102,1,20261103,1,20261104,1,20261105,1,20261106,1,20261109,1,20261110,1,20261112,1,20261113,1,20261116,1,20261117,1,20261118,1,20261119,1,20261120,1,20261123,1,20261124,1,20261125,1,20261126,1,20261127,1,20261130,1,20261201,1,20261202,1,20261203,1,20261204,1,20261207,1,20261208,1,20261209,1,20261210,1,20261211,1,20261214,1,20261215,1,20261216,1,20261217,1,20261218,1
'1179369',20260905,1,20260912,1,20260919,1,20260926,1,20260930,1,20261003,1,20261010,1,20261017,1,20261024,1,20261031,1,20261107,1,20261114,1,20261121,1,20261128,1,20261205,1,20261212,1,20261219,1
'1179372',20260905,1,20260912,1,20260919,1,20260926,1,20260930,1,20261003,1,20261010,1,20261017,1,20261024,1,20261031,1,20261107,1,20261114,1,20261121,1,20261128,1,20261205,1,20261212,1,20261219,1
'1179373',20260905,1,20260912,1,20260919,1,20260926,1,20260930,1,20261003,1,20261010,1,20261017,1,20261024,1,20261031,1,20261107,1,20261114,1,20261121,1,20261128,1,20261205,1,20261212,1,20261219,1
'1179374',20260902,1,20260903,1,20260904,1,20260908,1,20260909,1,20260910,1,20260911,1,20260914,1,20260915,1,20260916,1,20260917,1,20260918,1,20260921,1,20260922,1,20260923,1,20260924,1,20260925,1,20260928,1,20260929,1,20261001,1,20261002,1,20261005,1,20261006,1,20261007,1,20261008,1,20261009,1,20261013,1,20261014,1,20261015,1,20261016,1,20261019,1,20261020,1,20261021,1,20261022,1,20261023,1,20261026,1,20261027,1,20261028,1,20261029,1,20261030,1,20261102,1,20261103,1,20261104,1,20261105,1,20261106,1,20261109,1,20261110,1,20261112,1,20261113,1,20261116,1,20261117,1,20261118,1,20261119,1,20261120,1,20261123,1,20261124,1,20261125,1,20261126,1,20261127,1,20261130,1,20261201,1,20261202,1,20261203,1,20261204,1,20261207,1,20261208,1,20261209,1,20261210,1,20261211,1,20261214,1,20261215,1,20261216,1,20261217,1,20261218,1
'1179375',20260902,1,20260903,1,20260904,1,20260908,1,20260909,1,20260910,1,20260911,1,20260914,1,20260915,1,20260916,1,20260917,1,20260918,1,20260921,1,20260922,1,20260923,1,20260924,1,20260925,1,20260928,1,20260929,1,20261001,1,20261002,1,20261005,1,20261006,1,20261007,1,20261008,1,20261009,1,20261013,1,20261014,1,20261015,1,20261016,1,20261019,1,20261020,1,20261021,1,20261022,1,20261023,1,20261026,1,20261027,1,20261028,1,20261029,1,20261030,1,20261102,1,20261103,1,20261104,1,20261105,1,20261106,1,20261109,1,20261110,1,20261112,1,20261113,1,20261116,1,20261117,1,20261118,1,20261119,1,20261120,1,20261123,1,20261124,1,20261125,1,20261126,1,20261127,1,20261130,1,20261201,1,20261202,1,20261203,1,20261204,1,20261207,1,20261208,1,20261209,1,20261210,1,20261211,1,20261214,1,20261215,1,20261216,1,20261217,1,20261218,1
'1179380',20260905,1,20260912,1,20260919,1,20260926,1,20260930,1,20261003,1,20261010,1,20261017,1,20261024,1,20261031,1,20261107,1,20261114,1,20261121,1,20261128,1,20261205,1,20261212,1,20261219,1
'1179386',20260906,1,20260913,1,20260920,1,20260927,1,20261004,1,20261011,1,20261018,1,20261025,1,20261101,1,20261108,1,20261115,1,20261122,1,20261129,1,20261206,1,20261213,1
'1179387',20260905,1,20260912,1,20260919,1,20260926,1,20260930,1,20261003,1,20261010,1,20261017,1,20261024,1,20261031,1,20261107,1,20261114,1,20261121,1,20261128,1,20261205,1,20261212,1,20261219,1
'1179392',20260905,1,20260912,1,20260919,1,20260926,1,20260930,1,20261003,1,20261010,1,20261017,1,20261024,1,20261031,1,20261107,1,20261114,1,20261121,1,20261128,1,20261205,1,20261212,1,20261219,1
'1179393',20260902,1,20260903,1,20260904,1,20260908,1,20260909,1,20260910,1,20260911,1,20260914,1,20260915,1,20260916,1,20260917,1,20260918,1,20260921,1,20260922,1,20260923,1,20260924,1,20260925,1,20260928,1,20260929,1,20261001,1,20261002,1,20261005,1,20261006,1,20261007,1,20261008,1,20261009,1,20261013,1,20261014,1,20261015,1,20261016,1,20261019,1,20261020,1,20261021,1,20261022,1,20261023,1,20261026,1,20261027,1,20261028,1,20261029,1,20261030,1,20261102,1,20261103,1,20261104,1,20261105,1,20261106,1,20261109,1,20261110,1,20261112,1,20261113,1,20261116,1,20261117,1,20261118,1,20261119,1,20261120,1,20261123,1,20261124,1,20261125,1,20261126,1,20261127,1,20261130,1,20261201,1,20261202,1,20261203,1,20261204,1,20261207,1,20261208,1,20261209,1,20261210,1,20261211,1,20261214,1,20261215,1,20261216,1,20261217,1,20261218,1
'1179394',20260905,1,20260912,1,20260919,1,20260926,1,20260930,1,20261003,1,20261010,1,20261017,1,20261024,1,20261031,1,20261107,1,20261114,1,20261121,1,20261128,1,20261205,1,20261212,1,20261219,1
'1179396',20260905,1,20260912,1,20260919,1,20260926,1,20260930,1,20261003,1,20261010,1,20261017,1,20261024,1,20261031,1,20261107,1,20261114,1,20261121,1,20261128,1,20261205,1,20261212,1,20261219,1
'1179398',20260906,1,20260913,1,20260920,1,20260927,1,20261004,1,20261011,1,20261018,1,20261025,1,20261101,1,20261108,1,20261115,1,20261122,1,20261129,1,20261206,1,20261213,1
'1179399',20260902,1,20260903,1,20260904,1,20260908,1,20260909,1,20260910,1,20260911,1,20260914,1,20260915,1,20260916,1,20260917,1,20260918,1,20260921,1,20260922,1,20260923,1,20260924,1,20260925,1,20260928,1,20260929,1,20261001,1,20261002,1,20261005,1,20261006,1,20261007,1,20261008,1,20261009,1,20261013,1,20261014,1,20261015,1,20261016,1,20261019,1,20261020,1,20261021,1,20261022,1,20261023,1,20261026,1,20261027,1,20261028,1,20261029,1,20261030,1,20261102,1,20261103,1,20261104,1,20261105,1,20261106,1,20261109,1,20261110,1,20261112,1,20261113,1,20261116,1,20261117,1,20261118,1,20261119,1,20261120,1,20261123,1,20261124,1,20261125,1,20261126,1,20261127,1,20261130,1,20261201,1,20261202,1,20261203,1,20261204,1,20261207,1,20261208,1,20261209,1,20261210,1,20261211,1,20261214,1,20261215,1,20261216,1,20261217,1,20261218,1
'1179402',20260902,1,20260903,1,20260904,1,20260908,1,20260909,1,20260910,1,20260911,1,20260914,1,20260915,1,20260916,1,20260917,1,20260918,1,20260921,1,20260922,1,20260923,1,20260924,1,20260925,1,20260928,1,20260929,1,20261001,1,20261002,1,20261005,1,20261006,1,20261007,1,20261008,1,20261009,1,20261013,1,20261014,1,20261015,1,20261016,1,20261019,1,20261020,1,20261021,1,20261022,1,20261023,1,20261026,1,20261027,1,20261028,1,20261029,1,20261030,1,20261102,1,20261103,1,20261104,1,20261105,1,20261106,1,20261109,1,20261110,1,20261112,1,20261113,1,20261116,1,20261117,1,20261118,1,20261119,1,20261120,1,20261123,1,20261124,1,20261125,1,20261126,1,20261127,1,20261130,1,20261201,1,20261202,1,20261203,1,20261204,1,20261207,1,20261208,1,20261209,1,20261210,1,20261211,1,20261214,1,20261215,1,20261216,1,20261217,1,20261218,1
'1179403',20260902,1,20260903,1,20260904,1,20260908,1,20260909,1,20260910,1,20260911,1,20260914,1,20260915,1,20260916,1,20260917,1,20260918,1,20260921,1,20260922,1,20260923,1,20260924,1,20260925,1,20260928,1,20260929,1,20261001,1,20261002,1,20261005,1,20261006,1,20261007,1,20261008,1,20261009,1,20261013,1,20261014,1,20261015,1,20261016,1,20261019,1,20261020,1,20261021,1,20261022,1,20261023,1,20261026,1,20261027,1,20261028,1,20261029,1,20261030,1,20261102,1,20261103,1,20261104,1,20261105,1,20261106,1,20261109,1,20261110,1,20261112,1,20261113,1,20261116,1,20261117,1,20261118,1,20261119,1,20261120,1,20261123,1,20261124,1,20261125,1,20261126,1,20261127,1,20261130,1,20261201,1,20261202,1,20261203,1,20261204,1,20261207,1,20261208,1,20261209,1,20261210,1,20261211,1,20261214,1,20261215,1,20261216,1,20261217,1,20261218,1
'1179408',20260905,1,20260912,1,20260919,1,20260926,1,20260930,1,20261003,1,20261010,1,20261017,1,20261024,1,20261031,1,20261107,1,20261114,1,20261121,1,20261128,1,20261205,1,20261212,1,20261219,1
'1179410',20260906,1,20260913,1,20260920,1,20260927,1,20261004,1,20261011,1,20261018,1,20261025,1,20261101,1,20261108,1,20261115,1,20261122,1,20261129,1,20261206,1,20261213,1
'1179411',20260902,1,20260903,1,20260904,1,20260908,1,20260909,1,20260910,1,20260911,1,20260914,1,20260915,1,20260916,1,20260917,1,20260918,1,20260921,1,20260922,1,20260923,1,20260924,1,20260925,1,20260928,1,20260929,1,20261001,1,20261002,1,20261005,1,20261006,1,20261007,1,20261008,1,20261009,1,20261013,1,20261014,1,20261015,1,20261016,1,20261019,1,20261020,1,20261021,1,20261022,1,20261023,1,20261026,1,20261027,1,20261028,1,20261029,1,20261030,1,20261102,1,20261103,1,20261104,1,20261105,1,20261106,1,20261109,1,20261110,1,20261112,1,20261113,1,20261116,1,20261117,1,20261118,1,20261119,1,20261120,1,20261123,1,20261124,1,20261125,1,20261126,1,20261127,1,20261130,1,20261201,1,20261202,1,20261203,1,20261204,1,20261207,1,20261208,1,20261209,1,20261210,1,20261211,1,20261214,1,20261215,1,20261216,1,20261217,1,20261218,1
'1179412',20260905,1,20260912,1,20260919,1,20260926,1,20260930,1,20261003,1,20261010,1,20261017,1,20261024,1,20261031,1,20261107,1,20261114,1,20261121,1,20261128,1,20261205,1,20261212,1,20261219,1
'1179413',20260902,1,20260903,1,20260904,1,20260908,1,20260909,1,20260910,1,20260911,1,20260914,1,20260915,1,20260916,1,20260917,1,20260918,1,20260921,1,20260922,1,20260923,1,20260924,1,20260925,1,20260928,1,20260929,1,20261001,1,20261002,1,20261005,1,20261006,1,20261007,1,20261008,1,20261009,1,20261013,1,20261014,1,20261015,1,20261016,1,20261019,1,20261020,1,20261021,1,20261022,1,20261023,1,20261026,1,20261027,1,20261028,1,20261029,1,20261030,1,20261102,1,20261103,1,20261104,1,20261105,1,20261106,1,20261109,1,20261110,1,20261112,1,20261113,1,20261116,1,20261117,1,20261118,1,20261119,1,20261120,1,20261123,1,20261124,1,20261125,1,20261126,1,20261127,1,20261130,1,20261201,1,20261202,1,20261203,1,20261204,1,20261207,1,20261208,1,20261209,1,20261210,1,20261211,1,20261214,1,20261215,1,20261216,1,20261217,1,20261218,1
'1179415',20260905,1,20260912,1,20260919,1,20260926,1,20260930,1,20261003,1,20261010,1,20261017,1,20261024,1,20261031,1,20261107,1,20261114,1,20261121,1,20261128,1,20261205,1,20261212,1,20261219,1
'1179417',20260905,1,20260912,1,20260919,1,20260926,1,20260930,1,20261003,1,20261010,1,20261017,1,20261024,1,20261031,1,20261107,1,20261114,1,20261121,1,20261128,1,20261205,1,20261212,1,20261219,1
'1179421',20260905,1,20260912,1,20260919,1,20260926,1,20260930,1,20261003,1,20261010,1,20261017,1,20261024,1,20261031,1,20261107,1,20261114,1,20261121,1,20261128,1,20261205,1,20261212,1,20261219,1
'1179423',20260906,1,20260913,1,20260920,1,20260927,1,20261004,1,20261011,1,20261018,1,20261025,1,20261101,1,20261108,1,20261115,1,20261122,1,20261129,1,20261206,1,20261213,1
'1179424',20260902,1,20260903,1,20260904,1,20260908,1,20260909,1,20260910,1,20260911,1,20260914,1,20260915,1,20260916,1,20260917,1,20260918,1,20260921,1,20260922,1,20260923,1,20260924,1,20260925,1,20260928,1,20260929,1,20261001,1,20261002,1,20261005,1,20261006,1,20261007,1,20261008,1,20261009,1,20261013,1,20261014,1,20261015,1,20261016,1,20261019,1,20261020,1,20261021,1,20261022,1,20261023,1,20261026,1,20261027,1,20261028,1,20261029,1,20261030,1,20261102,1,20261103,1,20261104,1,20261105,1,20261106,1,20261109,1,20261110,1,20261112,1,20261113,1,20261116,1,20261117,1,20261118,1,20261119,1,20261120,1,20261123,1,20261124,1,20261125,1,20261126,1,20261127,1,20261130,1,20261201,1,20261202,1,20261203,1,20261204,1,20261207,1,20261208,1,20261209,1,20261210,1,20261211,1,20261214,1,20261215,1,20261216,1,20261217,1,20261218,1
'1179425',20260905,1,20260912,1,20260919,1,20260926,1,20260930,1,20261003,1,20261010,1,20261017,1,20261024,1,20261031,1,20261107,1,20261114,1,20261121,1,20261128,1,20261205,1,20261212,1,20261219,1
'1179426',20260905,1,20260912,1,20260919,1,20260926,1,20260930,1,20261003,1,20261010,1,20261017,1,20261024,1,20261031,1,20261107,1,20261114,1,20261121,1,20261128,1,20261205,1,20261212,1,20261219,1
'1179429',20260906,1,20260913,1,20260920,1,20260927,1,20261004,1,20261011,1,20261018,1,20261025,1,20261101,1,20261108,1,20261115,1,20261122,1,20261129,1,20261206,1,20261213,1
'1179430',20260902,1,20260903,1,20260904,1,20260908,1,20260909,1,20260910,1,20260911,1,20260914,1,20260915,1,20260916,1,20260917,1,20260918,1,20260921,1,20260922,1,20260923,1,20260924,1,20260925,1,20260928,1,20260929,1,20261001,1,20261002,1,20261005,1,20261006,1,20261007,1,20261008,1,20261009,1,20261013,1,20261014,1,20261015,1,20261016,1,20261019,1,20261020,1,20261021,1,20261022,1,20261023,1,20261026,1,20261027,1,20261028,1,20261029,1,20261030,1,20261102,1,20261103,1,20261104,1,20261105,1,20261106,1,20261109,1,20261110,1,20261112,1,20261113,1,20261116,1,20261117,1,20261118,1,20261119,1,20261120,1,20261123,1,20261124,1,20261125,1,20261126,1,20261127,1,20261130,1,20261201,1,20261202,1,20261203,1,20261204,1,20261207,1,20261208,1,20261209,1,20261210,1,20261211,1,20261214,1,20261215,1,20261216,1,20261217,1,20261218,1
'1179431',20260905,1,20260912,1,20260919,1,20260926,1,20260930,1,20261003,1,20261010,1,20261017,1,20261024,1,20261031,1,20261107,1,20261114,1,20261121,1,20261128,1,20261205,1,20261212,1,20261219,1
'1179433',20260902,1,20260903,1,20260904,1,20260908,1,20260909,1,20260910,1,20260911,1,20260914,1,20260915,1,20260916,1,20260917,1,20260918,1,20260921,1,20260922,1,20260923,1,20260924,1,20260925,1,20260928,1,20260929,1,20261001,1,20261002,1,20261005,1,20261006,1,20261007,1,20261008,1,20261009,1,20261013,1,20261014,1,20261015,1,20261016,1,20261019,1,20261020,1,20261021,1,20261022,1,20261023,1,20261026,1,20261027,1,20261028,1,20261029,1,20261030,1,20261102,1,20261103,1,20261104,1,20261105,1,20261106,1,20261109,1,20261110,1,20261112,1,20261113,1,20261116,1,20261117,1,20261118,1,20261119,1,20261120,1,20261123,1,20261124,1,20261125,1,20261126,1,20261127,1,20261130,1,20261201,1,20261202,1,20261203,1,20261204,1,20261207,1,20261208,1,20261209,1,20261210,1,20261211,1,20261214,1,20261215,1,20261216,1,20261217,1,20261218,1
'1179437',20260902,1,20260903,1,20260904,1,20260908,1,20260909,1,20260910,1,20260911,1,20260914,1,20260915,1,20260916,1,20260917,1,20260918,1,20260921,1,20260922,1,20260923,1,20260924,1,20260925,1,20260928,1,20260929,1,20261001,1,20261002,1,20261005,1,20261006,1,20261007,1,20261008,1,20261009,1,20261013,1,20261014,1,20261015,1,20261016,1,20261019,1,20261020,1,20261021,1,20261022,1,20261023,1,20261026,1,20261027,1,20261028,1,20261029,1,20261030,1,20261102,1,20261103,1,20261104,1,20261105,1,20261106,1,20261109,1,20261110,1,20261112,1,20261113,1,20261116,1,20261117,1,20261118,1,20261119,1,20261120,1,20261123,1,20261124,1,20261125,1,20261126,1,20261127,1,20261130,1,20261201,1,20261202,1,20261203,1,20261204,1,20261207,1,20261208,1,20261209,1,20261210,1,20261211,1,20261214,1,20261215,1,20261216,1,20261217,1,20261218,1
'1179438',20260905,1,20260912,1,20260919,1,20260926,1,20260930,1,20261003,1,20261010,1,20261017,1,20261024,1,20261031,1,20261107,1,20261114,1,20261121,1,20261128,1,20261205,1,20261212,1,20261219,1
'1179440',20260905,1,20260912,1,20260919,1,20260926,1,20260930,1,20261003,1,20261010,1,20261017,1,20261024,1,20261031,1,20261107,1,20261114,1,20261121,1,20261128,1,20261205,1,20261212,1,20261219,1
'1179442',20260905,1,20260912,1,20260919,1,20260926,1,20260930,1,20261003,1,20261010,1,20261017,1,20261024,1,20261031,1,20261107,1,20261114,1,20261121,1,20261128,1,20261205,1,20261212,1,20261219,1
'1179443',20260902,1,20260903,1,20260904,1,20260908,1,20260909,1,20260910,1,20260911,1,20260914,1,20260915,1,20260916,1,20260917,1,20260918,1,20260921,1,20260922,1,20260923,1,20260924,1,20260925,1,20260928,1,20260929,1,20261001,1,20261002,1,20261005,1,20261006,1,20261007,1,20261008,1,20261009,1,20261013,1,20261014,1,20261015,1,20261016,1,20261019,1,20261020,1,20261021,1,20261022,1,20261023,1,20261026,1,20261027,1,20261028,1,20261029,1,20261030,1,20261102,1,20261103,1,20261104,1,20261105,1,20261106,1,20261109,1,20261110,1,20261112,1,20261113,1,20261116,1,20261117,1,20261118,1,20261119,1,20261120,1,20261123,1,20261124,1,20261125,1,20261126,1,20261127,1,20261130,1,20261201,1,20261202,1,20261203,1,20261204,1,20261207,1,20261208,1,20261209,1,20261210,1,20261211,1,20261214,1,20261215,1,20261216,1,20261217,1,20261218,1
'1179444',20260902,1,20260903,1,20260904,1,20260908,1,20260909,1,20260910,1,20260911,1,20260914,1,20260915,1,20260916,1,20260917,1,20260918,1,20260921,1,20260922,1,20260923,1,20260924,1,20260925,1,20260928,1,20260929,1,20261001,1,20261002,1,20261005,1,20261006,1,20261007,1,20261008,1,20261009,1,20261013,1,20261014,1,20261015,1,20261016,1,20261019,1,20261020,1,20261021,1,20261022,1,20261023,1,20261026,1,20261027,1,20261028,1,20261029,1,20261030,1,20261102,1,20261103,1,20261104,1,20261105,1,20261106,1,20261109,1,20261110,1,20261112,1,20261113,1,20261116,1,20261117,1,20261118,1,20261119,1,20261120,1,20261123,1,20261124,1,20261125,1,20261126,1,20261127,1,20261130,1,20261201,1,20261202,1,20261203,1,20261204,1,20261207,1,20261208,1,20261209,1,20261210,1,20261211,1,20261214,1,20261215,1,20261216,1,20261217,1,20261218,1
'1179445',20260902,1,20260903,1,20260904,1,20260908,1,20260909,1,20260910,1,20260911,1,20260914,1,20260915,1,20260916,1,20260917,1,20260918,1,20260921,1,20260922,1,20260923,1,20260924,1,20260925,1,20260928,1,20260929,1,20261001,1,20261002,1,20261005,1,20261006,1,20261007,1,20261008,1,20261009,1,20261013,1,20261014,1,20261015,1,20261016,1,20261019,1,20261020,1,20261021,1,20261022,1,20261023,1,20261026,1,20261027,1,20261028,1,20261029,1,20261030,1,20261102,1,20261103,1,20261104,1,20261105,1,20261106,1,20261109,1,20261110,1,20261112,1,20261113,1,20261116,1,20261117,1,20261118,1,20261119,1,20261120,1,20261123,1,20261124,1,20261125,1,20261126,1,20261127,1,20261130,1,20261201,1,20261202,1,20261203,1,20261204,1,20261207,1,20261208,1,20261209,1,20261210,1,20261211,1,20261214,1,20261215,1,20261216,1,20261217,1,20261218,1
'1179446',20260905,1,20260912,1,20260919,1,20260926,1,20260930,1,20261003,1,20261010,1,20261017,1,20261024,1,20261031,1,20261107,1,20261114,1,20261121,1,20261128,1,20261205,1,20261212,1,20261219,1
'1179447',20260906,1,20260913,1,20260920,1,20260927,1,20261004,1,20261011,1,20261018,1,20261025,1,20261101,1,20261108,1,20261115,1,20261122,1,20261129,1,20261206,1,20261213,1
'1179449',20260902,1,20260903,1,20260904,1,20260908,1,20260909,1,20260910,1,20260911,1,20260914,1,20260915,1,20260916,1,20260917,1,20260918,1,20260921,1,20260922,1,20260923,1,20260924,1,20260925,1,20260928,1,20260929,1,20261001,1,20261002,1,20261005,1,20261006,1,20261007,1,20261008,1,20261009,1,20261013,1,20261014,1,20261015,1,20261016,1,20261019,1,20261020,1,20261021,1,20261022,1,20261023,1,20261026,1,20261027,1,20261028,1,20261029,1,20261030,1,20261102,1,20261103,1,20261104,1,20261105,1,20261106,1,20261109,1,20261110,1,20261112,1,20261113,1,20261116,1,20261117,1,20261118,1,20261119,1,20261120,1,20261123,1,20261124,1,20261125,1,20261126,1,20261127,1,20261130,1,20261201,1,20261202,1,20261203,1,20261204,1,20261207,1,20261208,1,20261209,1,20261210,1,20261211,1,20261214,1,20261215,1,20261216,1,20261217,1,20261218,1
'1179452',20260902,1,20260903,1,20260904,1,20260908,1,20260909,1,20260910,1,20260911,1,20260914,1,20260915,1,20260916,1,20260917,1,20260918,1,20260921,1,20260922,1,20260923,1,20260924,1,20260925,1,20260928,1,20260929,1,20261001,1,20261002,1,20261005,1,20261006,1,20261007,1,20261008,1,20261009,1,20261013,1,20261014,1,20261015,1,20261016,1,20261019,1,20261020,1,20261021,1,20261022,1,20261023,1,20261026,1,20261027,1,20261028,1,20261029,1,20261030,1,20261102,1,20261103,1,20261104,1,20261105,1,20261106,1,20261109,1,20261110,1,20261112,1,20261113,1,20261116,1,20261117,1,20261118,1,20261119,1,20261120,1,20261123,1,20261124,1,20261125,1,20261126,1,20261127,1,20261130,1,20261201,1,20261202,1,20261203,1,20261204,1,20261207,1,20261208,1,20261209,1,20261210,1,20261211,1,20261214,1,20261215,1,20261216,1,20261217,1,20261218,1
'1179453',20260905,1,20260912,1,20260919,1,20260926,1,20260930,1,20261003,1,20261010,1,20261017,1,20261024,1,20261031,1,20261107,1,20261114,1,20261121,1,20261128,1,20261205,1,20261212,1,20261219,1
'1179457',20260902,1,20260903,1,20260904,1,20260908,1,20260909,1,20260910,1,20260911,1,20260914,1,20260915,1,20260916,1,20260917,1,20260918,1,20260921,1,20260922,1,20260923,1,20260924,1,20260925,1,20260928,1,20260929,1,20261001,1,20261002,1,20261005,1,20261006,1,20261007,1,20261008,1,20261009,1,20261013,1,20261014,1,20261015,1,20261016,1,20261019,1,20261020,1,20261021,1,20261022,1,20261023,1,20261026,1,20261027,1,20261028,1,20261029,1,20261030,1,20261102,1,20261103,1,20261104,1,20261105,1,20261106,1,20261109,1,20261110,1,20261112,1,20261113,1,20261116,1,20261117,1,20261118,1,20261119,1,20261120,1,20261123,1,20261124,1,20261125,1,20261126,1,20261127,1,20261130,1,20261201,1,20261202,1,20261203,1,20261204,1,20261207,1,20261208,1,20261209,1,20261210,1,20261211,1,20261214,1,20261215,1,20261216,1,20261217,1,20261218,1
'1179458',20260902,1,20260903,1,20260904,1,20260908,1,20260909,1,20260910,1,20260911,1,20260914,1,20260915,1,20260916,1,20260917,1,20260918,1,20260921,1,20260922,1,20260923,1,20260924,1,20260925,1,20260928,1,20260929,1,20261001,1,20261002,1,20261005,1,20261006,1,20261007,1,20261008,1,20261009,1,20261013,1,20261014,1,20261015,1,20261016,1,20261019,1,20261020,1,20261021,1,20261022,1,20261023,1,20261026,1,20261027,1,20261028,1,20261029,1,20261030,1,20261102,1,20261103,1,20261104,1,20261105,1,20261106,1,20261109,1,20261110,1,20261112,1,20261113,1,20261116,1,20261117,1,20261118,1,20261119,1,20261120,1,20261123,1,20261124,1,20261125,1,20261126,1,20261127,1,20261130,1,20261201,1,20261202,1,20261203,1,20261204,1,20261207,1,20261208,1,20261209,1,20261210,1,20261211,1,20261214,1,20261215,1,20261216,1,20261217,1,20261218,1
'1179459',20260906,1,20260913,1,20260920,1,20260927,1,20261004,1,20261011,1,20261018,1,20261025,1,20261101,1,20261108,1,20261115,1,20261122,1,20261129,1,20261206,1,20261213,1
'1179462',20260906,1,20260913,1,20260920,1,20260927,1,20261004,1,20261011,1,20261018,1,20261025,1,20261101,1,20261108,1,20261115,1,20261122,1,20261129,1,20261206,1,20261213,1
'1179469',20260906,1,20260913,1,20260920,1,20260927,1,20261004,1,20261011,1,20261018,1,20261025,1,20261101,1,20261108,1,20261115,1,20261122,1,20261129,1,20261206,1,20261213,1
'1179473',20260906,1,20260913,1,20260920,1,20260927,1,20261004,1,20261011,1,20261018,1,20261025,1,20261101,1,20261108,1,20261115,1,20261122,1,20261129,1,20261206,1,20261213,1
'1179477',20260902,1,20260903,1,20260904,1,20260908,1,20260909,1,20260910,1,20260911,1,20260914,1,20260915,1,20260916,1,20260917,1,20260918,1,20260921,1,20260922,1,20260923,1,20260924,1,20260925,1,20260928,1,20260929,1,20261001,1,20261002,1,20261005,1,20261006,1,20261007,1,20261008,1,20261009,1,20261013,1,20261014,1,20261015,1,20261016,1,20261019,1,20261020,1,20261021,1,20261022,1,20261023,1,20261026,1,20261027,1,20261028,1,20261029,1,20261030,1,20261102,1,20261103,1,20261104,1,20261105,1,20261106,1,20261109,1,20261110,1,20261112,1,20261113,1,20261116,1,20261117,1,20261118,1,20261119,1,20261120,1,20261123,1,20261124,1,20261125,1,20261126,1,20261127,1,20261130,1,20261201,1,20261202,1,20261203,1,20261204,1,20261207,1,20261208,1,20261209,1,20261210,1,20261211,1,20261214,1,20261215,1,20261216,1,20261217,1,20261218,1
'1179479',20260902,1,20260903,1,20260904,1,20260908,1,20260909,1,20260910,1,20260911,1,20260914,1,20260915,1,20260916,1,20260917,1,20260918,1,20260921,1,20260922,1,20260923,1,20260924,1,20260925,1,20260928,1,20260929,1,20261001,1,20261002,1,20261005,1,20261006,1,20261007,1,20261008,1,20261009,1,20261013,1,20261014,1,20261015,1,20261016,1,20261019,1,20261020,1,20261021,1,20261022,1,20261023,1,20261026,1,20261027,1,20261028,1,20261029,1,20261030,1,20261102,1,20261103,1,20261104,1,20261105,1,20261106,1,20261109,1,20261110,1,20261112,1,20261113,1,20261116,1,20261117,1,20261118,1,20261119,1,20261120,1,20261123,1,20261124,1,20261125,1,20261126,1,20261127,1,20261130,1,20261201,1,20261202,1,20261203,1,20261204,1,20261207,1,20261208,1,20261209,1,20261210,1,20261211,1,20261214,1,20261215,1,20261216,1,20261217,1,20261218,1
'1179483',20260902,1,20260903,1,20260904,1,20260908,1,20260909,1,20260910,1,20260911,1,20260914,1,20260915,1,20260916,1,20260917,1,20260918,1,20260921,1,20260922,1,20260923,1,20260924,1,20260925,1,20260928,1,20260929,1,20261001,1,20261002,1,20261005,1,20261006,1,20261007,1,20261008,1,20261009,1,20261013,1,20261014,1,20261015,1,20261016,1,20261019,1,20261020,1,20261021,1,20261022,1,20261023,1,20261026,1,20261027,1,20261028,1,20261029,1,20261030,1,20261102,1,20261103,1,20261104,1,20261105,1,20261106,1,20261109,1,20261110,1,20261112,1,20261113,1,20261116,1,20261117,1,20261118,1,20261119,1,20261120,1,20261123,1,20261124,1,20261125,1,20261126,1,20261127,1,20261130,1,20261201,1,20261202,1,20261203,1,20261204,1,20261207,1,20261208,1,20261209,1,20261210,1,20261211,1,20261214,1,20261215,1,20261216,1,20261217,1,20261218,1
'1179488',20260905,1,20260912,1,20260919,1,20260926,1,20260930,1,20261003,1,20261010,1,20261017,1,20261024,1,20261031,1,20261107,1,20261114,1,20261121,1,20261128,1,20261205,1,20261212,1,20261219,1
'1179493',20260902,1,20260903,1,20260904,1,20260908,1,20260909,1,20260910,1,20260911,1,20260914,1,20260915,1,20260916,1,20260917,1,20260918,1,20260921,1,20260922,1,20260923,1,20260924,1,20260925,1,20260928,1,20260929,1,20261001,1,20261002,1,20261005,1,20261006,1,20261007,1,20261008,1,20261009,1,20261013,1,20261014,1,20261015,1,20261016,1,20261019,1,20261020,1,20261021,1,20261022,1,20261023,1,20261026,1,20261027,1,20261028,1,20261029,1,20261030,1,20261102,1,20261103,1,20261104,1,20261105,1,20261106,1,20261109,1,20261110,1,20261112,1,20261113,1,20261116,1,20261117,1,20261118,1,20261119,1,20261120,1,20261123,1,20261124,1,20261125,1,20261126,1,20261127,1,20261130,1,20261201,1,20261202,1,20261203,1,20261204,1,20261207,1,20261208,1,20261209,1,20261210,1,20261211,1,20261214,1,20261215,1,20261216,1,20261217,1,20261218,1
'1179494',20260902,1,20260903,1,20260904,1,20260908,1,20260909,1,20260910,1,20260911,1,20260914,1,20260915,1,20260916,1,20260917,1,20260918,1,20260921,1,20260922,1,20260923,1,20260924,1,20260925,1,20260928,1,20260929,1,20261001,1,20261002,1,20261005,1,20261006,1,20261007,1,20261008,1,20261009,1,20261013,1,20261014,1,20261015,1,20261016,1,20261019,1,20261020,1,20261021,1,20261022,1,20261023,1,20261026,1,20261027,1,20261028,1,20261029,1,20261030,1,20261102,1,20261103,1,20261104,1,20261105,1,20261106,1,20261109,1,20261110,1,20261112,1,20261113,1,20261116,1,20261117,1,20261118,1,20261119,1,20261120,1,20261123,1,20261124,1,20261125,1,20261126,1,20261127,1,20261130,1,20261201,1,20261202,1,20261203,1,20261204,1,20261207,1,20261208,1,20261209,1,20261210,1,20261211,1,20261214,1,20261215,1,20261216,1,20261217,1,20261218,1
'1179495',20260905,1,20260912,1,20260919,1,20260926,1,20260930,1,20261003,1,20261010,1,20261017,1,20261024,1,20261031,1,20261107,1,20261114,1,20261121,1,20261128,1,20261205,1,20261212,1,20261219,1
'1179496',20260902,1,20260903,1,20260904,1,20260908,1,20260909,1,20260910,1,20260911,1,20260914,1,20260915,1,20260916,1,20260917,1,20260918,1,20260921,1,20260922,1,20260923,1,20260924,1,20260925,1,20260928,1,20260929,1,20261001,1,20261002,1,20261005,1,20261006,1,20261007,1,20261008,1,20261009,1,20261013,1,20261014,1,20261015,1,20261016,1,20261019,1,20261020,1,20261021,1,20261022,1,20261023,1,20261026,1,20261027,1,20261028,1,20261029,1,20261030,1,20261102,1,20261103,1,20261104,1,20261105,1,20261106,1,20261109,1,20261110,1,20261112,1,20261113,1,20261116,1,20261117,1,20261118,1,20261119,1,20261120,1,20261123,1,20261124,1,20261125,1,20261126,1,20261127,1,20261130,1,20261201,1,20261202,1,20261203,1,20261204,1,20261207,1,20261208,1,20261209,1,20261210,1,20261211,1,20261214,1,20261215,1,20261216,1,20261217,1,20261218,1
'1179498',20260902,1,20260903,1,20260904,1,20260908,1,20260909,1,20260910,1,20260911,1,20260914,1,20260915,1,20260916,1,20260917,1,20260918,1,20260921,1,20260922,1,20260923,1,20260924,1,20260925,1,20260928,1,20260929,1,20261001,1,20261002,1,20261005,1,20261006,1,20261007,1,20261008,1,20261009,1,20261013,1,20261014,1,20261015,1,20261016,1,20261019,1,20261020,1,20261021,1,20261022,1,20261023,1,20261026,1,20261027,1,20261028,1,20261029,1,20261030,1,20261102,1,20261103,1,20261104,1,20261105,1,20261106,1,20261109,1,20261110,1,20261112,1,20261113,1,20261116,1,20261117,1,20261118,1,20261119,1,20261120,1,20261123,1,20261124,1,20261125,1,20261126,1,20261127,1,20261130,1,20261201,1,20261202,1,20261203,1,20261204,1,20261207,1,20261208,1,20261209,1,20261210,1,20261211,1,20261214,1,20261215,1,20261216,1,20261217,1,20261218,1
'1179499',20260902,1,20260903,1,20260904,1,20260908,1,20260909,1,20260910,1,20260911,1,20260914,1,20260915,1,20260916,1,20260917,1,20260918,1,20260921,1,20260922,1,20260923,1,20260924,1,20260925,1,20260928,1,20260929,1,20261001,1,20261002,1,20261005,1,20261006,1,20261007,1,20261008,1,20261009,1,20261013,1,20261014,1,20261015,1,20261016,1,20261019,1,20261020,1,20261021,1,20261022,1,20261023,1,20261026,1,20261027,1,20261028,1,20261029,1,20261030,1,20261102,1,20261103,1,20261104,1,20261105,1,20261106,1,20261109,1,20261110,1,20261112,1,20261113,1,20261116,1,20261117,1,20261118,1,20261119,1,20261120,1,20261123,1,20261124,1,20261125,1,20261126,1,20261127,1,20261130,1,20261201,1,20261202,1,20261203,1,20261204,1,20261207,1,20261208,1,20261209,1,20261210,1,20261211,1,20261214,1,20261215,1,20261216,1,20261217,1,20261218,1
'1179504',20260902,1,20260903,1,20260904,1,20260908,1,20260909,1,20260910,1,20260911,1,20260914,1,20260915,1,20260916,1,20260917,1,20260918,1,20260921,1,20260922,1,20260923,1,20260924,1,20260925,1,20260928,1,20260929,1,20261001,1,20261002,1,20261005,1,20261006,1,20261007,1,20261008,1,20261009,1,20261013,1,20261014,1,20261015,1,20261016,1,20261019,1,20261020,1,20261021,1,20261022,1,20261023,1,20261026,1,20261027,1,20261028,1,20261029,1,20261030,1,20261102,1,20261103,1,20261104,1,20261105,1,20261106,1,20261109,1,20261110,1,20261112,1,20261113,1,20261116,1,20261117,1,20261118,1,20261119,1,20261120,1,20261123,1,20261124,1,20261125,1,20261126,1,20261127,1,20261130,1,20261201,1,20261202,1,20261203,1,20261204,1,20261207,1,20261208,1,20261209,1,20261210,1,20261211,1,20261214,1,20261215,1,20261216,1,20261217,1,20261218,1
'1179507',20260902,1,20260903,1,20260904,1,20260908,1,20260909,1,20260910,1,20260911,1,20260914,1,20260915,1,20260916,1,20260917,1,20260918,1,20260921,1,20260922,1,20260923,1,20260924,1,20260925,1,20260928,1,20260929,1,20261001,1,20261002,1,20261005,1,20261006,1,20261007,1,20261008,1,20261009,1,20261013,1,20261014,1,20261015,1,20261016,1,20261019,1,20261020,1,20261021,1,20261022,1,20261023,1,20261026,1,20261027,1,20261028,1,20261029,1,20261030,1,20261102,1,20261103,1,20261104,1,20261105,1,20261106,1,20261109,1,20261110,1,20261112,1,20261113,1,20261116,1,20261117,1,20261118,1,20261119,1,20261120,1,20261123,1,20261124,1,20261125,1,20261126,1,20261127,1,20261130,1,20261201,1,20261202,1,20261203,1,20261204,1,20261207,1,20261208,1,20261209,1,20261210,1,20261211,1,20261214,1,20261215,1,20261216,1,20261217,1,20261218,1
'1179509',20260905,1,20260912,1,20260919,1,20260926,1,20260930,1,20261003,1,20261010,1,20261017,1,20261024,1,20261031,1,20261107,1,20261114,1,20261121,1,20261128,1,20261205,1,20261212,1,20261219,1
'1179510',20260902,1,20260903,1,20260904,1,20260908,1,20260909,1,20260910,1,20260911,1,20260914,1,20260915,1,20260916,1,20260917,1,20260918,1,20260921,1,20260922,1,20260923,1,20260924,1,20260925,1,20260928,1,20260929,1,20261001,1,20261002,1,20261005,1,20261006,1,20261007,1,20261008,1,20261009,1,20261013,1,20261014,1,20261015,1,20261016,1,20261019,1,20261020,1,20261021,1,20261022,1,20261023,1,20261026,1,20261027,1,20261028,1,20261029,1,20261030,1,20261102,1,20261103,1,20261104,1,20261105,1,20261106,1,20261109,1,20261110,1,20261112,1,20261113,1,20261116,1,20261117,1,20261118,1,20261119,1,20261120,1,20261123,1,20261124,1,20261125,1,20261126,1,20261127,1,20261130,1,20261201,1,20261202,1,20261203,1,20261204,1,20261207,1,20261208,1,20261209,1,20261210,1,20261211,1,20261214,1,20261215,1,20261216,1,20261217,1,20261218,1
'1179511',20260902,1,20260903,1,20260904,1,20260908,1,20260909,1,20260910,1,20260911,1,20260914,1,20260915,1,20260916,1,20260917,1,20260918,1,20260921,1,20260922,1,20260923,1,20260924,1,20260925,1,20260928,1,20260929,1,20261001,1,20261002,1,20261005,1,20261006,1,20261007,1,20261008,1,20261009,1,20261013,1,20261014,1,20261015,1,20261016,1,20261019,1,20261020,1,20261021,1,20261022,1,20261023,1,20261026,1,20261027,1,20261028,1,20261029,1,20261030,1,20261102,1,20261103,1,20261104,1,20261105,1,20261106,1,20261109,1,20261110,1,20261112,1,20261113,1,20261116,1,20261117,1,20261118,1,20261119,1,20261120,1,20261123,1,20261124,1,20261125,1,20261126,1,20261127,1,20261130,1,20261201,1,20261202,1,20261203,1,20261204,1,20261207,1,20261208,1,20261209,1,20261210,1,20261211,1,20261214,1,20261215,1,20261216,1,20261217,1,20261218,1
'1179512',20260906,1,20260913,1,20260920,1,20260927,1,20261004,1,20261011,1,20261018,1,20261025,1,20261101,1,20261108,1,20261115,1,20261122,1,20261129,1,20261206,1,20261213,1
'1179513',20260902,1,20260903,1,20260904,1,20260908,1,20260909,1,20260910,1,20260911,1,20260914,1,20260915,1,20260916,1,20260917,1,20260918,1,20260921,1,20260922,1,20260923,1,20260924,1,20260925,1,20260928,1,20260929,1,20261001,1,20261002,1,20261005,1,20261006,1,20261007,1,20261008,1,20261009,1,20261013,1,20261014,1,20261015,1,20261016,1,20261019,1,20261020,1,20261021,1,20261022,1,20261023,1,20261026,1,20261027,1,20261028,1,20261029,1,20261030,1,20261102,1,20261103,1,20261104,1,20261105,1,20261106,1,20261109,1,20261110,1,20261112,1,20261113,1,20261116,1,20261117,1,20261118,1,20261119,1,20261120,1,20261123,1,20261124,1,20261125,1,20261126,1,20261127,1,20261130,1,20261201,1,20261202,1,20261203,1,20261204,1,20261207,1,20261208,1,20261209,1,20261210,1,20261211,1,20261214,1,20261215,1,20261216,1,20261217,1,20261218,1
'1179516',20260905,1,20260912,1,20260919,1,20260926,1,20260930,1,20261003,1,20261010,1,20261017,1,20261024,1,20261031,1,20261107,1,20261114,1,20261121,1,20261128,1,20261205,1,20261212,1,20261219,1
'1179518',20260906,1,20260913,1,20260920,1,20260927,1,20261004,1,20261011,1,20261018,1,20261025,1,20261101,1,20261108,1,20261115,1,20261122,1,20261129,1,20261206,1,20261213,1
'1179521',20260902,1,20260903,1,20260904,1,20260908,1,20260909,1,20260910,1,20260911,1,20260914,1,20260915,1,20260916,1,20260917,1,20260918,1,20260921,1,20260922,1,20260923,1,20260924,1,20260925,1,20260928,1,20260929,1,20261001,1,20261002,1,20261005,1,20261006,1,20261007,1,20261008,1,20261009,1,20261013,1,20261014,1,20261015,1,20261016,1,20261019,1,20261020,1,20261021,1,20261022,1,20261023,1,20261026,1,20261027,1,20261028,1,20261029,1,20261030,1,20261102,1,20261103,1,20261104,1,20261105,1,20261106,1,20261109,1,20261110,1,20261112,1,20261113,1,20261116,1,20261117,1,20261118,1,20261119,1,20261120,1,20261123,1,20261124,1,20261125,1,20261126,1,20261127,1,20261130,1,20261201,1,20261202,1,20261203,1,20261204,1,20261207,1,20261208,1,20261209,1,20261210,1,20261211,1,20261214,1,20261215,1,20261216,1,20261217,1,20261218,1
'1179523',20260902,1,20260903,1,20260904,1,20260908,1,20260909,1,20260910,1,20260911,1,20260914,1,20260915,1,20260916,1,20260917,1,20260918,1,20260921,1,20260922,1,20260923,1,20260924,1,20260925,1,20260928,1,20260929,1,20261001,1,20261002,1,20261005,1,20261006,1,20261007,1,20261008,1,20261009,1,20261013,1,20261014,1,20261015,1,20261016,1,20261019,1,20261020,1,20261021,1,20261022,1,20261023,1,20261026,1,20261027,1,20261028,1,20261029,1,20261030,1,20261102,1,20261103,1,20261104,1,20261105,1,20261106,1,20261109,1,20261110,1,20261112,1,20261113,1,20261116,1,20261117,1,20261118,1,20261119,1,20261120,1,20261123,1,20261124,1,20261125,1,20261126,1,20261127,1,20261130,1,20261201,1,20261202,1,20261203,1,20261204,1,20261207,1,20261208,1,20261209,1,20261210,1,20261211,1,20261214,1,20261215,1,20261216,1,20261217,1,20261218,1
'1179524',20260902,1,20260903,1,20260904,1,20260908,1,20260909,1,20260910,1,20260911,1,20260914,1,20260915,1,20260916,1,20260917,1,20260918,1,20260921,1,20260922,1,20260923,1,20260924,1,20260925,1,20260928,1,20260929,1,20261001,1,20261002,1,20261005,1,20261006,1,20261007,1,20261008,1,20261009,1,20261013,1,20261014,1,20261015,1,20261016,1,20261019,1,20261020,1,20261021,1,20261022,1,20261023,1,20261026,1,20261027,1,20261028,1,20261029,1,20261030,1,20261102,1,20261103,1,20261104,1,20261105,1,20261106,1,20261109,1,20261110,1,20261112,1,20261113,1,20261116,1,20261117,1,20261118,1,20261119,1,20261120,1,20261123,1,20261124,1,20261125,1,20261126,1,20261127,1,20261130,1,20261201,1,20261202,1,20261203,1,20261204,1,20261207,1,20261208,1,20261209,1,20261210,1,20261211,1,20261214,1,20261215,1,20261216,1,20261217,1,20261218,1
'1179526',20260905,1,20260912,1,20260919,1,20260926,1,20260930,1,20261003,1,20261010,1,20261017,1,20261024,1,20261031,1,20261107,1,20261114,1,20261121,1,20261128,1,20261205,1,20261212,1,20261219,1
'1179528',20260902,1,20260903,1,20260904,1,20260908,1,20260909,1,20260910,1,20260911,1,20260914,1,20260915,1,20260916,1,20260917,1,20260918,1,20260921,1,20260922,1,20260923,1,20260924,1,20260925,1,20260928,1,20260929,1,20261001,1,20261002,1,20261005,1,20261006,1,20261007,1,20261008,1,20261009,1,20261013,1,20261014,1,20261015,1,20261016,1,20261019,1,20261020,1,20261021,1,20261022,1,20261023,1,20261026,1,20261027,1,20261028,1,20261029,1,20261030,1,20261102,1,20261103,1,20261104,1,20261105,1,20261106,1,20261109,1,20261110,1,20261112,1,20261113,1,20261116,1,20261117,1,20261118,1,20261119,1,20261120,1,20261123,1,20261124,1,20261125,1,20261126,1,20261127,1,20261130,1,20261201,1,20261202,1,20261203,1,20261204,1,20261207,1,20261208,1,20261209,1,20261210,1,20261211,1,20261214,1,20261215,1,20261216,1,20261217,1,20261218,1
'1179530',20260902,1,20260903,1,20260904,1,20260908,1,20260909,1,20260910,1,20260911,1,20260914,1,20260915,1,20260916,1,20260917,1,20260918,1,20260921,1,20260922,1,20260923,1,20260924,1,20260925,1,20260928,1,20260929,1,20261001,1,20261002,1,20261005,1,20261006,1,20261007,1,20261008,1,20261009,1,20261013,1,20261014,1,20261015,1,20261016,1,20261019,1,20261020,1,20261021,1,20261022,1,20261023,1,20261026,1,20261027,1,20261028,1,20261029,1,20261030,1,20261102,1,20261103,1,20261104,1,20261105,1,20261106,1,20261109,1,20261110,1,20261112,1,20261113,1,20261116,1,20261117,1,20261118,1,20261119,1,20261120,1,20261123,1,20261124,1,20261125,1,20261126,1,20261127,1,20261130,1,20261201,1,20261202,1,20261203,1,20261204,1,20261207,1,20261208,1,20261209,1,20261210,1,20261211,1,20261214,1,20261215,1,20261216,1,20261217,1,20261218,1
'1179531',20260905,1,20260912,1,20260919,1,20260926,1,20260930,1,20261003,1,20261010,1,20261017,1,20261024,1,20261031,1,20261107,1,20261114,1,20261121,1,20261128,1,20261205,1,20261212,1,20261219,1
'1179534',20260906,1,20260913,1,20260920,1,20260927,1,20261004,1,20261011,1,20261018,1,20261025,1,20261101,1,20261108,1,20261115,1,20261122,1,20261129,1,20261206,1,20261213,1
'1179535',20260902,1,20260903,1,20260904,1,20260908,1,20260909,1,20260910,1,20260911,1,20260914,1,20260915,1,20260916,1,20260917,1,20260918,1,20260921,1,20260922,1,20260923,1,20260924,1,20260925,1,20260928,1,20260929,1,20261001,1,20261002,1,20261005,1,20261006,1,20261007,1,20261008,1,20261009,1,20261013,1,20261014,1,20261015,1,20261016,1,20261019,1,20261020,1,20261021,1,20261022,1,20261023,1,20261026,1,20261027,1,20261028,1,20261029,1,20261030,1,20261102,1,20261103,1,20261104,1,20261105,1,20261106,1,20261109,1,20261110,1,20261112,1,20261113,1,20261116,1,20261117,1,20261118,1,20261119,1,20261120,1,20261123,1,20261124,1,20261125,1,20261126,1,20261127,1,20261130,1,20261201,1,20261202,1,20261203,1,20261204,1,20261207,1,20261208,1,20261209,1,20261210,1,20261211,1,20261214,1,20261215,1,20261216,1,20261217,1,20261218,1
'1179537',20260905,1,20260912,1,20260919,1,20260926,1,20260930,1,20261003,1,20261010,1,20261017,1,20261024,1,20261031,1,20261107,1,20261114,1,20261121,1,20261128,1,20261205,1,20261212,1,20261219,1
'1179539',20260902,1,20260903,1,20260904,1,20260908,1,20260909,1,20260910,1,20260911,1,20260914,1,20260915,1,20260916,1,20260917,1,20260918,1,20260921,1,20260922,1,20260923,1,20260924,1,20260925,1,20260928,1,20260929,1,20261001,1,20261002,1,20261005,1,20261006,1,20261007,1,20261008,1,20261009,1,20261013,1,20261014,1,20261015,1,20261016,1,20261019,1,20261020,1,20261021,1,20261022,1,20261023,1,20261026,1,20261027,1,20261028,1,20261029,1,20261030,1,20261102,1,20261103,1,20261104,1,20261105,1,20261106,1,20261109,1,20261110,1,20261112,1,20261113,1,20261116,1,20261117,1,20261118,1,20261119,1,20261120,1,20261123,1,20261124,1,20261125,1,20261126,1,20261127,1,20261130,1,20261201,1,20261202,1,20261203,1,20261204,1,20261207,1,20261208,1,20261209,1,20261210,1,20261211,1,20261214,1,20261215,1,20261216,1,20261217,1,20261218,1
'1179541',20260906,1,20260913,1,20260920,1,20260927,1,20261004,1,20261011,1,20261018,1,20261025,1,20261101,1,20261108,1,20261115,1,20261122,1,20261129,1,20261206,1,20261213,1
'1179542',20260906,1,20260913,1,20260920,1,20260927,1,20261004,1,20261011,1,20261018,1,20261025,1,20261101,1,20261108,1,20261115,1,20261122,1,20261129,1,20261206,1,20261213,1
'1179543',20260906,1,20260913,1,20260920,1,20260927,1,20261004,1,20261011,1,20261018,1,20261025,1,20261101,1,20261108,1,20261115,1,20261122,1,20261129,1,20261206,1,20261213,1
'1179544',20260902,1,20260903,1,20260904,1,20260908,1,20260909,1,20260910,1,20260911,1,20260914,1,20260915,1,20260916,1,20260917,1,20260918,1,20260921,1,20260922,1,20260923,1,20260924,1,20260925,1,20260928,1,20260929,1,20261001,1,20261002,1,20261005,1,20261006,1,20261007,1,20261008,1,20261009,1,20261013,1,20261014,1,20261015,1,20261016,1,20261019,1,20261020,1,20261021,1,20261022,1,20261023,1,20261026,1,20261027,1,20261028,1,20261029,1,20261030,1,20261102,1,20261103,1,20261104,1,20261105,1,20261106,1,20261109,1,20261110,1,20261112,1,20261113,1,20261116,1,20261117,1,20261118,1,20261119,1,20261120,1,20261123,1,20261124,1,20261125,1,20261126,1,20261127,1,20261130,1,20261201,1,20261202,1,20261203,1,20261204,1,20261207,1,20261208,1,20261209,1,20261210,1,20261211,1,20261214,1,20261215,1,20261216,1,20261217,1,20261218,1
'1179546',20260905,1,20260912,1,20260919,1,20260926,1,20260930,1,20261003,1,20261010,1,20261017,1,20261024,1,20261031,1,20261107,1,20261114,1,20261121,1,20261128,1,20261205,1,20261212,1,20261219,1
'1179547',20260905,1,20260912,1,20260919,1,20260926,1,20260930,1,20261003,1,20261010,1,20261017,1,20261024,1,20261031,1,20261107,1,20261114,1,20261121,1,20261128,1,20261205,1,20261212,1,20261219,1
'1179548',20260902,1,20260903,1,20260904,1,20260908,1,20260909,1,20260910,1,20260911,1,20260914,1,20260915,1,20260916,1,20260917,1,20260918,1,20260921,1,20260922,1,20260923,1,20260924,1,20260925,1,20260928,1,20260929,1,20261001,1,20261002,1,20261005,1,20261006,1,20261007,1,20261008,1,20261009,1,20261013,1,20261014,1,20261015,1,20261016,1,20261019,1,20261020,1,20261021,1,20261022,1,20261023,1,20261026,1,20261027,1,20261028,1,20261029,1,20261030,1,20261102,1,20261103,1,20261104,1,20261105,1,20261106,1,20261109,1,20261110,1,20261112,1,20261113,1,20261116,1,20261117,1,20261118,1,20261119,1,20261120,1,20261123,1,20261124,1,20261125,1,20261126,1,20261127,1,20261130,1,20261201,1,20261202,1,20261203,1,20261204,1,20261207,1,20261208,1,20261209,1,20261210,1,20261211,1,20261214,1,20261215,1,20261216,1,20261217,1,20261218,1
'1179550',20260902,1,20260903,1,20260904,1,20260908,1,20260909,1,20260910,1,20260911,1,20260914,1,20260915,1,20260916,1,20260917,1,20260918,1,20260921,1,20260922,1,20260923,1,20260924,1,20260925,1,20260928,1,20260929,1,20261001,1,20261002,1,20261005,1,20261006,1,20261007,1,20261008,1,20261009,1,20261013,1,20261014,1,20261015,1,20261016,1,20261019,1,20261020,1,20261021,1,20261022,1,20261023,1,20261026,1,20261027,1,20261028,1,20261029,1,20261030,1,20261102,1,20261103,1,20261104,1,20261105,1,20261106,1,20261109,1,20261110,1,20261112,1,20261113,1,20261116,1,20261117,1,20261118,1,20261119,1,20261120,1,20261123,1,20261124,1,20261125,1,20261126,1,20261127,1,20261130,1,20261201,1,20261202,1,20261203,1,20261204,1,20261207,1,20261208,1,20261209,1,20261210,1,20261211,1,20261214,1,20261215,1,20261216,1,20261217,1,20261218,1
'1179551',20260902,1,20260903,1,20260904,1,20260908,1,20260909,1,20260910,1,20260911,1,20260914,1,20260915,1,20260916,1,20260917,1,20260918,1,20260921,1,20260922,1,20260923,1,20260924,1,20260925,1,20260928,1,20260929,1,20261001,1,20261002,1,20261005,1,20261006,1,20261007,1,20261008,1,20261009,1,20261013,1,20261014,1,20261015,1,20261016,1,20261019,1,20261020,1,20261021,1,20261022,1,20261023,1,20261026,1,20261027,1,20261028,1,20261029,1,20261030,1,20261102,1,20261103,1,20261104,1,20261105,1,20261106,1,20261109,1,20261110,1,20261112,1,20261113,1,20261116,1,20261117,1,20261118,1,20261119,1,20261120,1,20261123,1,20261124,1,20261125,1,20261126,1,20261127,1,20261130,1,20261201,1,20261202,1,20261203,1,20261204,1,20261207,1,20261208,1,20261209,1,20261210,1,20261211,1,20261214,1,20261215,1,20261216,1,20261217,1,20261218,1
'1179553',20260905,1,20260912,1,20260919,1,20260926,1,20260930,1,20261003,1,20261010,1,20261017,1,20261024,1,20261031,1,20261107,1,20261114,1,20261121,1,20261128,1,20261205,1,20261212,1,20261219,1
'1179555',20260902,1,20260903,1,20260904,1,20260908,1,20260909,1,20260910,1,20260911,1,20260914,1,20260915,1,20260916,1,20260917,1,20260918,1,20260921,1,20260922,1,20260923,1,20260924,1,20260925,1,20260928,1,20260929,1,20261001,1,20261002,1,20261005,1,20261006,1,20261007,1,20261008,1,20261009,1,20261013,1,20261014,1,20261015,1,20261016,1,20261019,1,20261020,1,20261021,1,20261022,1,20261023,1,20261026,1,20261027,1,20261028,1,20261029,1,20261030,1,20261102,1,20261103,1,20261104,1,20261105,1,20261106,1,20261109,1,20261110,1,20261112,1,20261113,1,20261116,1,20261117,1,20261118,1,20261119,1,20261120,1,20261123,1,20261124,1,20261125,1,20261126,1,20261127,1,20261130,1,20261201,1,20261202,1,20261203,1,20261204,1,20261207,1,20261208,1,20261209,1,20261210,1,20261211,1,20261214,1,20261215,1,20261216,1,20261217,1,20261218,1
'1179556',20260905,1,20260912,1,20260919,1,20260926,1,20260930,1,20261003,1,20261010,1,20261017,1,20261024,1,20261031,1,20261107,1,20261114,1,20261121,1,20261128,1,20261205,1,20261212,1,20261219,1
'1179557',20260902,1,20260903,1,20260904,1,20260908,1,20260909,1,20260910,1,20260911,1,20260914,1,20260915,1,20260916,1,20260917,1,20260918,1,20260921,1,20260922,1,20260923,1,20260924,1,20260925,1,20260928,1,20260929,1,20261001,1,20261002,1,20261005,1,20261006,1,20261007,1,20261008,1,20261009,1,20261013,1,20261014,1,20261015,1,20261016,1,20261019,1,20261020,1,20261021,1,20261022,1,20261023,1,20261026,1,20261027,1,20261028,1,20261029,1,20261030,1,20261102,1,20261103,1,20261104,1,20261105,1,20261106,1,20261109,1,20261110,1,20261112,1,20261113,1,20261116,1,20261117,1,20261118,1,20261119,1,20261120,1,20261123,1,20261124,1,20261125,1,20261126,1,20261127,1,20261130,1,20261201,1,20261202,1,20261203,1,20261204,1,20261207,1,20261208,1,20261209,1,20261210,1,20261211,1,20261214,1,20261215,1,20261216,1,20261217,1,20261218,1
'1179558',20260906,1,20260913,1,20260920,1,20260927,1,20261004,1,20261011,1,20261018,1,20261025,1,20261101,1,20261108,1,20261115,1,20261122,1,20261129,1,20261206,1,20261213,1
'1179559',20260906,1,20260913,1,20260920,1,20260927,1,20261004,1,20261011,1,20261018,1,20261025,1,20261101,1,20261108,1,20261115,1,20261122,1,20261129,1,20261206,1,20261213,1
'1179561',20260902,1,20260903,1,20260904,1,20260908,1,20260909,1,20260910,1,20260911,1,20260914,1,20260915,1,20260916,1,20260917,1,20260918,1,20260921,1,20260922,1,20260923,1,20260924,1,20260925,1,20260928,1,20260929,1,20261001,1,20261002,1,20261005,1,20261006,1,20261007,1,20261008,1,20261009,1,20261013,1,20261014,1,20261015,1,20261016,1,20261019,1,20261020,1,20261021,1,20261022,1,20261023,1,20261026,1,20261027,1,20261028,1,20261029,1,20261030,1,20261102,1,20261103,1,20261104,1,20261105,1,20261106,1,20261109,1,20261110,1,20261112,1,20261113,1,20261116,1,20261117,1,20261118,1,20261119,1,20261120,1,20261123,1,20261124,1,20261125,1,20261126,1,20261127,1,20261130,1,20261201,1,20261202,1,20261203,1,20261204,1,20261207,1,20261208,1,20261209,1,20261210,1,20261211,1,20261214,1,20261215,1,20261216,1,20261217,1,20261218,1
'1179567',20260902,1,20260903,1,20260904,1,20260908,1,20260909,1,20260910,1,20260911,1,20260914,1,20260915,1,20260916,1,20260917,1,20260918,1,20260921,1,20260922,1,20260923,1,20260924,1,20260925,1,20260928,1,20260929,1,20261001,1,20261002,1,20261005,1,20261006,1,20261007,1,20261008,1,20261009,1,20261013,1,20261014,1,20261015,1,20261016,1,20261019,1,20261020,1,20261021,1,20261022,1,20261023,1,20261026,1,20261027,1,20261028,1,20261029,1,20261030,1,20261102,1,20261103,1,20261104,1,20261105,1,20261106,1,20261109,1,20261110,1,20261112,1,20261113,1,20261116,1,20261117,1,20261118,1,20261119,1,20261120,1,20261123,1,20261124,1,20261125,1,20261126,1,20261127,1,20261130,1,20261201,1,20261202,1,20261203,1,20261204,1,20261207,1,20261208,1,20261209,1,20261210,1,20261211,1,20261214,1,20261215,1,20261216,1,20261217,1,20261218,1
'1179572',20260905,1,20260912,1,20260919,1,20260926,1,20260930,1,20261003,1,20261010,1,20261017,1,20261024,1,20261031,1,20261107,1,20261114,1,20261121,1,20261128,1,20261205,1,20261212,1,20261219,1
'1179574',20260902,1,20260903,1,20260904,1,20260908,1,20260909,1,20260910,1,20260911,1,20260914,1,20260915,1,20260916,1,20260917,1,20260918,1,20260921,1,20260922,1,20260923,1,20260924,1,20260925,1,20260928,1,20260929,1,20261001,1,20261002,1,20261005,1,20261006,1,20261007,1,20261008,1,20261009,1,20261013,1,20261014,1,20261015,1,20261016,1,20261019,1,20261020,1,20261021,1,20261022,1,20261023,1,20261026,1,20261027,1,20261028,1,20261029,1,20261030,1,20261102,1,20261103,1,20261104,1,20261105,1,20261106,1,20261109,1,20261110,1,20261112,1,20261113,1,20261116,1,20261117,1,20261118,1,20261119,1,20261120,1,20261123,1,20261124,1,20261125,1,20261126,1,20261127,1,20261130,1,20261201,1,20261202,1,20261203,1,20261204,1,20261207,1,20261208,1,20261209,1,20261210,1,20261211,1,20261214,1,20261215,1,20261216,1,20261217,1,20261218,1
'1179575',20260906,1,20260913,1,20260920,1,20260927,1,20261004,1,20261011,1,20261018,1,20261025,1,20261101,1,20261108,1,20261115,1,20261122,1,20261129,1,20261206,1,20261213,1
'1179577',20260902,1,20260903,1,20260904,1,20260908,1,20260909,1,20260910,1,20260911,1,20260914,1,20260915,1,20260916,1,20260917,1,20260918,1,20260921,1,20260922,1,20260923,1,20260924,1,20260925,1,20260928,1,20260929,1,20261001,1,20261002,1,20261005,1,20261006,1,20261007,1,20261008,1,20261009,1,20261013,1,20261014,1,20261015,1,20261016,1,20261019,1,20261020,1,20261021,1,20261022,1,20261023,1,20261026,1,20261027,1,20261028,1,20261029,1,20261030,1,20261102,1,20261103,1,20261104,1,20261105,1,20261106,1,20261109,1,20261110,1,20261112,1,20261113,1,20261116,1,20261117,1,20261118,1,20261119,1,20261120,1,20261123,1,20261124,1,20261125,1,20261126,1,20261127,1,20261130,1,20261201,1,20261202,1,20261203,1,20261204,1,20261207,1,20261208,1,20261209,1,20261210,1,20261211,1,20261214,1,20261215,1,20261216,1,20261217,1,20261218,1
'1179578',20260902,1,20260903,1,20260904,1,20260908,1,20260909,1,20260910,1,20260911,1,20260914,1,20260915,1,20260916,1,20260917,1,20260918,1,20260921,1,20260922,1,20260923,1,20260924,1,20260925,1,20260928,1,20260929,1,20261001,1,20261002,1,20261005,1,20261006,1,20261007,1,20261008,1,20261009,1,20261013,1,20261014,1,20261015,1,20261016,1,20261019,1,20261020,1,20261021,1,20261022,1,20261023,1,20261026,1,20261027,1,20261028,1,20261029,1,20261030,1,20261102,1,20261103,1,20261104,1,20261105,1,20261106,1,20261109,1,20261110,1,20261112,1,20261113,1,20261116,1,20261117,1,20261118,1,20261119,1,20261120,1,20261123,1,20261124,1,20261125,1,20261126,1,20261127,1,20261130,1,20261201,1,20261202,1,20261203,1,20261204,1,20261207,1,20261208,1,20261209,1,20261210,1,20261211,1,20261214,1,20261215,1,20261216,1,20261217,1,20261218,1
'1179581',20260902,1,20260903,1,20260904,1,20260908,1,20260909,1,20260910,1,20260911,1,20260914,1,20260915,1,20260916,1,20260917,1,20260918,1,20260921,1,20260922,1,20260923,1,20260924,1,20260925,1,20260928,1,20260929,1,20261001,1,20261002,1,20261005,1,20261006,1,20261007,1,20261008,1,20261009,1,20261013,1,20261014,1,20261015,1,20261016,1,20261019,1,20261020,1,20261021,1,20261022,1,20261023,1,20261026,1,20261027,1,20261028,1,20261029,1,20261030,1,20261102,1,20261103,1,20261104,1,20261105,1,20261106,1,20261109,1,20261110,1,20261112,1,20261113,1,20261116,1,20261117,1,20261118,1,20261119,1,20261120,1,20261123,1,20261124,1,20261125,1,20261126,1,20261127,1,20261130,1,20261201,1,20261202,1,20261203,1,20261204,1,20261207,1,20261208,1,20261209,1,20261210,1,20261211,1,20261214,1,20261215,1,20261216,1,20261217,1,20261218,1
'1179582',20260905,1,20260912,1,20260919,1,20260926,1,20260930,1,20261003,1,20261010,1,20261017,1,20261024,1,20261031,1,20261107,1,20261114,1,20261121,1,20261128,1,20261205,1,20261212,1,20261219,1
'1179588',20260902,1,20260903,1,20260904,1,20260908,1,20260909,1,20260910,1,20260911,1,20260914,1,20260915,1,20260916,1,20260917,1,20260918,1,20260921,1,20260922,1,20260923,1,20260924,1,20260925,1,20260928,1,20260929,1,20261001,1,20261002,1,20261005,1,20261006,1,20261007,1,20261008,1,20261009,1,20261013,1,20261014,1,20261015,1,20261016,1,20261019,1,20261020,1,20261021,1,20261022,1,20261023,1,20261026,1,20261027,1,20261028,1,20261029,1,20261030,1,20261102,1,20261103,1,20261104,1,20261105,1,20261106,1,20261109,1,20261110,1,20261112,1,20261113,1,20261116,1,20261117,1,20261118,1,20261119,1,20261120,1,20261123,1,20261124,1,20261125,1,20261126,1,20261127,1,20261130,1,20261201,1,20261202,1,20261203,1,20261204,1,20261207,1,20261208,1,20261209,1,20261210,1,20261211,1,20261214,1,20261215,1,20261216,1,20261217,1,20261218,1
'1179590',20260905,1,20260912,1,20260919,1,20260926,1,20260930,1,20261003,1,20261010,1,20261017,1,20261024,1,20261031,1,20261107,1,20261114,1,20261121,1,20261128,1,20261205,1,20261212,1,20261219,1
'1179591',20260902,1,20260903,1,20260904,1,20260908,1,20260909,1,20260910,1,20260911,1,20260914,1,20260915,1,20260916,1,20260917,1,20260918,1,20260921,1,20260922,1,20260923,1,20260924,1,20260925,1,20260928,1,20260929,1,20261001,1,20261002,1,20261005,1,20261006,1,20261007,1,20261008,1,20261009,1,20261013,1,20261014,1,20261015,1,20261016,1,20261019,1,20261020,1,20261021,1,20261022,1,20261023,1,20261026,1,20261027,1,20261028,1,20261029,1,20261030,1,20261102,1,20261103,1,20261104,1,20261105,1,20261106,1,20261109,1,20261110,1,20261112,1,20261113,1,20261116,1,20261117,1,20261118,1,20261119,1,20261120,1,20261123,1,20261124,1,20261125,1,20261126,1,20261127,1,20261130,1,20261201,1,20261202,1,20261203,1,20261204,1,20261207,1,20261208,1,20261209,1,20261210,1,20261211,1,20261214,1,20261215,1,20261216,1,20261217,1,20261218,1
'1179596',20260906,1,20260913,1,20260920,1,20260927,1,20261004,1,20261011,1,20261018,1,20261025,1,20261101,1,20261108,1,20261115,1,20261122,1,20261129,1,20261206,1,20261213,1
'1179598',20260902,1,20260903,1,20260904,1,20260908,1,20260909,1,20260910,1,20260911,1,20260914,1,20260915,1,20260916,1,20260917,1,20260918,1,20260921,1,20260922,1,20260923,1,20260924,1,20260925,1,20260928,1,20260929,1,20261001,1,20261002,1,20261005,1,20261006,1,20261007,1,20261008,1,20261009,1,20261013,1,20261014,1,20261015,1,20261016,1,20261019,1,20261020,1,20261021,1,20261022,1,20261023,1,20261026,1,20261027,1,20261028,1,20261029,1,20261030,1,20261102,1,20261103,1,20261104,1,20261105,1,20261106,1,20261109,1,20261110,1,20261112,1,20261113,1,20261116,1,20261117,1,20261118,1,20261119,1,20261120,1,20261123,1,20261124,1,20261125,1,20261126,1,20261127,1,20261130,1,20261201,1,20261202,1,20261203,1,20261204,1,20261207,1,20261208,1,20261209,1,20261210,1,20261211,1,20261214,1,20261215,1,20261216,1,20261217,1,20261218,1
'1179600',20260905,1,20260912,1,20260919,1,20260926,1,20260930,1,20261003,1,20261010,1,20261017,1,20261024,1,20261031,1,20261107,1,20261114,1,20261121,1,20261128,1,20261205,1,20261212,1,20261219,1
'1179605',20260902,1,20260903,1,20260904,1,20260908,1,20260909,1,20260910,1,20260911,1,20260914,1,20260915,1,20260916,1,20260917,1,20260918,1,20260921,1,20260922,1,20260923,1,20260924,1,20260925,1,20260928,1,20260929,1,20261001,1,20261002,1,20261005,1,20261006,1,20261007,1,20261008,1,20261009,1,20261013,1,20261014,1,20261015,1,20261016,1,20261019,1,20261020,1,20261021,1,20261022,1,20261023,1,20261026,1,20261027,1,20261028,1,20261029,1,20261030,1,20261102,1,20261103,1,20261104,1,20261105,1,20261106,1,20261109,1,20261110,1,20261112,1,20261113,1,20261116,1,20261117,1,20261118,1,20261119,1,20261120,1,20261123,1,20261124,1,20261125,1,20261126,1,20261127,1,20261130,1,20261201,1,20261202,1,20261203,1,20261204,1,20261207,1,20261208,1,20261209,1,20261210,1,20261211,1,20261214,1,20261215,1,20261216,1,20261217,1,20261218,1
'1179608',20260905,1,20260912,1,20260919,1,20260926,1,20260930,1,20261003,1,20261010,1,20261017,1,20261024,1,20261031,1,20261107,1,20261114,1,20261121,1,20261128,1,20261205,1,20261212,1,20261219,1
'1179611',20260902,1,20260903,1,20260904,1,20260908,1,20260909,1,20260910,1,20260911,1,20260914,1,20260915,1,20260916,1,20260917,1,20260918,1,20260921,1,20260922,1,20260923,1,20260924,1,20260925,1,20260928,1,20260929,1,20261001,1,20261002,1,20261005,1,20261006,1,20261007,1,20261008,1,20261009,1,20261013,1,20261014,1,20261015,1,20261016,1,20261019,1,20261020,1,20261021,1,20261022,1,20261023,1,20261026,1,20261027,1,20261028,1,20261029,1,20261030,1,20261102,1,20261103,1,20261104,1,20261105,1,20261106,1,20261109,1,20261110,1,20261112,1,20261113,1,20261116,1,20261117,1,20261118,1,20261119,1,20261120,1,20261123,1,20261124,1,20261125,1,20261126,1,20261127,1,20261130,1,20261201,1,20261202,1,20261203,1,20261204,1,20261207,1,20261208,1,20261209,1,20261210,1,20261211,1,20261214,1,20261215,1,20261216,1,20261217,1,20261218,1
'1179613',20260905,1,20260912,1,20260919,1,20260926,1,20260930,1,20261003,1,20261010,1,20261017,1,20261024,1,20261031,1,20261107,1,20261114,1,20261121,1,20261128,1,20261205,1,20261212,1,20261219,1
'1179619',20260902,1,20260903,1,20260904,1,20260908,1,20260909,1,20260910,1,20260911,1,20260914,1,20260915,1,20260916,1,20260917,1,20260918,1,20260921,1,20260922,1,20260923,1,20260924,1,20260925,1,20260928,1,20260929,1,20261001,1,20261002,1,20261005,1,20261006,1,20261007,1,20261008,1,20261009,1,20261013,1,20261014,1,20261015,1,20261016,1,20261019,1,20261020,1,20261021,1,20261022,1,20261023,1,20261026,1,20261027,1,20261028,1,20261029,1,20261030,1,20261102,1,20261103,1,20261104,1,20261105,1,20261106,1,20261109,1,20261110,1,20261112,1,20261113,1,20261116,1,20261117,1,20261118,1,20261119,1,20261120,1,20261123,1,20261124,1,20261125,1,20261126,1,20261127,1,20261130,1,20261201,1,20261202,1,20261203,1,20261204,1,20261207,1,20261208,1,20261209,1,20261210,1,20261211,1,20261214,1,20261215,1,20261216,1,20261217,1,20261218,1
'1179620',20260905,1,20260912,1,20260919,1,20260926,1,20260930,1,20261003,1,20261010,1,20261017,1,20261024,1,20261031,1,20261107,1,20261114,1,20261121,1,20261128,1,20261205,1,20261212,1,20261219,1
'1179623',20260906,1,20260913,1,20260920,1,20260927,1,20261004,1,20261011,1,20261018,1,20261025,1,20261101,1,20261108,1,20261115,1,20261122,1,20261129,1,20261206,1,20261213,1
'1179628',20260906,1,20260913,1,20260920,1,20260927,1,20261004,1,20261011,1,20261018,1,20261025,1,20261101,1,20261108,1,20261115,1,20261122,1,20261129,1,20261206,1,20261213,1
'1179629',20260902,1,20260903,1,20260904,1,20260908,1,20260909,1,20260910,1,20260911,1,20260914,1,20260915,1,20260916,1,20260917,1,20260918,1,20260921,1,20260922,1,20260923,1,20260924,1,20260925,1,20260928,1,20260929,1,20261001,1,20261002,1,20261005,1,20261006,1,20261007,1,20261008,1,20261009,1,20261013,1,20261014,1,20261015,1,20261016,1,20261019,1,20261020,1,20261021,1,20261022,1,20261023,1,20261026,1,20261027,1,20261028,1,20261029,1,20261030,1,20261102,1,20261103,1,20261104,1,20261105,1,20261106,1,20261109,1,20261110,1,20261112,1,20261113,1,20261116,1,20261117,1,20261118,1,20261119,1,20261120,1,20261123,1,20261124,1,20261125,1,20261126,1,20261127,1,20261130,1,20261201,1,20261202,1,20261203,1,20261204,1,20261207,1,20261208,1,20261209,1,20261210,1,20261211,1,20261214,1,20261215,1,20261216,1,20261217,1,20261218,1
'1179634',20260906,1,20260913,1,20260920,1,20260927,1,20261004,1,20261011,1,20261018,1,20261025,1,20261101,1,20261108,1,20261115,1,20261122,1,20261129,1,20261206,1,20261213,1
'1179635',20260905,1,20260912,1,20260919,1,20260926,1,20260930,1,20261003,1,20261010,1,20261017,1,20261024,1,20261031,1,20261107,1,20261114,1,20261121,1,20261128,1,20261205,1,20261212,1,20261219,1
'1179636',20260902,1,20260903,1,20260904,1,20260908,1,20260909,1,20260910,1,20260911,1,20260914,1,20260915,1,20260916,1,20260917,1,20260918,1,20260921,1,20260922,1,20260923,1,20260924,1,20260925,1,20260928,1,20260929,1,20261001,1,20261002,1,20261005,1,20261006,1,20261007,1,20261008,1,20261009,1,20261013,1,20261014,1,20261015,1,20261016,1,20261019,1,20261020,1,20261021,1,20261022,1,20261023,1,20261026,1,20261027,1,20261028,1,20261029,1,20261030,1,20261102,1,20261103,1,20261104,1,20261105,1,20261106,1,20261109,1,20261110,1,20261112,1,20261113,1,20261116,1,20261117,1,20261118,1,20261119,1,20261120,1,20261123,1,20261124,1,20261125,1,20261126,1,20261127,1,20261130,1,20261201,1,20261202,1,20261203,1,20261204,1,20261207,1,20261208,1,20261209,1,20261210,1,20261211,1,20261214,1,20261215,1,20261216,1,20261217,1,20261218,1
'1179637',20260902,1,20260903,1,20260904,1,20260908,1,20260909,1,20260910,1,20260911,1,20260914,1,20260915,1,20260916,1,20260917,1,20260918,1,20260921,1,20260922,1,20260923,1,20260924,1,20260925,1,20260928,1,20260929,1,20261001,1,20261002,1,20261005,1,20261006,1,20261007,1,20261008,1,20261009,1,20261013,1,20261014,1,20261015,1,20261016,1,20261019,1,20261020,1,20261021,1,20261022,1,20261023,1,20261026,1,20261027,1,20261028,1,20261029,1,20261030,1,20261102,1,20261103,1,20261104,1,20261105,1,20261106,1,20261109,1,20261110,1,20261112,1,20261113,1,20261116,1,20261117,1,20261118,1,20261119,1,20261120,1,20261123,1,20261124,1,20261125,1,20261126,1,20261127,1,20261130,1,20261201,1,20261202,1,20261203,1,20261204,1,20261207,1,20261208,1,20261209,1,20261210,1,20261211,1,20261214,1,20261215,1,20261216,1,20261217,1,20261218,1
'1179638',20260902,1,20260903,1,20260904,1,20260908,1,20260909,1,20260910,1,20260911,1,20260914,1,20260915,1,20260916,1,20260917,1,20260918,1,20260921,1,20260922,1,20260923,1,20260924,1,20260925,1,20260928,1,20260929,1,20261001,1,20261002,1,20261005,1,20261006,1,20261007,1,20261008,1,20261009,1,20261013,1,20261014,1,20261015,1,20261016,1,20261019,1,20261020,1,20261021,1,20261022,1,20261023,1,20261026,1,20261027,1,20261028,1,20261029,1,20261030,1,20261102,1,20261103,1,20261104,1,20261105,1,20261106,1,20261109,1,20261110,1,20261112,1,20261113,1,20261116,1,20261117,1,20261118,1,20261119,1,20261120,1,20261123,1,20261124,1,20261125,1,20261126,1,20261127,1,20261130,1,20261201,1,20261202,1,20261203,1,20261204,1,20261207,1,20261208,1,20261209,1,20261210,1,20261211,1,20261214,1,20261215,1,20261216,1,20261217,1,20261218,1
'1179639',20260906,1,20260913,1,20260920,1,20260927,1,20261004,1,20261011,1,20261018,1,20261025,1,20261101,1,20261108,1,20261115,1,20261122,1,20261129,1,20261206,1,20261213,1
'1179640',20260902,1,20260903,1,20260904,1,20260908,1,20260909,1,20260910,1,20260911,1,20260914,1,20260915,1,20260916,1,20260917,1,20260918,1,20260921,1,20260922,1,20260923,1,20260924,1,20260925,1,20260928,1,20260929,1,20261001,1,20261002,1,20261005,1,20261006,1,20261007,1,20261008,1,20261009,1,20261013,1,20261014,1,20261015,1,20261016,1,20261019,1,20261020,1,20261021,1,20261022,1,20261023,1,20261026,1,20261027,1,20261028,1,20261029,1,20261030,1,20261102,1,20261103,1,20261104,1,20261105,1,20261106,1,20261109,1,20261110,1,20261112,1,20261113,1,20261116,1,20261117,1,20261118,1,20261119,1,20261120,1,20261123,1,20261124,1,20261125,1,20261126,1,20261127,1,20261130,1,20261201,1,20261202,1,20261203,1,20261204,1,20261207,1,20261208,1,20261209,1,20261210,1,20261211,1,20261214,1,20261215,1,20261216,1,20261217,1,20261218,1
'1179642',20260905,1,20260912,1,20260919,1,20260926,1,20260930,1,20261003,1,20261010,1,20261017,1,20261024,1,20261031,1,20261107,1,20261114,1,20261121,1,20261128,1,20261205,1,20261212,1,20261219,1
'1179644',20260902,1,20260903,1,20260904,1,20260908,1,20260909,1,20260910,1,20260911,1,20260914,1,20260915,1,20260916,1,20260917,1,20260918,1,20260921,1,20260922,1,20260923,1,20260924,1,20260925,1,20260928,1,20260929,1,20261001,1,20261002,1,20261005,1,20261006,1,20261007,1,20261008,1,20261009,1,20261013,1,20261014,1,20261015,1,20261016,1,20261019,1,20261020,1,20261021,1,20261022,1,20261023,1,20261026,1,20261027,1,20261028,1,20261029,1,20261030,1,20261102,1,20261103,1,20261104,1,20261105,1,20261106,1,20261109,1,20261110,1,20261112,1,20261113,1,20261116,1,20261117,1,20261118,1,20261119,1,20261120,1,20261123,1,20261124,1,20261125,1,20261126,1,20261127,1,20261130,1,20261201,1,20261202,1,20261203,1,20261204,1,20261207,1,20261208,1,20261209,1,20261210,1,20261211,1,20261214,1,20261215,1,20261216,1,20261217,1,20261218,1
'1179647',20260905,1,20260912,1,20260919,1,20260926,1,20260930,1,20261003,1,20261010,1,20261017,1,20261024,1,20261031,1,20261107,1,20261114,1,20261121,1,20261128,1,20261205,1,20261212,1,20261219,1
'1179648',20260902,1,20260903,1,20260904,1,20260908,1,20260909,1,20260910,1,20260911,1,20260914,1,20260915,1,20260916,1,20260917,1,20260918,1,20260921,1,20260922,1,20260923,1,20260924,1,20260925,1,20260928,1,20260929,1,20261001,1,20261002,1,20261005,1,20261006,1,20261007,1,20261008,1,20261009,1,20261013,1,20261014,1,20261015,1,20261016,1,20261019,1,20261020,1,20261021,1,20261022,1,20261023,1,20261026,1,20261027,1,20261028,1,20261029,1,20261030,1,20261102,1,20261103,1,20261104,1,20261105,1,20261106,1,20261109,1,20261110,1,20261112,1,20261113,1,20261116,1,20261117,1,20261118,1,20261119,1,20261120,1,20261123,1,20261124,1,20261125,1,20261126,1,20261127,1,20261130,1,20261201,1,20261202,1,20261203,1,20261204,1,20261207,1,20261208,1,20261209,1,20261210,1,20261211,1,20261214,1,20261215,1,20261216,1,20261217,1,20261218,1
'1179650',20260905,1,20260912,1,20260919,1,20260926,1,20260930,1,20261003,1,20261010,1,20261017,1,20261024,1,20261031,1,20261107,1,20261114,1,20261121,1,20261128,1,20261205,1,20261212,1,20261219,1
'1179654',20260905,1,20260912,1,20260919,1,20260926,1,20260930,1,20261003,1,20261010,1,20261017,1,20261024,1,20261031,1,20261107,1,20261114,1,20261121,1,20261128,1,20261205,1,20261212,1,20261219,1
'1179657',20260906,1,20260913,1,20260920,1,20260927,1,20261004,1,20261011,1,20261018,1,20261025,1,20261101,1,20261108,1,20261115,1,20261122,1,20261129,1,20261206,1,20261213,1
'1179659',20260905,1,20260912,1,20260919,1,20260926,1,20260930,1,20261003,1,20261010,1,20261017,1,20261024,1,20261031,1,20261107,1,20261114,1,20261121,1,20261128,1,20261205,1,20261212,1,20261219,1
'1179662',20260905,1,20260912,1,20260919,1,20260926,1,20260930,1,20261003,1,20261010,1,20261017,1,20261024,1,20261031,1,20261107,1,20261114,1,20261121,1,20261128,1,20261205,1,20261212,1,20261219,1
'1179665',20260902,1,20260903,1,20260904,1,20260908,1,20260909,1,20260910,1,20260911,1,20260914,1,20260915,1,20260916,1,20260917,1,20260918,1,20260921,1,20260922,1,20260923,1,20260924,1,20260925,1,20260928,1,20260929,1,20261001,1,20261002,1,20261005,1,20261006,1,20261007,1,20261008,1,20261009,1,20261013,1,20261014,1,20261015,1,20261016,1,20261019,1,20261020,1,20261021,1,20261022,1,20261023,1,20261026,1,20261027,1,20261028,1,20261029,1,20261030,1,20261102,1,20261103,1,20261104,1,20261105,1,20261106,1,20261109,1,20261110,1,20261112,1,20261113,1,20261116,1,20261117,1,20261118,1,20261119,1,20261120,1,20261123,1,20261124,1,20261125,1,20261126,1,20261127,1,20261130,1,20261201,1,20261202,1,20261203,1,20261204,1,20261207,1,20261208,1,20261209,1,20261210,1,20261211,1,20261214,1,20261215,1,20261216,1,20261217,1,20261218,1
'1179666',20260902,1,20260903,1,20260904,1,20260908,1,20260909,1,20260910,1,20260911,1,20260914,1,20260915,1,20260916,1,20260917,1,20260918,1,20260921,1,20260922,1,20260923,1,20260924,1,20260925,1,20260928,1,20260929,1,20261001,1,20261002,1,20261005,1,20261006,1,20261007,1,20261008,1,20261009,1,20261013,1,20261014,1,20261015,1,20261016,1,20261019,1,20261020,1,20261021,1,20261022,1,20261023,1,20261026,1,20261027,1,20261028,1,20261029,1,20261030,1,20261102,1,20261103,1,20261104,1,20261105,1,20261106,1,20261109,1,20261110,1,20261112,1,20261113,1,20261116,1,20261117,1,20261118,1,20261119,1,20261120,1,20261123,1,20261124,1,20261125,1,20261126,1,20261127,1,20261130,1,20261201,1,20261202,1,20261203,1,20261204,1,20261207,1,20261208,1,20261209,1,20261210,1,20261211,1,20261214,1,20261215,1,20261216,1,20261217,1,20261218,1
'1179669',20260905,1,20260912,1,20260919,1,20260926,1,20260930,1,20261003,1,20261010,1,20261017,1,20261024,1,20261031,1,20261107,1,20261114,1,20261121,1,20261128,1,20261205,1,20261212,1,20261219,1
'1179671',20260905,1,20260912,1,20260919,1,20260926,1,20260930,1,20261003,1,20261010,1,20261017,1,20261024,1,20261031,1,20261107,1,20261114,1,20261121,1,20261128,1,20261205,1,20261212,1,20261219,1
'1179672',20260902,1,20260903,1,20260904,1,20260908,1,20260909,1,20260910,1,20260911,1,20260914,1,20260915,1,20260916,1,20260917,1,20260918,1,20260921,1,20260922,1,20260923,1,20260924,1,20260925,1,20260928,1,20260929,1,20261001,1,20261002,1,20261005,1,20261006,1,20261007,1,20261008,1,20261009,1,20261013,1,20261014,1,20261015,1,20261016,1,20261019,1,20261020,1,20261021,1,20261022,1,20261023,1,20261026,1,20261027,1,20261028,1,20261029,1,20261030,1,20261102,1,20261103,1,20261104,1,20261105,1,20261106,1,20261109,1,20261110,1,20261112,1,20261113,1,20261116,1,20261117,1,20261118,1,20261119,1,20261120,1,20261123,1,20261124,1,20261125,1,20261126,1,20261127,1,20261130,1,20261201,1,20261202,1,20261203,1,20261204,1,20261207,1,20261208,1,20261209,1,20261210,1,20261211,1,20261214,1,20261215,1,20261216,1,20261217,1,20261218,1
'1179673',20260906,1,20260913,1,20260920,1,20260927,1,20261004,1,20261011,1,20261018,1,20261025,1,20261101,1,20261108,1,20261115,1,20261122,1,20261129,1,20261206,1,20261213,1
'1179675',20260906,1,20260913,1,20260920,1,20260927,1,20261004,1,20261011,1,20261018,1,20261025,1,20261101,1,20261108,1,20261115,1,20261122,1,20261129,1,20261206,1,20261213,1
'1179677',20260905,1,20260912,1,20260919,1,20260926,1,20260930,1,20261003,1,20261010,1,20261017,1,20261024,1,20261031,1,20261107,1,20261114,1,20261121,1,20261128,1,20261205,1,20261212,1,20261219,1
'1179678',20260902,1,20260903,1,20260904,1,20260908,1,20260909,1,20260910,1,20260911,1,20260914,1,20260915,1,20260916,1,20260917,1,20260918,1,20260921,1,20260922,1,20260923,1,20260924,1,20260925,1,20260928,1,20260929,1,20261001,1,20261002,1,20261005,1,20261006,1,20261007,1,20261008,1,20261009,1,20261013,1,20261014,1,20261015,1,20261016,1,20261019,1,20261020,1,20261021,1,20261022,1,20261023,1,20261026,1,20261027,1,20261028,1,20261029,1,20261030,1,20261102,1,20261103,1,20261104,1,20261105,1,20261106,1,20261109,1,20261110,1,20261112,1,20261113,1,20261116,1,20261117,1,20261118,1,20261119,1,20261120,1,20261123,1,20261124,1,20261125,1,20261126,1,20261127,1,20261130,1,20261201,1,20261202,1,20261203,1,20261204,1,20261207,1,20261208,1,20261209,1,20261210,1,20261211,1,20261214,1,20261215,1,20261216,1,20261217,1,20261218,1
'1179688',20260905,1,20260912,1,20260919,1,20260926,1,20260930,1,20261003,1,20261010,1,20261017,1,20261024,1,20261031,1,20261107,1,20261114,1,20261121,1,20261128,1,20261205,1,20261212,1,20261219,1
'1179690',20260906,1,20260913,1,20260920,1,20260927,1,20261004,1,20261011,1,20261018,1,20261025,1,20261101,1,20261108,1,20261115,1,20261122,1,20261129,1,20261206,1,20261213,1
'1179692',20260902,1,20260903,1,20260904,1,20260908,1,20260909,1,20260910,1,20260911,1,20260914,1,20260915,1,20260916,1,20260917,1,20260918,1,20260921,1,20260922,1,20260923,1,20260924,1,20260925,1,20260928,1,20260929,1,20261001,1,20261002,1,20261005,1,20261006,1,20261007,1,20261008,1,20261009,1,20261013,1,20261014,1,20261015,1,20261016,1,20261019,1,20261020,1,20261021,1,20261022,1,20261023,1,20261026,1,20261027,1,20261028,1,20261029,1,20261030,1,20261102,1,20261103,1,20261104,1,20261105,1,20261106,1,20261109,1,20261110,1,20261112,1,20261113,1,20261116,1,20261117,1,20261118,1,20261119,1,20261120,1,20261123,1,20261124,1,20261125,1,20261126,1,20261127,1,20261130,1,20261201,1,20261202,1,20261203,1,20261204,1,20261207,1,20261208,1,20261209,1,20261210,1,20261211,1,20261214,1,20261215,1,20261216,1,20261217,1,20261218,1
'1179693',20260902,1,20260903,1,20260904,1,20260908,1,20260909,1,20260910,1,20260911,1,20260914,1,20260915,1,20260916,1,20260917,1,20260918,1,20260921,1,20260922,1,20260923,1,20260924,1,20260925,1,20260928,1,20260929,1,20261001,1,20261002,1,20261005,1,20261006,1,20261007,1,20261008,1,20261009,1,20261013,1,20261014,1,20261015,1,20261016,1,20261019,1,20261020,1,20261021,1,20261022,1,20261023,1,20261026,1,20261027,1,20261028,1,20261029,1,20261030,1,20261102,1,20261103,1,20261104,1,20261105,1,20261106,1,20261109,1,20261110,1,20261112,1,20261113,1,20261116,1,20261117,1,20261118,1,20261119,1,20261120,1,20261123,1,20261124,1,20261125,1,20261126,1,20261127,1,20261130,1,20261201,1,20261202,1,20261203,1,20261204,1,20261207,1,20261208,1,20261209,1,20261210,1,20261211,1,20261214,1,20261215,1,20261216,1,20261217,1,20261218,1
'1179694',20260902,1,20260903,1,20260904,1,20260908,1,20260909,1,20260910,1,20260911,1,20260914,1,20260915,1,20260916,1,20260917,1,20260918,1,20260921,1,20260922,1,20260923,1,20260924,1,20260925,1,20260928,1,20260929,1,20261001,1,20261002,1,20261005,1,20261006,1,20261007,1,20261008,1,20261009,1,20261013,1,20261014,1,20261015,1,20261016,1,20261019,1,20261020,1,20261021,1,20261022,1,20261023,1,20261026,1,20261027,1,20261028,1,20261029,1,20261030,1,20261102,1,20261103,1,20261104,1,20261105,1,20261106,1,20261109,1,20261110,1,20261112,1,20261113,1,20261116,1,20261117,1,20261118,1,20261119,1,20261120,1,20261123,1,20261124,1,20261125,1,20261126,1,20261127,1,20261130,1,20261201,1,20261202,1,20261203,1,20261204,1,20261207,1,20261208,1,20261209,1,20261210,1,20261211,1,20261214,1,20261215,1,20261216,1,20261217,1,20261218,1
'1179695',20260902,1,20260903,1,20260904,1,20260908,1,20260909,1,20260910,1,20260911,1,20260914,1,20260915,1,20260916,1,20260917,1,20260918,1,20260921,1,20260922,1,20260923,1,20260924,1,20260925,1,20260928,1,20260929,1,20261001,1,20261002,1,20261005,1,20261006,1,20261007,1,20261008,1,20261009,1,20261013,1,20261014,1,20261015,1,20261016,1,20261019,1,20261020,1,20261021,1,20261022,1,20261023,1,20261026,1,20261027,1,20261028,1,20261029,1,20261030,1,20261102,1,20261103,1,20261104,1,20261105,1,20261106,1,20261109,1,20261110,1,20261112,1,20261113,1,20261116,1,20261117,1,20261118,1,20261119,1,20261120,1,20261123,1,20261124,1,20261125,1,20261126,1,20261127,1,20261130,1,20261201,1,20261202,1,20261203,1,20261204,1,20261207,1,20261208,1,20261209,1,20261210,1,20261211,1,20261214,1,20261215,1,20261216,1,20261217,1,20261218,1
'1179700',20260902,1,20260903,1,20260904,1,20260908,1,20260909,1,20260910,1,20260911,1,20260914,1,20260915,1,20260916,1,20260917,1,20260918,1,20260921,1,20260922,1,20260923,1,20260924,1,20260925,1,20260928,1,20260929,1,20261001,1,20261002,1,20261005,1,20261006,1,20261007,1,20261008,1,20261009,1,20261013,1,20261014,1,20261015,1,20261016,1,20261019,1,20261020,1,20261021,1,20261022,1,20261023,1,20261026,1,20261027,1,20261028,1,20261029,1,20261030,1,20261102,1,20261103,1,20261104,1,20261105,1,20261106,1,20261109,1,20261110,1,20261112,1,20261113,1,20261116,1,20261117,1,20261118,1,20261119,1,20261120,1,20261123,1,20261124,1,20261125,1,20261126,1,20261127,1,20261130,1,20261201,1,20261202,1,20261203,1,20261204,1,20261207,1,20261208,1,20261209,1,20261210,1,20261211,1,20261214,1,20261215,1,20261216,1,20261217,1,20261218,1
'1179701',20260902,1,20260903,1,20260904,1,20260908,1,20260909,1,20260910,1,20260911,1,20260914,1,20260915,1,20260916,1,20260917,1,20260918,1,20260921,1,20260922,1,20260923,1,20260924,1,20260925,1,20260928,1,20260929,1,20261001,1,20261002,1,20261005,1,20261006,1,20261007,1,20261008,1,20261009,1,20261013,1,20261014,1,20261015,1,20261016,1,20261019,1,20261020,1,20261021,1,20261022,1,20261023,1,20261026,1,20261027,1,20261028,1,20261029,1,20261030,1,20261102,1,20261103,1,20261104,1,20261105,1,20261106,1,20261109,1,20261110,1,20261112,1,20261113,1,20261116,1,20261117,1,20261118,1,20261119,1,20261120,1,20261123,1,20261124,1,20261125,1,20261126,1,20261127,1,20261130,1,20261201,1,20261202,1,20261203,1,20261204,1,20261207,1,20261208,1,20261209,1,20261210,1,20261211,1,20261214,1,20261215,1,20261216,1,20261217,1,20261218,1
'1179704',20260902,1,20260903,1,20260904,1,20260908,1,20260909,1,20260910,1,20260911,1,20260914,1,20260915,1,20260916,1,20260917,1,20260918,1,20260921,1,20260922,1,20260923,1,20260924,1,20260925,1,20260928,1,20260929,1,20261001,1,20261002,1,20261005,1,20261006,1,20261007,1,20261008,1,20261009,1,20261013,1,20261014,1,20261015,1,20261016,1,20261019,1,20261020,1,20261021,1,20261022,1,20261023,1,20261026,1,20261027,1,20261028,1,20261029,1,20261030,1,20261102,1,20261103,1,20261104,1,20261105,1,20261106,1,20261109,1,20261110,1,20261112,1,20261113,1,20261116,1,20261117,1,20261118,1,20261119,1,20261120,1,20261123,1,20261124,1,20261125,1,20261126,1,20261127,1,20261130,1,20261201,1,20261202,1,20261203,1,20261204,1,20261207,1,20261208,1,20261209,1,20261210,1,20261211,1,20261214,1,20261215,1,20261216,1,20261217,1,20261218,1
'1179707',20260906,1,20260913,1,20260920,1,20260927,1,20261004,1,20261011,1,20261018,1,20261025,1,20261101,1,20261108,1,20261115,1,20261122,1,20261129,1,20261206,1,20261213,1
'1179709',20260902,1,20260903,1,20260904,1,20260908,1,20260909,1,20260910,1,20260911,1,20260914,1,20260915,1,20260916,1,20260917,1,20260918,1,20260921,1,20260922,1,20260923,1,20260924,1,20260925,1,20260928,1,20260929,1,20261001,1,20261002,1,20261005,1,20261006,1,20261007,1,20261008,1,20261009,1,20261013,1,20261014,1,20261015,1,20261016,1,20261019,1,20261020,1,20261021,1,20261022,1,20261023,1,20261026,1,20261027,1,20261028,1,20261029,1,20261030,1,20261102,1,20261103,1,20261104,1,20261105,1,20261106,1,20261109,1,20261110,1,20261112,1,20261113,1,20261116,1,20261117,1,20261118,1,20261119,1,20261120,1,20261123,1,20261124,1,20261125,1,20261126,1,20261127,1,20261130,1,20261201,1,20261202,1,20261203,1,20261204,1,20261207,1,20261208,1,20261209,1,20261210,1,20261211,1,20261214,1,20261215,1,20261216,1,20261217,1,20261218,1
'1179712',20260902,1,20260903,1,20260904,1,20260908,1,20260909,1,20260910,1,20260911,1,20260914,1,20260915,1,20260916,1,20260917,1,20260918,1,20260921,1,20260922,1,20260923,1,20260924,1,20260925,1,20260928,1,20260929,1,20261001,1,20261002,1,20261005,1,20261006,1,20261007,1,20261008,1,20261009,1,20261013,1,20261014,1,20261015,1,20261016,1,20261019,1,20261020,1,20261021,1,20261022,1,20261023,1,20261026,1,20261027,1,20261028,1,20261029,1,20261030,1,20261102,1,20261103,1,20261104,1,20261105,1,20261106,1,20261109,1,20261110,1,20261112,1,20261113,1,20261116,1,20261117,1,20261118,1,20261119,1,20261120,1,20261123,1,20261124,1,20261125,1,20261126,1,20261127,1,20261130,1,20261201,1,20261202,1,20261203,1,20261204,1,20261207,1,20261208,1,20261209,1,20261210,1,20261211,1,20261214,1,20261215,1,20261216,1,20261217,1,20261218,1
'1179714',20260905,1,20260912,1,20260919,1,20260926,1,20260930,1,20261003,1,20261010,1,20261017,1,20261024,1,20261031,1,20261107,1,20261114,1,20261121,1,20261128,1,20261205,1,20261212,1,20261219,1
'1179715',20260905,1,20260912,1,20260919,1,20260926,1,20260930,1,20261003,1,20261010,1,20261017,1,20261024,1,20261031,1,20261107,1,20261114,1,20261121,1,20261128,1,20261205,1,20261212,1,20261219,1
'1179717',20260905,1,20260912,1,20260919,1,20260926,1,20260930,1,20261003,1,20261010,1,20261017,1,20261024,1,20261031,1,20261107,1,20261114,1,20261121,1,20261128,1,20261205,1,20261212,1,20261219,1
'1179719',20260905,1,20260912,1,20260919,1,20260926,1,20260930,1,20261003,1,20261010,1,20261017,1,20261024,1,20261031,1,20261107,1,20261114,1,20261121,1,20261128,1,20261205,1,20261212,1,20261219,1
'1179789',20260902,1,20260903,1,20260904,1,20260908,1,20260909,1,20260910,1,20260911,1,20260914,1,20260915,1,20260916,1,20260917,1,20260918,1,20260921,1,20260922,1,20260923,1,20260924,1,20260925,1,20260928,1,20260929,1,20261001,1,20261002,1,20261005,1,20261006,1,20261007,1,20261008,1,20261009,1,20261013,1,20261014,1,20261015,1,20261016,1,20261019,1,20261020,1,20261021,1,20261022,1,20261023,1,20261026,1,20261027,1,20261028,1,20261029,1,20261030,1,20261102,1,20261103,1,20261104,1,20261105,1,20261106,1,20261109,1,20261110,1,20261112,1,20261113,1,20261116,1,20261117,1,20261118,1,20261119,1,20261120,1,20261123,1,20261124,1,20261125,1,20261126,1,20261127,1,20261130,1,20261201,1,20261202,1,20261203,1,20261204,1,20261207,1,20261208,1,20261209,1,20261210,1,20261211,1,20261214,1,20261215,1,20261216,1,20261217,1,20261218,1
'1179790',20260902,1,20260903,1,20260904,1,20260908,1,20260909,1,20260910,1,20260911,1,20260914,1,20260915,1,20260916,1,20260917,1,20260918,1,20260921,1,20260922,1,20260923,1,20260924,1,20260925,1,20260928,1,20260929,1,20261001,1,20261002,1,20261005,1,20261006,1,20261007,1,20261008,1,20261009,1,20261013,1,20261014,1,20261015,1,20261016,1,20261019,1,20261020,1,20261021,1,20261022,1,20261023,1,20261026,1,20261027,1,20261028,1,20261029,1,20261030,1,20261102,1,20261103,1,20261104,1,20261105,1,20261106,1,20261109,1,20261110,1,20261112,1,20261113,1,20261116,1,20261117,1,20261118,1,20261119,1,20261120,1,20261123,1,20261124,1,20261125,1,20261126,1,20261127,1,20261130,1,20261201,1,20261202,1,20261203,1,20261204,1,20261207,1,20261208,1,20261209,1,20261210,1,20261211,1,20261214,1,20261215,1,20261216,1,20261217,1,20261218,1
'1179791',20260902,1,20260903,1,20260904,1,20260908,1,20260909,1,20260910,1,20260911,1,20260914,1,20260915,1,20260916,1,20260917,1,20260918,1,20260921,1,20260922,1,20260923,1,20260924,1,20260925,1,20260928,1,20260929,1,20261001,1,20261002,1,20261005,1,20261006,1,20261007,1,20261008,1,20261009,1,20261013,1,20261014,1,20261015,1,20261016,1,20261019,1,20261020,1,20261021,1,20261022,1,20261023,1,20261026,1,20261027,1,20261028,1,20261029,1,20261030,1,20261102,1,20261103,1,20261104,1,20261105,1,20261106,1,20261109,1,20261110,1,20261112,1,20261113,1,20261116,1,20261117,1,20261118,1,20261119,1,20261120,1,20261123,1,20261124,1,20261125,1,20261126,1,20261127,1,20261130,1,20261201,1,20261202,1,20261203,1,20261204,1,20261207,1,20261208,1,20261209,1,20261210,1,20261211,1,20261214,1,20261215,1,20261216,1,20261217,1,20261218,1
'1179792',20260905,1,20260912,1,20260919,1,20260926,1,20260930,1,20261003,1,20261010,1,20261017,1,20261024,1,20261031,1,20261107,1,20261114,1,20261121,1,20261128,1,20261205,1,20261212,1,20261219,1
'1179793',20260902,1,20260903,1,20260904,1,20260908,1,20260909,1,20260910,1,20260911,1,20260914,1,20260915,1,20260916,1,20260917,1,20260918,1,20260921,1,20260922,1,20260923,1,20260924,1,20260925,1,20260928,1,20260929,1,20261001,1,20261002,1,20261005,1,20261006,1,20261007,1,20261008,1,20261009,1,20261013,1,20261014,1,20261015,1,20261016,1,20261019,1,20261020,1,20261021,1,20261022,1,20261023,1,20261026,1,20261027,1,20261028,1,20261029,1,20261030,1,20261102,1,20261103,1,20261104,1,20261105,1,20261106,1,20261109,1,20261110,1,20261112,1,20261113,1,20261116,1,20261117,1,20261118,1,20261119,1,20261120,1,20261123,1,20261124,1,20261125,1,20261126,1,20261127,1,20261130,1,20261201,1,20261202,1,20261203,1,20261204,1,20261207,1,20261208,1,20261209,1,20261210,1,20261211,1,20261214,1,20261215,1,20261216,1,20261217,1,20261218,1
'1179794',20260902,1,20260903,1,20260904,1,20260908,1,20260909,1,20260910,1,20260911,1,20260914,1,20260915,1,20260916,1,20260917,1,20260918,1,20260921,1,20260922,1,20260923,1,20260924,1,20260925,1,20260928,1,20260929,1,20261001,1,20261002,1,20261005,1,20261006,1,20261007,1,20261008,1,20261009,1,20261013,1,20261014,1,20261015,1,20261016,1,20261019,1,20261020,1,20261021,1,20261022,1,20261023,1,20261026,1,20261027,1,20261028,1,20261029,1,20261030,1,20261102,1,20261103,1,20261104,1,20261105,1,20261106,1,20261109,1,20261110,1,20261112,1,20261113,1,20261116,1,20261117,1,20261118,1,20261119,1,20261120,1,20261123,1,20261124,1,20261125,1,20261126,1,20261127,1,20261130,1,20261201,1,20261202,1,20261203,1,20261204,1,20261207,1,20261208,1,20261209,1,20261210,1,20261211,1,20261214,1,20261215,1,20261216,1,20261217,1,20261218,1
'1179795',20260905,1,20260912,1,20260919,1,20260926,1,20260930,1,20261003,1,20261010,1,20261017,1,20261024,1,20261031,1,20261107,1,20261114,1,20261121,1,20261128,1,20261205,1,20261212,1,20261219,1
'1179796',20260905,1,20260912,1,20260919,1,20260926,1,20260930,1,20261003,1,20261010,1,20261017,1,20261024,1,20261031,1,20261107,1,20261114,1,20261121,1,20261128,1,20261205,1,20261212,1,20261219,1
'1179797',20260902,1,20260903,1,20260904,1,20260908,1,20260909,1,20260910,1,20260911,1,20260914,1,20260915,1,20260916,1,20260917,1,20260918,1,20260921,1,20260922,1,20260923,1,20260924,1,20260925,1,20260928,1,20260929,1,20261001,1,20261002,1,20261005,1,20261006,1,20261007,1,20261008,1,20261009,1,20261013,1,20261014,1,20261015,1,20261016,1,20261019,1,20261020,1,20261021,1,20261022,1,20261023,1,20261026,1,20261027,1,20261028,1,20261029,1,20261030,1,20261102,1,20261103,1,20261104,1,20261105,1,20261106,1,20261109,1,20261110,1,20261112,1,20261113,1,20261116,1,20261117,1,20261118,1,20261119,1,20261120,1,20261123,1,20261124,1,20261125,1,20261126,1,20261127,1,20261130,1,20261201,1,20261202,1,20261203,1,20261204,1,20261207,1,20261208,1,20261209,1,20261210,1,20261211,1,20261214,1,20261215,1,20261216,1,20261217,1,20261218,1
'1179798',20260906,1,20260913,1,20260920,1,20260927,1,20261004,1,20261011,1,20261018,1,20261025,1,20261101,1,20261108,1,20261115,1,20261122,1,20261129,1,20261206,1,20261213,1
'1179799',20260902,1,20260903,1,20260904,1,20260908,1,20260909,1,20260910,1,20260911,1,20260914,1,20260915,1,20260916,1,20260917,1,20260918,1,20260921,1,20260922,1,20260923,1,20260924,1,20260925,1,20260928,1,20260929,1,20261001,1,20261002,1,20261005,1,20261006,1,20261007,1,20261008,1,20261009,1,20261013,1,20261014,1,20261015,1,20261016,1,20261019,1,20261020,1,20261021,1,20261022,1,20261023,1,20261026,1,20261027,1,20261028,1,20261029,1,20261030,1,20261102,1,20261103,1,20261104,1,20261105,1,20261106,1,20261109,1,20261110,1,20261112,1,20261113,1,20261116,1,20261117,1,20261118,1,20261119,1,20261120,1,20261123,1,20261124,1,20261125,1,20261126,1,20261127,1,20261130,1,20261201,1,20261202,1,20261203,1,20261204,1,20261207,1,20261208,1,20261209,1,20261210,1,20261211,1,20261214,1,20261215,1,20261216,1,20261217,1,20261218,1
'1179800',20260902,1,20260903,1,20260904,1,20260908,1,20260909,1,20260910,1,20260911,1,20260914,1,20260915,1,20260916,1,20260917,1,20260918,1,20260921,1,20260922,1,20260923,1,20260924,1,20260925,1,20260928,1,20260929,1,20261001,1,20261002,1,20261005,1,20261006,1,20261007,1,20261008,1,20261009,1,20261013,1,20261014,1,20261015,1,20261016,1,20261019,1,20261020,1,20261021,1,20261022,1,20261023,1,20261026,1,20261027,1,20261028,1,20261029,1,20261030,1,20261102,1,20261103,1,20261104,1,20261105,1,20261106,1,20261109,1,20261110,1,20261112,1,20261113,1,20261116,1,20261117,1,20261118,1,20261119,1,20261120,1,20261123,1,20261124,1,20261125,1,20261126,1,20261127,1,20261130,1,20261201,1,20261202,1,20261203,1,20261204,1,20261207,1,20261208,1,20261209,1,20261210,1,20261211,1,20261214,1,20261215,1,20261216,1,20261217,1,20261218,1
'1179801',20260905,1,20260912,1,20260919,1,20260926,1,20260930,1,20261003,1,20261010,1,20261017,1,20261024,1,20261031,1,20261107,1,20261114,1,20261121,1,20261128,1,20261205,1,20261212,1,20261219,1
'1179802',20260906,1,20260913,1,20260920,1,20260927,1,20261004,1,20261011,1,20261018,1,20261025,1,20261101,1,20261108,1,20261115,1,20261122,1,20261129,1,20261206,1,20261213,1
'1179803',20260902,1,20260903,1,20260904,1,20260908,1,20260909,1,20260910,1,20260911,1,20260914,1,20260915,1,20260916,1,20260917,1,20260918,1,20260921,1,20260922,1,20260923,1,20260924,1,20260925,1,20260928,1,20260929,1,20261001,1,20261002,1,20261005,1,20261006,1,20261007,1,20261008,1,20261009,1,20261013,1,20261014,1,20261015,1,20261016,1,20261019,1,20261020,1,20261021,1,20261022,1,20261023,1,20261026,1,20261027,1,20261028,1,20261029,1,20261030,1,20261102,1,20261103,1,20261104,1,20261105,1,20261106,1,20261109,1,20261110,1,20261112,1,20261113,1,20261116,1,20261117,1,20261118,1,20261119,1,20261120,1,20261123,1,20261124,1,20261125,1,20261126,1,20261127,1,20261130,1,20261201,1,20261202,1,20261203,1,20261204,1,20261207,1,20261208,1,20261209,1,20261210,1,20261211,1,20261214,1,20261215,1,20261216,1,20261217,1,20261218,1
'1179804',20260905,1,20260912,1,20260919,1,20260926,1,20260930,1,20261003,1,20261010,1,20261017,1,20261024,1,20261031,1,20261107,1,20261114,1,20261121,1,20261128,1,20261205,1,20261212,1,20261219,1
'1179805',20260905,1,20260912,1,20260919,1,20260926,1,20260930,1,20261003,1,20261010,1,20261017,1,20261024,1,20261031,1,20261107,1,20261114,1,20261121,1,20261128,1,20261205,1,20261212,1,20261219,1
'1179806',20260902,1,20260903,1,20260904,1,20260908,1,20260909,1,20260910,1,20260911,1,20260914,1,20260915,1,20260916,1,20260917,1,20260918,1,20260921,1,20260922,1,20260923,1,20260924,1,20260925,1,20260928,1,20260929,1,20261001,1,20261002,1,20261005,1,20261006,1,20261007,1,20261008,1,20261009,1,20261013,1,20261014,1,20261015,1,20261016,1,20261019,1,20261020,1,20261021,1,20261022,1,20261023,1,20261026,1,20261027,1,20261028,1,20261029,1,20261030,1,20261102,1,20261103,1,20261104,1,20261105,1,20261106,1,20261109,1,20261110,1,20261112,1,20261113,1,20261116,1,20261117,1,20261118,1,20261119,1,20261120,1,20261123,1,20261124,1,20261125,1,20261126,1,20261127,1,20261130,1,20261201,1,20261202,1,20261203,1,20261204,1,20261207,1,20261208,1,20261209,1,20261210,1,20261211,1,20261214,1,20261215,1,20261216,1,20261217,1,20261218,1
'1179807',20260906,1,20260913,1,20260920,1,20260927,1,20261004,1,20261011,1,20261018,1,20261025,1,20261101,1,20261108,1,20261115,1,20261122,1,20261129,1,20261206,1,20261213,1
'1179808',20260905,1,20260912,1,20260919,1,20260926,1,20260930,1,20261003,1,20261010,1,20261017,1,20261024,1,20261031,1,20261107,1,20261114,1,20261121,1,20261128,1,20261205,1,20261212,1,20261219,1
'1179809',20260905,1,20260912,1,20260919,1,20260926,1,20260930,1,20261003,1,20261010,1,20261017,1,20261024,1,20261031,1,20261107,1,20261114,1,20261121,1,20261128,1,20261205,1,20261212,1,20261219,1
'1179810',20260906,1,20260913,1,20260920,1,20260927,1,20261004,1,20261011,1,20261018,1,20261025,1,20261101,1,20261108,1,20261115,1,20261122,1,20261129,1,20261206,1,20261213,1
'1179811',20260905,1,20260912,1,20260919,1,20260926,1,20260930,1,20261003,1,20261010,1,20261017,1,20261024,1,20261031,1,20261107,1,20261114,1,20261121,1,20261128,1,20261205,1,20261212,1,20261219,1
'1179812',20260902,1,20260903,1,20260904,1,20260908,1,20260909,1,20260910,1,20260911,1,20260914,1,20260915,1,20260916,1,20260917,1,20260918,1,20260921,1,20260922,1,20260923,1,20260924,1,20260925,1,20260928,1,20260929,1,20261001,1,20261002,1,20261005,1,20261006,1,20261007,1,20261008,1,20261009,1,20261013,1,20261014,1,20261015,1,20261016,1,20261019,1,20261020,1,20261021,1,20261022,1,20261023,1,20261026,1,20261027,1,20261028,1,20261029,1,20261030,1,20261102,1,20261103,1,20261104,1,20261105,1,20261106,1,20261109,1,20261110,1,20261112,1,20261113,1,20261116,1,20261117,1,20261118,1,20261119,1,20261120,1,20261123,1,20261124,1,20261125,1,20261126,1,20261127,1,20261130,1,20261201,1,20261202,1,20261203,1,20261204,1,20261207,1,20261208,1,20261209,1,20261210,1,20261211,1,20261214,1,20261215,1,20261216,1,20261217,1,20261218,1
'1179813',20260905,1,20260912,1,20260919,1,20260926,1,20260930,1,20261003,1,20261010,1,20261017,1,20261024,1,20261031,1,20261107,1,20261114,1,20261121,1,20261128,1,20261205,1,20261212,1,20261219,1
'1179814',20260902,1,20260903,1,20260904,1,20260908,1,20260909,1,20260910,1,20260911,1,20260914,1,20260915,1,20260916,1,20260917,1,20260918,1,20260921,1,20260922,1,20260923,1,20260924,1,20260925,1,20260928,1,20260929,1,20261001,1,20261002,1,20261005,1,20261006,1,20261007,1,20261008,1,20261009,1,20261013,1,20261014,1,20261015,1,20261016,1,20261019,1,20261020,1,20261021,1,20261022,1,20261023,1,20261026,1,20261027,1,20261028,1,20261029,1,20261030,1,20261102,1,20261103,1,20261104,1,20261105,1,20261106,1,20261109,1,20261110,1,20261112,1,20261113,1,20261116,1,20261117,1,20261118,1,20261119,1,20261120,1,20261123,1,20261124,1,20261125,1,20261126,1,20261127,1,20261130,1,20261201,1,20261202,1,20261203,1,20261204,1,20261207,1,20261208,1,20261209,1,20261210,1,20261211,1,20261214,1,20261215,1,20261216,1,20261217,1,20261218,1
'1179815',20260905,1,20260912,1,20260919,1,20260926,1,20260930,1,20261003,1,20261010,1,20261017,1,20261024,1,20261031,1,20261107,1,20261114,1,20261121,1,20261128,1,20261205,1,20261212,1,20261219,1
'1179816',20260905,1,20260912,1,20260919,1,20260926,1,20260930,1,20261003,1,20261010,1,20261017,1,20261024,1,20261031,1,20261107,1,20261114,1,20261121,1,20261128,1,20261205,1,20261212,1,20261219,1
'1179817',20260906,1,20260913,1,20260920,1,20260927,1,20261004,1,20261011,1,20261018,1,20261025,1,20261101,1,20261108,1,20261115,1,20261122,1,20261129,1,20261206,1,20261213,1
'1179818',20260905,1,20260912,1,20260919,1,20260926,1,20260930,1,20261003,1,20261010,1,20261017,1,20261024,1,20261031,1,20261107,1,20261114,1,20261121,1,20261128,1,20261205,1,20261212,1,20261219,1
'1179819',20260902,1,20260903,1,20260904,1,20260908,1,20260909,1,20260910,1,20260911,1,20260914,1,20260915,1,20260916,1,20260917,1,20260918,1,20260921,1,20260922,1,20260923,1,20260924,1,20260925,1,20260928,1,20260929,1,20261001,1,20261002,1,20261005,1,20261006,1,20261007,1,20261008,1,20261009,1,20261013,1,20261014,1,20261015,1,20261016,1,20261019,1,20261020,1,20261021,1,20261022,1,20261023,1,20261026,1,20261027,1,20261028,1,20261029,1,20261030,1,20261102,1,20261103,1,20261104,1,20261105,1,20261106,1,20261109,1,20261110,1,20261112,1,20261113,1,20261116,1,20261117,1,20261118,1,20261119,1,20261120,1,20261123,1,20261124,1,20261125,1,20261126,1,20261127,1,20261130,1,20261201,1,20261202,1,20261203,1,20261204,1,20261207,1,20261208,1,20261209,1,20261210,1,20261211,1,20261214,1,20261215,1,20261216,1,20261217,1,20261218,1
'1179820',20260902,1,20260903,1,20260904,1,20260908,1,20260909,1,20260910,1,20260911,1,20260914,1,20260915,1,20260916,1,20260917,1,20260918,1,20260921,1,20260922,1,20260923,1,20260924,1,20260925,1,20260928,1,20260929,1,20261001,1,20261002,1,20261005,1,20261006,1,20261007,1,20261008,1,20261009,1,20261013,1,20261014,1,20261015,1,20261016,1,20261019,1,20261020,1,20261021,1,20261022,1,20261023,1,20261026,1,20261027,1,20261028,1,20261029,1,20261030,1,20261102,1,20261103,1,20261104,1,20261105,1,20261106,1,20261109,1,20261110,1,20261112,1,20261113,1,20261116,1,20261117,1,20261118,1,20261119,1,20261120,1,20261123,1,20261124,1,20261125,1,20261126,1,20261127,1,20261130,1,20261201,1,20261202,1,20261203,1,20261204,1,20261207,1,20261208,1,20261209,1,20261210,1,20261211,1,20261214,1,20261215,1,20261216,1,20261217,1,20261218,1
'1179821',20260902,1,20260903,1,20260904,1,20260908,1,20260909,1,20260910,1,20260911,1,20260914,1,20260915,1,20260916,1,20260917,1,20260918,1,20260921,1,20260922,1,20260923,1,20260924,1,20260925,1,20260928,1,20260929,1,20261001,1,20261002,1,20261005,1,20261006,1,20261007,1,20261008,1,20261009,1,20261013,1,20261014,1,20261015,1,20261016,1,20261019,1,20261020,1,20261021,1,20261022,1,20261023,1,20261026,1,20261027,1,20261028,1,20261029,1,20261030,1,20261102,1,20261103,1,20261104,1,20261105,1,20261106,1,20261109,1,20261110,1,20261112,1,20261113,1,20261116,1,20261117,1,20261118,1,20261119,1,20261120,1,20261123,1,20261124,1,20261125,1,20261126,1,20261127,1,20261130,1,20261201,1,20261202,1,20261203,1,20261204,1,20261207,1,20261208,1,20261209,1,20261210,1,20261211,1,20261214,1,20261215,1,20261216,1,20261217,1,20261218,1
'1179822',20260902,1,20260903,1,20260904,1,20260908,1,20260909,1,20260910,1,20260911,1,20260914,1,20260915,1,20260916,1,20260917,1,20260918,1,20260921,1,20260922,1,20260923,1,20260924,1,20260925,1,20260928,1,20260929,1,20261001,1,20261002,1,20261005,1,20261006,1,20261007,1,20261008,1,20261009,1,20261013,1,20261014,1,20261015,1,20261016,1,20261019,1,20261020,1,20261021,1,20261022,1,20261023,1,20261026,1,20261027,1,20261028,1,20261029,1,20261030,1,20261102,1,20261103,1,20261104,1,20261105,1,20261106,1,20261109,1,20261110,1,20261112,1,20261113,1,20261116,1,20261117,1,20261118,1,20261119,1,20261120,1,20261123,1,20261124,1,20261125,1,20261126,1,20261127,1,20261130,1,20261201,1,20261202,1,20261203,1,20261204,1,20261207,1,20261208,1,20261209,1,20261210,1,20261211,1,20261214,1,20261215,1,20261216,1,20261217,1,20261218,1
'1179823',20260902,1,20260903,1,20260904,1,20260908,1,20260909,1,20260910,1,20260911,1,20260914,1,20260915,1,20260916,1,20260917,1,20260918,1,20260921,1,20260922,1,20260923,1,20260924,1,20260925,1,20260928,1,20260929,1,20261001,1,20261002,1,20261005,1,20261006,1,20261007,1,20261008,1,20261009,1,20261013,1,20261014,1,20261015,1,20261016,1,20261019,1,20261020,1,20261021,1,20261022,1,20261023,1,20261026,1,20261027,1,20261028,1,20261029,1,20261030,1,20261102,1,20261103,1,20261104,1,20261105,1,20261106,1,20261109,1,20261110,1,20261112,1,20261113,1,20261116,1,20261117,1,20261118,1,20261119,1,20261120,1,20261123,1,20261124,1,20261125,1,20261126,1,20261127,1,20261130,1,20261201,1,20261202,1,20261203,1,20261204,1,20261207,1,20261208,1,20261209,1,20261210,1,20261211,1,20261214,1,20261215,1,20261216,1,20261217,1,20261218,1
'1179824',20260902,1,20260903,1,20260904,1,20260908,1,20260909,1,20260910,1,20260911,1,20260914,1,20260915,1,20260916,1,20260917,1,20260918,1,20260921,1,20260922,1,20260923,1,20260924,1,20260925,1,20260928,1,20260929,1,20261001,1,20261002,1,20261005,1,20261006,1,20261007,1,20261008,1,20261009,1,20261013,1,20261014,1,20261015,1,20261016,1,20261019,1,20261020,1,20261021,1,20261022,1,20261023,1,20261026,1,20261027,1,20261028,1,20261029,1,20261030,1,20261102,1,20261103,1,20261104,1,20261105,1,20261106,1,20261109,1,20261110,1,20261112,1,20261113,1,20261116,1,20261117,1,20261118,1,20261119,1,20261120,1,20261123,1,20261124,1,20261125,1,20261126,1,20261127,1,20261130,1,20261201,1,20261202,1,20261203,1,20261204,1,20261207,1,20261208,1,20261209,1,20261210,1,20261211,1,20261214,1,20261215,1,20261216,1,20261217,1,20261218,1
'1179825',20260905,1,20260912,1,20260919,1,20260926,1,20260930,1,20261003,1,20261010,1,20261017,1,20261024,1,20261031,1,20261107,1,20261114,1,20261121,1,20261128,1,20261205,1,20261212,1,20261219,1
'1179826',20260902,1,20260903,1,20260904,1,20260908,1,20260909,1,20260910,1,20260911,1,20260914,1,20260915,1,20260916,1,20260917,1,20260918,1,20260921,1,20260922,1,20260923,1,20260924,1,20260925,1,20260928,1,20260929,1,20261001,1,20261002,1,20261005,1,20261006,1,20261007,1,20261008,1,20261009,1,20261013,1,20261014,1,20261015,1,20261016,1,20261019,1,20261020,1,20261021,1,20261022,1,20261023,1,20261026,1,20261027,1,20261028,1,20261029,1,20261030,1,20261102,1,20261103,1,20261104,1,20261105,1,20261106,1,20261109,1,20261110,1,20261112,1,20261113,1,20261116,1,20261117,1,20261118,1,20261119,1,20261120,1,20261123,1,20261124,1,20261125,1,20261126,1,20261127,1,20261130,1,20261201,1,20261202,1,20261203,1,20261204,1,20261207,1,20261208,1,20261209,1,20261210,1,20261211,1,20261214,1,20261215,1,20261216,1,20261217,1,20261218,1
'1179827',20260902,1,20260903,1,20260904,1,20260908,1,20260909,1,20260910,1,20260911,1,20260914,1,20260915,1,20260916,1,20260917,1,20260918,1,20260921,1,20260922,1,20260923,1,20260924,1,20260925,1,20260928,1,20260929,1,20261001,1,20261002,1,20261005,1,20261006,1,20261007,1,20261008,1,20261009,1,20261013,1,20261014,1,20261015,1,20261016,1,20261019,1,20261020,1,20261021,1,20261022,1,20261023,1,20261026,1,20261027,1,20261028,1,20261029,1,20261030,1,20261102,1,20261103,1,20261104,1,20261105,1,20261106,1,20261109,1,20261110,1,20261112,1,20261113,1,20261116,1,20261117,1,20261118,1,20261119,1,20261120,1,20261123,1,20261124,1,20261125,1,20261126,1,20261127,1,20261130,1,20261201,1,20261202,1,20261203,1,20261204,1,20261207,1,20261208,1,20261209,1,20261210,1,20261211,1,20261214,1,20261215,1,20261216,1,20261217,1,20261218,1
'1179828',20260906,1,20260913,1,20260920,1,20260927,1,20261004,1,20261011,1,20261018,1,20261025,1,20261101,1,20261108,1,20261115,1,20261122,1,20261129,1,20261206,1,20261213,1
'1179829',20260906,1,20260913,1,20260920,1,20260927,1,20261004,1,20261011,1,20261018,1,20261025,1,20261101,1,20261108,1,20261115,1,20261122,1,20261129,1,20261206,1,20261213,1
'1179830',20260902,1,20260903,1,20260904,1,20260908,1,20260909,1,20260910,1,20260911,1,20260914,1,20260915,1,20260916,1,20260917,1,20260918,1,20260921,1,20260922,1,20260923,1,20260924,1,20260925,1,20260928,1,20260929,1,20261001,1,20261002,1,20261005,1,20261006,1,20261007,1,20261008,1,20261009,1,20261013,1,20261014,1,20261015,1,20261016,1,20261019,1,20261020,1,20261021,1,20261022,1,20261023,1,20261026,1,20261027,1,20261028,1,20261029,1,20261030,1,20261102,1,20261103,1,20261104,1,20261105,1,20261106,1,20261109,1,20261110,1,20261112,1,20261113,1,20261116,1,20261117,1,20261118,1,20261119,1,20261120,1,20261123,1,20261124,1,20261125,1,20261126,1,20261127,1,20261130,1,20261201,1,20261202,1,20261203,1,20261204,1,20261207,1,20261208,1,20261209,1,20261210,1,20261211,1,20261214,1,20261215,1,20261216,1,20261217,1,20261218,1
'1179831',20260902,1,20260903,1,20260904,1,20260908,1,20260909,1,20260910,1,20260911,1,20260914,1,20260915,1,20260916,1,20260917,1,20260918,1,20260921,1,20260922,1,20260923,1,20260924,1,20260925,1,20260928,1,20260929,1,20261001,1,20261002,1,20261005,1,20261006,1,20261007,1,20261008,1,20261009,1,20261013,1,20261014,1,20261015,1,20261016,1,20261019,1,20261020,1,20261021,1,20261022,1,20261023,1,20261026,1,20261027,1,20261028,1,20261029,1,20261030,1,20261102,1,20261103,1,20261104,1,20261105,1,20261106,1,20261109,1,20261110,1,20261112,1,20261113,1,20261116,1,20261117,1,20261118,1,20261119,1,20261120,1,20261123,1,20261124,1,20261125,1,20261126,1,20261127,1,20261130,1,20261201,1,20261202,1,20261203,1,20261204,1,20261207,1,20261208,1,20261209,1,20261210,1,20261211,1,20261214,1,20261215,1,20261216,1,20261217,1,20261218,1
'1179832',20260905,1,20260912,1,20260919,1,20260926,1,20260930,1,20261003,1,20261010,1,20261017,1,20261024,1,20261031,1,20261107,1,20261114,1,20261121,1,20261128,1,20261205,1,20261212,1,20261219,1
'1179833',20260902,1,20260903,1,20260904,1,20260908,1,20260909,1,20260910,1,20260911,1,20260914,1,20260915,1,20260916,1,20260917,1,20260918,1,20260921,1,20260922,1,20260923,1,20260924,1,20260925,1,20260928,1,20260929,1,20261001,1,20261002,1,20261005,1,20261006,1,20261007,1,20261008,1,20261009,1,20261013,1,20261014,1,20261015,1,20261016,1,20261019,1,20261020,1,20261021,1,20261022,1,20261023,1,20261026,1,20261027,1,20261028,1,20261029,1,20261030,1,20261102,1,20261103,1,20261104,1,20261105,1,20261106,1,20261109,1,20261110,1,20261112,1,20261113,1,20261116,1,20261117,1,20261118,1,20261119,1,20261120,1,20261123,1,20261124,1,20261125,1,20261126,1,20261127,1,20261130,1,20261201,1,20261202,1,20261203,1,20261204,1,20261207,1,20261208,1,20261209,1,20261210,1,20261211,1,20261214,1,20261215,1,20261216,1,20261217,1,20261218,1
'1179834',20260906,1,20260913,1,20260920,1,20260927,1,20261004,1,20261011,1,20261018,1,20261025,1,20261101,1,20261108,1,20261115,1,20261122,1,20261129,1,20261206,1,20261213,1
'1179835',20260905,1,20260912,1,20260919,1,20260926,1,20260930,1,20261003,1,20261010,1,20261017,1,20261024,1,20261031,1,20261107,1,20261114,1,20261121,1,20261128,1,20261205,1,20261212,1,20261219,1
'1179836',20260902,1,20260903,1,20260904,1,20260908,1,20260909,1,20260910,1,20260911,1,20260914,1,20260915,1,20260916,1,20260917,1,20260918,1,20260921,1,20260922,1,20260923,1,20260924,1,20260925,1,20260928,1,20260929,1,20261001,1,20261002,1,20261005,1,20261006,1,20261007,1,20261008,1,20261009,1,20261013,1,20261014,1,20261015,1,20261016,1,20261019,1,20261020,1,20261021,1,20261022,1,20261023,1,20261026,1,20261027,1,20261028,1,20261029,1,20261030,1,20261102,1,20261103,1,20261104,1,20261105,1,20261106,1,20261109,1,20261110,1,20261112,1,20261113,1,20261116,1,20261117,1,20261118,1,20261119,1,20261120,1,20261123,1,20261124,1,20261125,1,20261126,1,20261127,1,20261130,1,20261201,1,20261202,1,20261203,1,20261204,1,20261207,1,20261208,1,20261209,1,20261210,1,20261211,1,20261214,1,20261215,1,20261216,1,20261217,1,20261218,1
'1179837',20260906,1,20260913,1,20260920,1,20260927,1,20261004,1,20261011,1,20261018,1,20261025,1,20261101,1,20261108,1,20261115,1,20261122,1,20261129,1,20261206,1,20261213,1
'1179838',20260902,1,20260903,1,20260904,1,20260908,1,20260909,1,20260910,1,20260911,1,20260914,1,20260915,1,20260916,1,20260917,1,20260918,1,20260921,1,20260922,1,20260923,1,20260924,1,20260925,1,20260928,1,20260929,1,20261001,1,20261002,1,20261005,1,20261006,1,20261007,1,20261008,1,20261009,1,20261013,1,20261014,1,20261015,1,20261016,1,20261019,1,20261020,1,20261021,1,20261022,1,20261023,1,20261026,1,20261027,1,20261028,1,20261029,1,20261030,1,20261102,1,20261103,1,20261104,1,20261105,1,20261106,1,20261109,1,20261110,1,20261112,1,20261113,1,20261116,1,20261117,1,20261118,1,20261119,1,20261120,1,20261123,1,20261124,1,20261125,1,20261126,1,20261127,1,20261130,1,20261201,1,20261202,1,20261203,1,20261204,1,20261207,1,20261208,1,20261209,1,20261210,1,20261211,1,20261214,1,20261215,1,20261216,1,20261217,1,20261218,1
'1179839',20260902,1,20260903,1,20260904,1,20260908,1,20260909,1,20260910,1,20260911,1,20260914,1,20260915,1,20260916,1,20260917,1,20260918,1,20260921,1,20260922,1,20260923,1,20260924,1,20260925,1,20260928,1,20260929,1,20261001,1,20261002,1,20261005,1,20261006,1,20261007,1,20261008,1,20261009,1,20261013,1,20261014,1,20261015,1,20261016,1,20261019,1,20261020,1,20261021,1,20261022,1,20261023,1,20261026,1,20261027,1,20261028,1,20261029,1,20261030,1,20261102,1,20261103,1,20261104,1,20261105,1,20261106,1,20261109,1,20261110,1,20261112,1,20261113,1,20261116,1,20261117,1,20261118,1,20261119,1,20261120,1,20261123,1,20261124,1,20261125,1,20261126,1,20261127,1,20261130,1,20261201,1,20261202,1,20261203,1,20261204,1,20261207,1,20261208,1,20261209,1,20261210,1,20261211,1,20261214,1,20261215,1,20261216,1,20261217,1,20261218,1
'1179840',20260902,1,20260903,1,20260904,1,20260908,1,20260909,1,20260910,1,20260911,1,20260914,1,20260915,1,20260916,1,20260917,1,20260918,1,20260921,1,20260922,1,20260923,1,20260924,1,20260925,1,20260928,1,20260929,1,20261001,1,20261002,1,20261005,1,20261006,1,20261007,1,20261008,1,20261009,1,20261013,1,20261014,1,20261015,1,20261016,1,20261019,1,20261020,1,20261021,1,20261022,1,20261023,1,20261026,1,20261027,1,20261028,1,20261029,1,20261030,1,20261102,1,20261103,1,20261104,1,20261105,1,20261106,1,20261109,1,20261110,1,20261112,1,20261113,1,20261116,1,20261117,1,20261118,1,20261119,1,20261120,1,20261123,1,20261124,1,20261125,1,20261126,1,20261127,1,20261130,1,20261201,1,20261202,1,20261203,1,20261204,1,20261207,1,20261208,1,20261209,1,20261210,1,20261211,1,20261214,1,20261215,1,20261216,1,20261217,1,20261218,1
'1179841',20260902,1,20260903,1,20260904,1,20260908,1,20260909,1,20260910,1,20260911,1,20260914,1,20260915,1,20260916,1,20260917,1,20260918,1,20260921,1,20260922,1,20260923,1,20260924,1,20260925,1,20260928,1,20260929,1,20261001,1,20261002,1,20261005,1,20261006,1,20261007,1,20261008,1,20261009,1,20261013,1,20261014,1,20261015,1,20261016,1,20261019,1,20261020,1,20261021,1,20261022,1,20261023,1,20261026,1,20261027,1,20261028,1,20261029,1,20261030,1,20261102,1,20261103,1,20261104,1,20261105,1,20261106,1,20261109,1,20261110,1,20261112,1,20261113,1,20261116,1,20261117,1,20261118,1,20261119,1,20261120,1,20261123,1,20261124,1,20261125,1,20261126,1,20261127,1,20261130,1,20261201,1,20261202,1,20261203,1,20261204,1,20261207,1,20261208,1,20261209,1,20261210,1,20261211,1,20261214,1,20261215,1,20261216,1,20261217,1,20261218,1
'1179842',20260902,1,20260903,1,20260904,1,20260908,1,20260909,1,20260910,1,20260911,1,20260914,1,20260915,1,20260916,1,20260917,1,20260918,1,20260921,1,20260922,1,20260923,1,20260924,1,20260925,1,20260928,1,20260929,1,20261001,1,20261002,1,20261005,1,20261006,1,20261007,1,20261008,1,20261009,1,20261013,1,20261014,1,20261015,1,20261016,1,20261019,1,20261020,1,20261021,1,20261022,1,20261023,1,20261026,1,20261027,1,20261028,1,20261029,1,20261030,1,20261102,1,20261103,1,20261104,1,20261105,1,20261106,1,20261109,1,20261110,1,20261112,1,20261113,1,20261116,1,20261117,1,20261118,1,20261119,1,20261120,1,20261123,1,20261124,1,20261125,1,20261126,1,20261127,1,20261130,1,20261201,1,20261202,1,20261203,1,20261204,1,20261207,1,20261208,1,20261209,1,20261210,1,20261211,1,20261214,1,20261215,1,20261216,1,20261217,1,20261218,1
'1179843',20260905,1,20260912,1,20260919,1,20260926,1,20260930,1,20261003,1,20261010,1,20261017,1,20261024,1,20261031,1,20261107,1,20261114,1,20261121,1,20261128,1,20261205,1,20261212,1,20261219,1
'1179844',20260905,1,20260912,1,20260919,1,20260926,1,20260930,1,20261003,1,20261010,1,20261017,1,20261024,1,20261031,1,20261107,1,20261114,1,20261121,1,20261128,1,20261205,1,20261212,1,20261219,1
'1179845',20260905,1,20260912,1,20260919,1,20260926,1,20260930,1,20261003,1,20261010,1,20261017,1,20261024,1,20261031,1,20261107,1,20261114,1,20261121,1,20261128,1,20261205,1,20261212,1,20261219,1
'1179846',20260905,1,20260912,1,20260919,1,20260926,1,20260930,1,20261003,1,20261010,1,20261017,1,20261024,1,20261031,1,20261107,1,20261114,1,20261121,1,20261128,1,20261205,1,20261212,1,20261219,1
'1179847',20260905,1,20260912,1,20260919,1,20260926,1,20260930,1,20261003,1,20261010,1,20261017,1,20261024,1,20261031,1,20261107,1,20261114,1,20261121,1,20261128,1,20261205,1,20261212,1,20261219,1
'1179848',20260902,1,20260903,1,20260904,1,20260908,1,20260909,1,20260910,1,20260911,1,20260914,1,20260915,1,20260916,1,20260917,1,20260918,1,20260921,1,20260922,1,20260923,1,20260924,1,20260925,1,20260928,1,20260929,1,20261001,1,20261002,1,20261005,1,20261006,1,20261007,1,20261008,1,20261009,1,20261013,1,20261014,1,20261015,1,20261016,1,20261019,1,20261020,1,20261021,1,20261022,1,20261023,1,20261026,1,20261027,1,20261028,1,20261029,1,20261030,1,20261102,1,20261103,1,20261104,1,20261105,1,20261106,1,20261109,1,20261110,1,20261112,1,20261113,1,20261116,1,20261117,1,20261118,1,20261119,1,20261120,1,20261123,1,20261124,1,20261125,1,20261126,1,20261127,1,20261130,1,20261201,1,20261202,1,20261203,1,20261204,1,20261207,1,20261208,1,20261209,1,20261210,1,20261211,1,20261214,1,20261215,1,20261216,1,20261217,1,20261218,1
'1179849',20260902,1,20260903,1,20260904,1,20260908,1,20260909,1,20260910,1,20260911,1,20260914,1,20260915,1,20260916,1,20260917,1,20260918,1,20260921,1,20260922,1,20260923,1,20260924,1,20260925,1,20260928,1,20260929,1,20261001,1,20261002,1,20261005,1,20261006,1,20261007,1,20261008,1,20261009,1,20261013,1,20261014,1,20261015,1,20261016,1,20261019,1,20261020,1,20261021,1,20261022,1,20261023,1,20261026,1,20261027,1,20261028,1,20261029,1,20261030,1,20261102,1,20261103,1,20261104,1,20261105,1,20261106,1,20261109,1,20261110,1,20261112,1,20261113,1,20261116,1,20261117,1,20261118,1,20261119,1,20261120,1,20261123,1,20261124,1,20261125,1,20261126,1,20261127,1,20261130,1,20261201,1,20261202,1,20261203,1,20261204,1,20261207,1,20261208,1,20261209,1,20261210,1,20261211,1,20261214,1,20261215,1,20261216,1,20261217,1,20261218,1
'1179850',20260902,1,20260903,1,20260904,1,20260908,1,20260909,1,20260910,1,20260911,1,20260914,1,20260915,1,20260916,1,20260917,1,20260918,1,20260921,1,20260922,1,20260923,1,20260924,1,20260925,1,20260928,1,20260929,1,20261001,1,20261002,1,20261005,1,20261006,1,20261007,1,20261008,1,20261009,1,20261013,1,20261014,1,20261015,1,20261016,1,20261019,1,20261020,1,20261021,1,20261022,1,20261023,1,20261026,1,20261027,1,20261028,1,20261029,1,20261030,1,20261102,1,20261103,1,20261104,1,20261105,1,20261106,1,20261109,1,20261110,1,20261112,1,20261113,1,20261116,1,20261117,1,20261118,1,20261119,1,20261120,1,20261123,1,20261124,1,20261125,1,20261126,1,20261127,1,20261130,1,20261201,1,20261202,1,20261203,1,20261204,1,20261207,1,20261208,1,20261209,1,20261210,1,20261211,1,20261214,1,20261215,1,20261216,1,20261217,1,20261218,1
'1179851',20260905,1,20260912,1,20260919,1,20260926,1,20260930,1,20261003,1,20261010,1,20261017,1,20261024,1,20261031,1,20261107,1,20261114,1,20261121,1,20261128,1,20261205,1,20261212,1,20261219,1
'1179852',20260905,1,20260912,1,20260919,1,20260926,1,20260930,1,20261003,1,20261010,1,20261017,1,20261024,1,20261031,1,20261107,1,20261114,1,20261121,1,20261128,1,20261205,1,20261212,1,20261219,1
'1179853',20260905,1,20260912,1,20260919,1,20260926,1,20260930,1,20261003,1,20261010,1,20261017,1,20261024,1,20261031,1,20261107,1,20261114,1,20261121,1,20261128,1,20261205,1,20261212,1,20261219,1
'1179854',20260905,1,20260912,1,20260919,1,20260926,1,20260930,1,20261003,1,20261010,1,20261017,1,20261024,1,20261031,1,20261107,1,20261114,1,20261121,1,20261128,1,20261205,1,20261212,1,20261219,1
'1179855',20260906,1,20260913,1,20260920,1,20260927,1,20261004,1,20261011,1,20261018,1,20261025,1,20261101,1,20261108,1,20261115,1,20261122,1,20261129,1,20261206,1,20261213,1
'1179856',20260902,1,20260903,1,20260904,1,20260908,1,20260909,1,20260910,1,20260911,1,20260914,1,20260915,1,20260916,1,20260917,1,20260918,1,20260921,1,20260922,1,20260923,1,20260924,1,20260925,1,20260928,1,20260929,1,20261001,1,20261002,1,20261005,1,20261006,1,20261007,1,20261008,1,20261009,1,20261013,1,20261014,1,20261015,1,20261016,1,20261019,1,20261020,1,20261021,1,20261022,1,20261023,1,20261026,1,20261027,1,20261028,1,20261029,1,20261030,1,20261102,1,20261103,1,20261104,1,20261105,1,20261106,1,20261109,1,20261110,1,20261112,1,20261113,1,20261116,1,20261117,1,20261118,1,20261119,1,20261120,1,20261123,1,20261124,1,20261125,1,20261126,1,20261127,1,20261130,1,20261201,1,20261202,1,20261203,1,20261204,1,20261207,1,20261208,1,20261209,1,20261210,1,20261211,1,20261214,1,20261215,1,20261216,1,20261217,1,20261218,1
'1179857',20260902,1,20260903,1,20260904,1,20260908,1,20260909,1,20260910,1,20260911,1,20260914,1,20260915,1,20260916,1,20260917,1,20260918,1,20260921,1,20260922,1,20260923,1,20260924,1,20260925,1,20260928,1,20260929,1,20261001,1,20261002,1,20261005,1,20261006,1,20261007,1,20261008,1,20261009,1,20261013,1,20261014,1,20261015,1,20261016,1,20261019,1,20261020,1,20261021,1,20261022,1,20261023,1,20261026,1,20261027,1,20261028,1,20261029,1,20261030,1,20261102,1,20261103,1,20261104,1,20261105,1,20261106,1,20261109,1,20261110,1,20261112,1,20261113,1,20261116,1,20261117,1,20261118,1,20261119,1,20261120,1,20261123,1,20261124,1,20261125,1,20261126,1,20261127,1,20261130,1,20261201,1,20261202,1,20261203,1,20261204,1,20261207,1,20261208,1,20261209,1,20261210,1,20261211,1,20261214,1,20261215,1,20261216,1,20261217,1,20261218,1
'1179858',20260905,1,20260912,1,20260919,1,20260926,1,20260930,1,20261003,1,20261010,1,20261017,1,20261024,1,20261031,1,20261107,1,20261114,1,20261121,1,20261128,1,20261205,1,20261212,1,20261219,1
'1179859',20260905,1,20260912,1,20260919,1,20260926,1,20260930,1,20261003,1,20261010,1,20261017,1,20261024,1,20261031,1,20261107,1,20261114,1,20261121,1,20261128,1,20261205,1,20261212,1,20261219,1
'1179860',20260902,1,20260903,1,20260904,1,20260908,1,20260909,1,20260910,1,20260911,1,20260914,1,20260915,1,20260916,1,20260917,1,20260918,1,20260921,1,20260922,1,20260923,1,20260924,1,20260925,1,20260928,1,20260929,1,20261001,1,20261002,1,20261005,1,20261006,1,20261007,1,20261008,1,20261009,1,20261013,1,20261014,1,20261015,1,20261016,1,20261019,1,20261020,1,20261021,1,20261022,1,20261023,1,20261026,1,20261027,1,20261028,1,20261029,1,20261030,1,20261102,1,20261103,1,20261104,1,20261105,1,20261106,1,20261109,1,20261110,1,20261112,1,20261113,1,20261116,1,20261117,1,20261118,1,20261119,1,20261120,1,20261123,1,20261124,1,20261125,1,20261126,1,20261127,1,20261130,1,20261201,1,20261202,1,20261203,1,20261204,1,20261207,1,20261208,1,20261209,1,20261210,1,20261211,1,20261214,1,20261215,1,20261216,1,20261217,1,20261218,1
'1179861',20260905,1,20260912,1,20260919,1,20260926,1,20260930,1,20261003,1,20261010,1,20261017,1,20261024,1,20261031,1,20261107,1,20261114,1,20261121,1,20261128,1,20261205,1,20261212,1,20261219,1
'1179862',20260902,1,20260903,1,20260904,1,20260908,1,20260909,1,20260910,1,20260911,1,20260914,1,20260915,1,20260916,1,20260917,1,20260918,1,20260921,1,20260922,1,20260923,1,20260924,1,20260925,1,20260928,1,20260929,1,20261001,1,20261002,1,20261005,1,20261006,1,20261007,1,20261008,1,20261009,1,20261013,1,20261014,1,20261015,1,20261016,1,20261019,1,20261020,1,20261021,1,20261022,1,20261023,1,20261026,1,20261027,1,20261028,1,20261029,1,20261030,1,20261102,1,20261103,1,20261104,1,20261105,1,20261106,1,20261109,1,20261110,1,20261112,1,20261113,1,20261116,1,20261117,1,20261118,1,20261119,1,20261120,1,20261123,1,20261124,1,20261125,1,20261126,1,20261127,1,20261130,1,20261201,1,20261202,1,20261203,1,20261204,1,20261207,1,20261208,1,20261209,1,20261210,1,20261211,1,20261214,1,20261215,1,20261216,1,20261217,1,20261218,1
'1179863',20260905,1,20260912,1,20260919,1,20260926,1,20260930,1,20261003,1,20261010,1,20261017,1,20261024,1,20261031,1,20261107,1,20261114,1,20261121,1,20261128,1,20261205,1,20261212,1,20261219,1
'1179864',20260905,1,20260912,1,20260919,1,20260926,1,20260930,1,20261003,1,20261010,1,20261017,1,20261024,1,20261031,1,20261107,1,20261114,1,20261121,1,20261128,1,20261205,1,20261212,1,20261219,1
'1179865',20260906,1,20260913,1,20260920,1,20260927,1,20261004,1,20261011,1,20261018,1,20261025,1,20261101,1,20261108,1,20261115,1,20261122,1,20261129,1,20261206,1,20261213,1
'1179866',20260905,1,20260912,1,20260919,1,20260926,1,20260930,1,20261003,1,20261010,1,20261017,1,20261024,1,20261031,1,20261107,1,20261114,1,20261121,1,20261128,1,20261205,1,20261212,1,20261219,1
'1179867',20260906,1,20260913,1,20260920,1,20260927,1,20261004,1,20261011,1,20261018,1,20261025,1,20261101,1,20261108,1,20261115,1,20261122,1,20261129,1,20261206,1,20261213,1
'1179868',20260902,1,20260903,1,20260904,1,20260908,1,20260909,1,20260910,1,20260911,1,20260914,1,20260915,1,20260916,1,20260917,1,20260918,1,20260921,1,20260922,1,20260923,1,20260924,1,20260925,1,20260928,1,20260929,1,20261001,1,20261002,1,20261005,1,20261006,1,20261007,1,20261008,1,20261009,1,20261013,1,20261014,1,20261015,1,20261016,1,20261019,1,20261020,1,20261021,1,20261022,1,20261023,1,20261026,1,20261027,1,20261028,1,20261029,1,20261030,1,20261102,1,20261103,1,20261104,1,20261105,1,20261106,1,20261109,1,20261110,1,20261112,1,20261113,1,20261116,1,20261117,1,20261118,1,20261119,1,20261120,1,20261123,1,20261124,1,20261125,1,20261126,1,20261127,1,20261130,1,20261201,1,20261202,1,20261203,1,20261204,1,20261207,1,20261208,1,20261209,1,20261210,1,20261211,1,20261214,1,20261215,1,20261216,1,20261217,1,20261218,1
'1179869',20260905,1,20260912,1,20260919,1,20260926,1,20260930,1,20261003,1,20261010,1,20261017,1,20261024,1,20261031,1,20261107,1,20261114,1,20261121,1,20261128,1,20261205,1,20261212,1,20261219,1
'1179870',20260902,1,20260903,1,20260904,1,20260908,1,20260909,1,20260910,1,20260911,1,20260914,1,20260915,1,20260916,1,20260917,1,20260918,1,20260921,1,20260922,1,20260923,1,20260924,1,20260925,1,20260928,1,20260929,1,20261001,1,20261002,1,20261005,1,20261006,1,20261007,1,20261008,1,20261009,1,20261013,1,20261014,1,20261015,1,20261016,1,20261019,1,20261020,1,20261021,1,20261022,1,20261023,1,20261026,1,20261027,1,20261028,1,20261029,1,20261030,1,20261102,1,20261103,1,20261104,1,20261105,1,20261106,1,20261109,1,20261110,1,20261112,1,20261113,1,20261116,1,20261117,1,20261118,1,20261119,1,20261120,1,20261123,1,20261124,1,20261125,1,20261126,1,20261127,1,20261130,1,20261201,1,20261202,1,20261203,1,20261204,1,20261207,1,20261208,1,20261209,1,20261210,1,20261211,1,20261214,1,20261215,1,20261216,1,20261217,1,20261218,1
'1179871',20260905,1,20260912,1,20260919,1,20260926,1,20260930,1,20261003,1,20261010,1,20261017,1,20261024,1,20261031,1,20261107,1,20261114,1,20261121,1,20261128,1,20261205,1,20261212,1,20261219,1
'1179872',20260905,1,20260912,1,20260919,1,20260926,1,20260930,1,20261003,1,20261010,1,20261017,1,20261024,1,20261031,1,20261107,1,20261114,1,20261121,1,20261128,1,20261205,1,20261212,1,20261219,1
'1179873',20260906,1,20260913,1,20260920,1,20260927,1,20261004,1,20261011,1,20261018,1,20261025,1,20261101,1,20261108,1,20261115,1,20261122,1,20261129,1,20261206,1,20261213,1
'1179874',20260902,1,20260903,1,20260904,1,20260908,1,20260909,1,20260910,1,20260911,1,20260914,1,20260915,1,20260916,1,20260917,1,20260918,1,20260921,1,20260922,1,20260923,1,20260924,1,20260925,1,20260928,1,20260929,1,20261001,1,20261002,1,20261005,1,20261006,1,20261007,1,20261008,1,20261009,1,20261013,1,20261014,1,20261015,1,20261016,1,20261019,1,20261020,1,20261021,1,20261022,1,20261023,1,20261026,1,20261027,1,20261028,1,20261029,1,20261030,1,20261102,1,20261103,1,20261104,1,20261105,1,20261106,1,20261109,1,20261110,1,20261112,1,20261113,1,20261116,1,20261117,1,20261118,1,20261119,1,20261120,1,20261123,1,20261124,1,20261125,1,20261126,1,20261127,1,20261130,1,20261201,1,20261202,1,20261203,1,20261204,1,20261207,1,20261208,1,20261209,1,20261210,1,20261211,1,20261214,1,20261215,1,20261216,1,20261217,1,20261218,1
'1179875',20260902,1,20260903,1,20260904,1,20260908,1,20260909,1,20260910,1,20260911,1,20260914,1,20260915,1,20260916,1,20260917,1,20260918,1,20260921,1,20260922,1,20260923,1,20260924,1,20260925,1,20260928,1,20260929,1,20261001,1,20261002,1,20261005,1,20261006,1,20261007,1,20261008,1,20261009,1,20261013,1,20261014,1,20261015,1,20261016,1,20261019,1,20261020,1,20261021,1,20261022,1,20261023,1,20261026,1,20261027,1,20261028,1,20261029,1,20261030,1,20261102,1,20261103,1,20261104,1,20261105,1,20261106,1,20261109,1,20261110,1,20261112,1,20261113,1,20261116,1,20261117,1,20261118,1,20261119,1,20261120,1,20261123,1,20261124,1,20261125,1,20261126,1,20261127,1,20261130,1,20261201,1,20261202,1,20261203,1,20261204,1,20261207,1,20261208,1,20261209,1,20261210,1,20261211,1,20261214,1,20261215,1,20261216,1,20261217,1,20261218,1
'1179876',20260902,1,20260903,1,20260904,1,20260908,1,20260909,1,20260910,1,20260911,1,20260914,1,20260915,1,20260916,1,20260917,1,20260918,1,20260921,1,20260922,1,20260923,1,20260924,1,20260925,1,20260928,1,20260929,1,20261001,1,20261002,1,20261005,1,20261006,1,20261007,1,20261008,1,20261009,1,20261013,1,20261014,1,20261015,1,20261016,1,20261019,1,20261020,1,20261021,1,20261022,1,20261023,1,20261026,1,20261027,1,20261028,1,20261029,1,20261030,1,20261102,1,20261103,1,20261104,1,20261105,1,20261106,1,20261109,1,20261110,1,20261112,1,20261113,1,20261116,1,20261117,1,20261118,1,20261119,1,20261120,1,20261123,1,20261124,1,20261125,1,20261126,1,20261127,1,20261130,1,20261201,1,20261202,1,20261203,1,20261204,1,20261207,1,20261208,1,20261209,1,20261210,1,20261211,1,20261214,1,20261215,1,20261216,1,20261217,1,20261218,1
'1179877',20260906,1,20260913,1,20260920,1,20260927,1,20261004,1,20261011,1,20261018,1,20261025,1,20261101,1,20261108,1,20261115,1,20261122,1,20261129,1,20261206,1,20261213,1
'1179878',20260905,1,20260912,1,20260919,1,20260926,1,20260930,1,20261003,1,20261010,1,20261017,1,20261024,1,20261031,1,20261107,1,20261114,1,20261121,1,20261128,1,20261205,1,20261212,1,20261219,1
'1179879',20260902,1,20260903,1,20260904,1,20260908,1,20260909,1,20260910,1,20260911,1,20260914,1,20260915,1,20260916,1,20260917,1,20260918,1,20260921,1,20260922,1,20260923,1,20260924,1,20260925,1,20260928,1,20260929,1,20261001,1,20261002,1,20261005,1,20261006,1,20261007,1,20261008,1,20261009,1,20261013,1,20261014,1,20261015,1,20261016,1,20261019,1,20261020,1,20261021,1,20261022,1,20261023,1,20261026,1,20261027,1,20261028,1,20261029,1,20261030,1,20261102,1,20261103,1,20261104,1,20261105,1,20261106,1,20261109,1,20261110,1,20261112,1,20261113,1,20261116,1,20261117,1,20261118,1,20261119,1,20261120,1,20261123,1,20261124,1,20261125,1,20261126,1,20261127,1,20261130,1,20261201,1,20261202,1,20261203,1,20261204,1,20261207,1,20261208,1,20261209,1,20261210,1,20261211,1,20261214,1,20261215,1,20261216,1,20261217,1,20261218,1
'1179880',20260902,1,20260903,1,20260904,1,20260908,1,20260909,1,20260910,1,20260911,1,20260914,1,20260915,1,20260916,1,20260917,1,20260918,1,20260921,1,20260922,1,20260923,1,20260924,1,20260925,1,20260928,1,20260929,1,20261001,1,20261002,1,20261005,1,20261006,1,20261007,1,20261008,1,20261009,1,20261013,1,20261014,1,20261015,1,20261016,1,20261019,1,20261020,1,20261021,1,20261022,1,20261023,1,20261026,1,20261027,1,20261028,1,20261029,1,20261030,1,20261102,1,20261103,1,20261104,1,20261105,1,20261106,1,20261109,1,20261110,1,20261112,1,20261113,1,20261116,1,20261117,1,20261118,1,20261119,1,20261120,1,20261123,1,20261124,1,20261125,1,20261126,1,20261127,1,20261130,1,20261201,1,20261202,1,20261203,1,20261204,1,20261207,1,20261208,1,20261209,1,20261210,1,20261211,1,20261214,1,20261215,1,20261216,1,20261217,1,20261218,1
'1179881',20260902,1,20260903,1,20260904,1,20260908,1,20260909,1,20260910,1,20260911,1,20260914,1,20260915,1,20260916,1,20260917,1,20260918,1,20260921,1,20260922,1,20260923,1,20260924,1,20260925,1,20260928,1,20260929,1,20261001,1,20261002,1,20261005,1,20261006,1,20261007,1,20261008,1,20261009,1,20261013,1,20261014,1,20261015,1,20261016,1,20261019,1,20261020,1,20261021,1,20261022,1,20261023,1,20261026,1,20261027,1,20261028,1,20261029,1,20261030,1,20261102,1,20261103,1,20261104,1,20261105,1,20261106,1,20261109,1,20261110,1,20261112,1,20261113,1,20261116,1,20261117,1,20261118,1,20261119,1,20261120,1,20261123,1,20261124,1,20261125,1,20261126,1,20261127,1,20261130,1,20261201,1,20261202,1,20261203,1,20261204,1,20261207,1,20261208,1,20261209,1,20261210,1,20261211,1,20261214,1,20261215,1,20261216,1,20261217,1,20261218,1
'1179882',20260905,1,20260912,1,20260919,1,20260926,1,20260930,1,20261003,1,20261010,1,20261017,1,20261024,1,20261031,1,20261107,1,20261114,1,20261121,1,20261128,1,20261205,1,20261212,1,20261219,1
'1179883',20260905,1,20260912,1,20260919,1,20260926,1,20260930,1,20261003,1,20261010,1,20261017,1,20261024,1,20261031,1,20261107,1,20261114,1,20261121,1,20261128,1,20261205,1,20261212,1,20261219,1
'1179884',20260902,1,20260903,1,20260904,1,20260908,1,20260909,1,20260910,1,20260911,1,20260914,1,20260915,1,20260916,1,20260917,1,20260918,1,20260921,1,20260922,1,20260923,1,20260924,1,20260925,1,20260928,1,20260929,1,20261001,1,20261002,1,20261005,1,20261006,1,20261007,1,20261008,1,20261009,1,20261013,1,20261014,1,20261015,1,20261016,1,20261019,1,20261020,1,20261021,1,20261022,1,20261023,1,20261026,1,20261027,1,20261028,1,20261029,1,20261030,1,20261102,1,20261103,1,20261104,1,20261105,1,20261106,1,20261109,1,20261110,1,20261112,1,20261113,1,20261116,1,20261117,1,20261118,1,20261119,1,20261120,1,20261123,1,20261124,1,20261125,1,20261126,1,20261127,1,20261130,1,20261201,1,20261202,1,20261203,1,20261204,1,20261207,1,20261208,1,20261209,1,20261210,1,20261211,1,20261214,1,20261215,1,20261216,1,20261217,1,20261218,1
'1179885',20260902,1,20260903,1,20260904,1,20260908,1,20260909,1,20260910,1,20260911,1,20260914,1,20260915,1,20260916,1,20260917,1,20260918,1,20260921,1,20260922,1,20260923,1,20260924,1,20260925,1,20260928,1,20260929,1,20261001,1,20261002,1,20261005,1,20261006,1,20261007,1,20261008,1,20261009,1,20261013,1,20261014,1,20261015,1,20261016,1,20261019,1,20261020,1,20261021,1,20261022,1,20261023,1,20261026,1,20261027,1,20261028,1,20261029,1,20261030,1,20261102,1,20261103,1,20261104,1,20261105,1,20261106,1,20261109,1,20261110,1,20261112,1,20261113,1,20261116,1,20261117,1,20261118,1,20261119,1,20261120,1,20261123,1,20261124,1,20261125,1,20261126,1,20261127,1,20261130,1,20261201,1,20261202,1,20261203,1,20261204,1,20261207,1,20261208,1,20261209,1,20261210,1,20261211,1,20261214,1,20261215,1,20261216,1,20261217,1,20261218,1
'1179886',20260905,1,20260912,1,20260919,1,20260926,1,20260930,1,20261003,1,20261010,1,20261017,1,20261024,1,20261031,1,20261107,1,20261114,1,20261121,1,20261128,1,20261205,1,20261212,1,20261219,1
'1179887',20260902,1,20260903,1,20260904,1,20260908,1,20260909,1,20260910,1,20260911,1,20260914,1,20260915,1,20260916,1,20260917,1,20260918,1,20260921,1,20260922,1,20260923,1,20260924,1,20260925,1,20260928,1,20260929,1,20261001,1,20261002,1,20261005,1,20261006,1,20261007,1,20261008,1,20261009,1,20261013,1,20261014,1,20261015,1,20261016,1,20261019,1,20261020,1,20261021,1,20261022,1,20261023,1,20261026,1,20261027,1,20261028,1,20261029,1,20261030,1,20261102,1,20261103,1,20261104,1,20261105,1,20261106,1,20261109,1,20261110,1,20261112,1,20261113,1,20261116,1,20261117,1,20261118,1,20261119,1,20261120,1,20261123,1,20261124,1,20261125,1,20261126,1,20261127,1,20261130,1,20261201,1,20261202,1,20261203,1,20261204,1,20261207,1,20261208,1,20261209,1,20261210,1,20261211,1,20261214,1,20261215,1,20261216,1,20261217,1,20261218,1
'1179888',20260906,1,20260913,1,20260920,1,20260927,1,20261004,1,20261011,1,20261018,1,20261025,1,20261101,1,20261108,1,20261115,1,20261122,1,20261129,1,20261206,1,20261213,1
'1179889',20260902,1,20260903,1,20260904,1,20260908,1,20260909,1,20260910,1,20260911,1,20260914,1,20260915,1,20260916,1,20260917,1,20260918,1,20260921,1,20260922,1,20260923,1,20260924,1,20260925,1,20260928,1,20260929,1,20261001,1,20261002,1,20261005,1,20261006,1,20261007,1,20261008,1,20261009,1,20261013,1,20261014,1,20261015,1,20261016,1,20261019,1,20261020,1,20261021,1,20261022,1,20261023,1,20261026,1,20261027,1,20261028,1,20261029,1,20261030,1,20261102,1,20261103,1,20261104,1,20261105,1,20261106,1,20261109,1,20261110,1,20261112,1,20261113,1,20261116,1,20261117,1,20261118,1,20261119,1,20261120,1,20261123,1,20261124,1,20261125,1,20261126,1,20261127,1,20261130,1,20261201,1,20261202,1,20261203,1,20261204,1,20261207,1,20261208,1,20261209,1,20261210,1,20261211,1,20261214,1,20261215,1,20261216,1,20261217,1,20261218,1
'1179890',20260902,1,20260903,1,20260904,1,20260908,1,20260909,1,20260910,1,20260911,1,20260914,1,20260915,1,20260916,1,20260917,1,20260918,1,20260921,1,20260922,1,20260923,1,20260924,1,20260925,1,20260928,1,20260929,1,20261001,1,20261002,1,20261005,1,20261006,1,20261007,1,20261008,1,20261009,1,20261013,1,20261014,1,20261015,1,20261016,1,20261019,1,20261020,1,20261021,1,20261022,1,20261023,1,20261026,1,20261027,1,20261028,1,20261029,1,20261030,1,20261102,1,20261103,1,20261104,1,20261105,1,20261106,1,20261109,1,20261110,1,20261112,1,20261113,1,20261116,1,20261117,1,20261118,1,20261119,1,20261120,1,20261123,1,20261124,1,20261125,1,20261126,1,20261127,1,20261130,1,20261201,1,20261202,1,20261203,1,20261204,1,20261207,1,20261208,1,20261209,1,20261210,1,20261211,1,20261214,1,20261215,1,20261216,1,20261217,1,20261218,1
'1179891',20260905,1,20260912,1,20260919,1,20260926,1,20260930,1,20261003,1,20261010,1,20261017,1,20261024,1,20261031,1,20261107,1,20261114,1,20261121,1,20261128,1,20261205,1,20261212,1,20261219,1
'1179892',20260902,1,20260903,1,20260904,1,20260908,1,20260909,1,20260910,1,20260911,1,20260914,1,20260915,1,20260916,1,20260917,1,20260918,1,20260921,1,20260922,1,20260923,1,20260924,1,20260925,1,20260928,1,20260929,1,20261001,1,20261002,1,20261005,1,20261006,1,20261007,1,20261008,1,20261009,1,20261013,1,20261014,1,20261015,1,20261016,1,20261019,1,20261020,1,20261021,1,20261022,1,20261023,1,20261026,1,20261027,1,20261028,1,20261029,1,20261030,1,20261102,1,20261103,1,20261104,1,20261105,1,20261106,1,20261109,1,20261110,1,20261112,1,20261113,1,20261116,1,20261117,1,20261118,1,20261119,1,20261120,1,20261123,1,20261124,1,20261125,1,20261126,1,20261127,1,20261130,1,20261201,1,20261202,1,20261203,1,20261204,1,20261207,1,20261208,1,20261209,1,20261210,1,20261211,1,20261214,1,20261215,1,20261216,1,20261217,1,20261218,1
'1179893',20260906,1,20260913,1,20260920,1,20260927,1,20261004,1,20261011,1,20261018,1,20261025,1,20261101,1,20261108,1,20261115,1,20261122,1,20261129,1,20261206,1,20261213,1
'1179894',20260902,1,20260903,1,20260904,1,20260908,1,20260909,1,20260910,1,20260911,1,20260914,1,20260915,1,20260916,1,20260917,1,20260918,1,20260921,1,20260922,1,20260923,1,20260924,1,20260925,1,20260928,1,20260929,1,20261001,1,20261002,1,20261005,1,20261006,1,20261007,1,20261008,1,20261009,1,20261013,1,20261014,1,20261015,1,20261016,1,20261019,1,20261020,1,20261021,1,20261022,1,20261023,1,20261026,1,20261027,1,20261028,1,20261029,1,20261030,1,20261102,1,20261103,1,20261104,1,20261105,1,20261106,1,20261109,1,20261110,1,20261112,1,20261113,1,20261116,1,20261117,1,20261118,1,20261119,1,20261120,1,20261123,1,20261124,1,20261125,1,20261126,1,20261127,1,20261130,1,20261201,1,20261202,1,20261203,1,20261204,1,20261207,1,20261208,1,20261209,1,20261210,1,20261211,1,20261214,1,20261215,1,20261216,1,20261217,1,20261218,1
'1179895',20260902,1,20260903,1,20260904,1,20260908,1,20260909,1,20260910,1,20260911,1,20260914,1,20260915,1,20260916,1,20260917,1,20260918,1,20260921,1,20260922,1,20260923,1,20260924,1,20260925,1,20260928,1,20260929,1,20261001,1,20261002,1,20261005,1,20261006,1,20261007,1,20261008,1,20261009,1,20261013,1,20261014,1,20261015,1,20261016,1,20261019,1,20261020,1,20261021,1,20261022,1,20261023,1,20261026,1,20261027,1,20261028,1,20261029,1,20261030,1,20261102,1,20261103,1,20261104,1,20261105,1,20261106,1,20261109,1,20261110,1,20261112,1,20261113,1,20261116,1,20261117,1,20261118,1,20261119,1,20261120,1,20261123,1,20261124,1,20261125,1,20261126,1,20261127,1,20261130,1,20261201,1,20261202,1,20261203,1,20261204,1,20261207,1,20261208,1,20261209,1,20261210,1,20261211,1,20261214,1,20261215,1,20261216,1,20261217,1,20261218,1
'1179896',20260902,1,20260903,1,20260904,1,20260908,1,20260909,1,20260910,1,20260911,1,20260914,1,20260915,1,20260916,1,20260917,1,20260918,1,20260921,1,20260922,1,20260923,1,20260924,1,20260925,1,20260928,1,20260929,1,20261001,1,20261002,1,20261005,1,20261006,1,20261007,1,20261008,1,20261009,1,20261013,1,20261014,1,20261015,1,20261016,1,20261019,1,20261020,1,20261021,1,20261022,1,20261023,1,20261026,1,20261027,1,20261028,1,20261029,1,20261030,1,20261102,1,20261103,1,20261104,1,20261105,1,20261106,1,20261109,1,20261110,1,20261112,1,20261113,1,20261116,1,20261117,1,20261118,1,20261119,1,20261120,1,20261123,1,20261124,1,20261125,1,20261126,1,20261127,1,20261130,1,20261201,1,20261202,1,20261203,1,20261204,1,20261207,1,20261208,1,20261209,1,20261210,1,20261211,1,20261214,1,20261215,1,20261216,1,20261217,1,20261218,1
'1179897',20260902,1,20260903,1,20260904,1,20260908,1,20260909,1,20260910,1,20260911,1,20260914,1,20260915,1,20260916,1,20260917,1,20260918,1,20260921,1,20260922,1,20260923,1,20260924,1,20260925,1,20260928,1,20260929,1,20261001,1,20261002,1,20261005,1,20261006,1,20261007,1,20261008,1,20261009,1,20261013,1,20261014,1,20261015,1,20261016,1,20261019,1,20261020,1,20261021,1,20261022,1,20261023,1,20261026,1,20261027,1,20261028,1,20261029,1,20261030,1,20261102,1,20261103,1,20261104,1,20261105,1,20261106,1,20261109,1,20261110,1,20261112,1,20261113,1,20261116,1,20261117,1,20261118,1,20261119,1,20261120,1,20261123,1,20261124,1,20261125,1,20261126,1,20261127,1,20261130,1,20261201,1,20261202,1,20261203,1,20261204,1,20261207,1,20261208,1,20261209,1,20261210,1,20261211,1,20261214,1,20261215,1,20261216,1,20261217,1,20261218,1
'1179898',20260905,1,20260912,1,20260919,1,20260926,1,20260930,1,20261003,1,20261010,1,20261017,1,20261024,1,20261031,1,20261107,1,20261114,1,20261121,1,20261128,1,20261205,1,20261212,1,20261219,1
'1179899',20260902,1,20260903,1,20260904,1,20260908,1,20260909,1,20260910,1,20260911,1,20260914,1,20260915,1,20260916,1,20260917,1,20260918,1,20260921,1,20260922,1,20260923,1,20260924,1,20260925,1,20260928,1,20260929,1,20261001,1,20261002,1,20261005,1,20261006,1,20261007,1,20261008,1,20261009,1,20261013,1,20261014,1,20261015,1,20261016,1,20261019,1,20261020,1,20261021,1,20261022,1,20261023,1,20261026,1,20261027,1,20261028,1,20261029,1,20261030,1,20261102,1,20261103,1,20261104,1,20261105,1,20261106,1,20261109,1,20261110,1,20261112,1,20261113,1,20261116,1,20261117,1,20261118,1,20261119,1,20261120,1,20261123,1,20261124,1,20261125,1,20261126,1,20261127,1,20261130,1,20261201,1,20261202,1,20261203,1,20261204,1,20261207,1,20261208,1,20261209,1,20261210,1,20261211,1,20261214,1,20261215,1,20261216,1,20261217,1,20261218,1
'1179900',20260902,1,20260903,1,20260904,1,20260908,1,20260909,1,20260910,1,20260911,1,20260914,1,20260915,1,20260916,1,20260917,1,20260918,1,20260921,1,20260922,1,20260923,1,20260924,1,20260925,1,20260928,1,20260929,1,20261001,1,20261002,1,20261005,1,20261006,1,20261007,1,20261008,1,20261009,1,20261013,1,20261014,1,20261015,1,20261016,1,20261019,1,20261020,1,20261021,1,20261022,1,20261023,1,20261026,1,20261027,1,20261028,1,20261029,1,20261030,1,20261102,1,20261103,1,20261104,1,20261105,1,20261106,1,20261109,1,20261110,1,20261112,1,20261113,1,20261116,1,20261117,1,20261118,1,20261119,1,20261120,1,20261123,1,20261124,1,20261125,1,20261126,1,20261127,1,20261130,1,20261201,1,20261202,1,20261203,1,20261204,1,20261207,1,20261208,1,20261209,1,20261210,1,20261211,1,20261214,1,20261215,1,20261216,1,20261217,1,20261218,1
'1179901',20260906,1,20260913,1,20260920,1,20260927,1,20261004,1,20261011,1,20261018,1,20261025,1,20261101,1,20261108,1,20261115,1,20261122,1,20261129,1,20261206,1,20261213,1
'1179902',20260905,1,20260912,1,20260919,1,20260926,1,20260930,1,20261003,1,20261010,1,20261017,1,20261024,1,20261031,1,20261107,1,20261114,1,20261121,1,20261128,1,20261205,1,20261212,1,20261219,1
'1179903',20260906,1,20260913,1,20260920,1,20260927,1,20261004,1,20261011,1,20261018,1,20261025,1,20261101,1,20261108,1,20261115,1,20261122,1,20261129,1,20261206,1,20261213,1
'1179904',20260902,1,20260903,1,20260904,1,20260908,1,20260909,1,20260910,1,20260911,1,20260914,1,20260915,1,20260916,1,20260917,1,20260918,1,20260921,1,20260922,1,20260923,1,20260924,1,20260925,1,20260928,1,20260929,1,20261001,1,20261002,1,20261005,1,20261006,1,20261007,1,20261008,1,20261009,1,20261013,1,20261014,1,20261015,1,20261016,1,20261019,1,20261020,1,20261021,1,20261022,1,20261023,1,20261026,1,20261027,1,20261028,1,20261029,1,20261030,1,20261102,1,20261103,1,20261104,1,20261105,1,20261106,1,20261109,1,20261110,1,20261112,1,20261113,1,20261116,1,20261117,1,20261118,1,20261119,1,20261120,1,20261123,1,20261124,1,20261125,1,20261126,1,20261127,1,20261130,1,20261201,1,20261202,1,20261203,1,20261204,1,20261207,1,20261208,1,20261209,1,20261210,1,20261211,1,20261214,1,20261215,1,20261216,1,20261217,1,20261218,1
'1179905',20260905,1,20260912,1,20260919,1,20260926,1,20260930,1,20261003,1,20261010,1,20261017,1,20261024,1,20261031,1,20261107,1,20261114,1,20261121,1,20261128,1,20261205,1,20261212,1,20261219,1
'1179906',20260902,1,20260903,1,20260904,1,20260908,1,20260909,1,20260910,1,20260911,1,20260914,1,20260915,1,20260916,1,20260917,1,20260918,1,20260921,1,20260922,1,20260923,1,20260924,1,20260925,1,20260928,1,20260929,1,20261001,1,20261002,1,20261005,1,20261006,1,20261007,1,20261008,1,20261009,1,20261013,1,20261014,1,20261015,1,20261016,1,20261019,1,20261020,1,20261021,1,20261022,1,20261023,1,20261026,1,20261027,1,20261028,1,20261029,1,20261030,1,20261102,1,20261103,1,20261104,1,20261105,1,20261106,1,20261109,1,20261110,1,20261112,1,20261113,1,20261116,1,20261117,1,20261118,1,20261119,1,20261120,1,20261123,1,20261124,1,20261125,1,20261126,1,20261127,1,20261130,1,20261201,1,20261202,1,20261203,1,20261204,1,20261207,1,20261208,1,20261209,1,20261210,1,20261211,1,20261214,1,20261215,1,20261216,1,20261217,1,20261218,1
'1179907',20260905,1,20260912,1,20260919,1,20260926,1,20260930,1,20261003,1,20261010,1,20261017,1,20261024,1,20261031,1,20261107,1,20261114,1,20261121,1,20261128,1,20261205,1,20261212,1,20261219,1
'1179908',20260902,1,20260903,1,20260904,1,20260908,1,20260909,1,20260910,1,20260911,1,20260914,1,20260915,1,20260916,1,20260917,1,20260918,1,20260921,1,20260922,1,20260923,1,20260924,1,20260925,1,20260928,1,20260929,1,20261001,1,20261002,1,20261005,1,20261006,1,20261007,1,20261008,1,20261009,1,20261013,1,20261014,1,20261015,1,20261016,1,20261019,1,20261020,1,20261021,1,20261022,1,20261023,1,20261026,1,20261027,1,20261028,1,20261029,1,20261030,1,20261102,1,20261103,1,20261104,1,20261105,1,20261106,1,20261109,1,20261110,1,20261112,1,20261113,1,20261116,1,20261117,1,20261118,1,20261119,1,20261120,1,20261123,1,20261124,1,20261125,1,20261126,1,20261127,1,20261130,1,20261201,1,20261202,1,20261203,1,20261204,1,20261207,1,20261208,1,20261209,1,20261210,1,20261211,1,20261214,1,20261215,1,20261216,1,20261217,1,20261218,1
'1179909',20260905,1,20260912,1,20260919,1,20260926,1,20260930,1,20261003,1,20261010,1,20261017,1,20261024,1,20261031,1,20261107,1,20261114,1,20261121,1,20261128,1,20261205,1,20261212,1,20261219,1
'1179910',20260905,1,20260912,1,20260919,1,20260926,1,20260930,1,20261003,1,20261010,1,20261017,1,20261024,1,20261031,1,20261107,1,20261114,1,20261121,1,20261128,1,20261205,1,20261212,1,20261219,1
'1179911',20260906,1,20260913,1,20260920,1,20260927,1,20261004,1,20261011,1,20261018,1,20261025,1,20261101,1,20261108,1,20261115,1,20261122,1,20261129,1,20261206,1,20261213,1
'1179912',20260902,1,20260903,1,20260904,1,20260908,1,20260909,1,20260910,1,20260911,1,20260914,1,20260915,1,20260916,1,20260917,1,20260918,1,20260921,1,20260922,1,20260923,1,20260924,1,20260925,1,20260928,1,20260929,1,20261001,1,20261002,1,20261005,1,20261006,1,20261007,1,20261008,1,20261009,1,20261013,1,20261014,1,20261015,1,20261016,1,20261019,1,20261020,1,20261021,1,20261022,1,20261023,1,20261026,1,20261027,1,20261028,1,20261029,1,20261030,1,20261102,1,20261103,1,20261104,1,20261105,1,20261106,1,20261109,1,20261110,1,20261112,1,20261113,1,20261116,1,20261117,1,20261118,1,20261119,1,20261120,1,20261123,1,20261124,1,20261125,1,20261126,1,20261127,1,20261130,1,20261201,1,20261202,1,20261203,1,20261204,1,20261207,1,20261208,1,20261209,1,20261210,1,20261211,1,20261214,1,20261215,1,20261216,1,20261217,1,20261218,1
'1179913',20260902,1,20260903,1,20260904,1,20260908,1,20260909,1,20260910,1,20260911,1,20260914,1,20260915,1,20260916,1,20260917,1,20260918,1,20260921,1,20260922,1,20260923,1,20260924,1,20260925,1,20260928,1,20260929,1,20261001,1,20261002,1,20261005,1,20261006,1,20261007,1,20261008,1,20261009,1,20261013,1,20261014,1,20261015,1,20261016,1,20261019,1,20261020,1,20261021,1,20261022,1,20261023,1,20261026,1,20261027,1,20261028,1,20261029,1,20261030,1,20261102,1,20261103,1,20261104,1,20261105,1,20261106,1,20261109,1,20261110,1,20261112,1,20261113,1,20261116,1,20261117,1,20261118,1,20261119,1,20261120,1,20261123,1,20261124,1,20261125,1,20261126,1,20261127,1,20261130,1,20261201,1,20261202,1,20261203,1,20261204,1,20261207,1,20261208,1,20261209,1,20261210,1,20261211,1,20261214,1,20261215,1,20261216,1,20261217,1,20261218,1
'1179914',20260905,1,20260912,1,20260919,1,20260926,1,20260930,1,20261003,1,20261010,1,20261017,1,20261024,1,20261031,1,20261107,1,20261114,1,20261121,1,20261128,1,20261205,1,20261212,1,20261219,1
'1179915',20260906,1,20260913,1,20260920,1,20260927,1,20261004,1,20261011,1,20261018,1,20261025,1,20261101,1,20261108,1,20261115,1,20261122,1,20261129,1,20261206,1,20261213,1
'1179916',20260902,1,20260903,1,20260904,1,20260908,1,20260909,1,20260910,1,20260911,1,20260914,1,20260915,1,20260916,1,20260917,1,20260918,1,20260921,1,20260922,1,20260923,1,20260924,1,20260925,1,20260928,1,20260929,1,20261001,1,20261002,1,20261005,1,20261006,1,20261007,1,20261008,1,20261009,1,20261013,1,20261014,1,20261015,1,20261016,1,20261019,1,20261020,1,20261021,1,20261022,1,20261023,1,20261026,1,20261027,1,20261028,1,20261029,1,20261030,1,20261102,1,20261103,1,20261104,1,20261105,1,20261106,1,20261109,1,20261110,1,20261112,1,20261113,1,20261116,1,20261117,1,20261118,1,20261119,1,20261120,1,20261123,1,20261124,1,20261125,1,20261126,1,20261127,1,20261130,1,20261201,1,20261202,1,20261203,1,20261204,1,20261207,1,20261208,1,20261209,1,20261210,1,20261211,1,20261214,1,20261215,1,20261216,1,20261217,1,20261218,1
'1179917',20260905,1,20260912,1,20260919,1,20260926,1,20260930,1,20261003,1,20261010,1,20261017,1,20261024,1,20261031,1,20261107,1,20261114,1,20261121,1,20261128,1,20261205,1,20261212,1,20261219,1
'1179918',20260905,1,20260912,1,20260919,1,20260926,1,20260930,1,20261003,1,20261010,1,20261017,1,20261024,1,20261031,1,20261107,1,20261114,1,20261121,1,20261128,1,20261205,1,20261212,1,20261219,1
'1179919',20260905,1,20260912,1,20260919,1,20260926,1,20260930,1,20261003,1,20261010,1,20261017,1,20261024,1,20261031,1,20261107,1,20261114,1,20261121,1,20261128,1,20261205,1,20261212,1,20261219,1
'1179920',20260905,1,20260912,1,20260919,1,20260926,1,20260930,1,20261003,1,20261010,1,20261017,1,20261024,1,20261031,1,20261107,1,20261114,1,20261121,1,20261128,1,20261205,1,20261212,1,20261219,1
'1179921',20260906,1,20260913,1,20260920,1,20260927,1,20261004,1,20261011,1,20261018,1,20261025,1,20261101,1,20261108,1,20261115,1,20261122,1,20261129,1,20261206,1,20261213,1
'1179922',20260902,1,20260903,1,20260904,1,20260908,1,20260909,1,20260910,1,20260911,1,20260914,1,20260915,1,20260916,1,20260917,1,20260918,1,20260921,1,20260922,1,20260923,1,20260924,1,20260925,1,20260928,1,20260929,1,20261001,1,20261002,1,20261005,1,20261006,1,20261007,1,20261008,1,20261009,1,20261013,1,20261014,1,20261015,1,20261016,1,20261019,1,20261020,1,20261021,1,20261022,1,20261023,1,20261026,1,20261027,1,20261028,1,20261029,1,20261030,1,20261102,1,20261103,1,20261104,1,20261105,1,20261106,1,20261109,1,20261110,1,20261112,1,20261113,1,20261116,1,20261117,1,20261118,1,20261119,1,20261120,1,20261123,1,20261124,1,20261125,1,20261126,1,20261127,1,20261130,1,20261201,1,20261202,1,20261203,1,20261204,1,20261207,1,20261208,1,20261209,1,20261210,1,20261211,1,20261214,1,20261215,1,20261216,1,20261217,1,20261218,1
'1179923',20260902,1,20260903,1,20260904,1,20260908,1,20260909,1,20260910,1,20260911,1,20260914,1,20260915,1,20260916,1,20260917,1,20260918,1,20260921,1,20260922,1,20260923,1,20260924,1,20260925,1,20260928,1,20260929,1,20261001,1,20261002,1,20261005,1,20261006,1,20261007,1,20261008,1,20261009,1,20261013,1,20261014,1,20261015,1,20261016,1,20261019,1,20261020,1,20261021,1,20261022,1,20261023,1,20261026,1,20261027,1,20261028,1,20261029,1,20261030,1,20261102,1,20261103,1,20261104,1,20261105,1,20261106,1,20261109,1,20261110,1,20261112,1,20261113,1,20261116,1,20261117,1,20261118,1,20261119,1,20261120,1,20261123,1,20261124,1,20261125,1,20261126,1,20261127,1,20261130,1,20261201,1,20261202,1,20261203,1,20261204,1,20261207,1,20261208,1,20261209,1,20261210,1,20261211,1,20261214,1,20261215,1,20261216,1,20261217,1,20261218,1
'1179924',20260905,1,20260912,1,20260919,1,20260926,1,20260930,1,20261003,1,20261010,1,20261017,1,20261024,1,20261031,1,20261107,1,20261114,1,20261121,1,20261128,1,20261205,1,20261212,1,20261219,1
'1179925',20260902,1,20260903,1,20260904,1,20260908,1,20260909,1,20260910,1,20260911,1,20260914,1,20260915,1,20260916,1,20260917,1,20260918,1,20260921,1,20260922,1,20260923,1,20260924,1,20260925,1,20260928,1,20260929,1,20261001,1,20261002,1,20261005,1,20261006,1,20261007,1,20261008,1,20261009,1,20261013,1,20261014,1,20261015,1,20261016,1,20261019,1,20261020,1,20261021,1,20261022,1,20261023,1,20261026,1,20261027,1,20261028,1,20261029,1,20261030,1,20261102,1,20261103,1,20261104,1,20261105,1,20261106,1,20261109,1,20261110,1,20261112,1,20261113,1,20261116,1,20261117,1,20261118,1,20261119,1,20261120,1,20261123,1,20261124,1,20261125,1,20261126,1,20261127,1,20261130,1,20261201,1,20261202,1,20261203,1,20261204,1,20261207,1,20261208,1,20261209,1,20261210,1,20261211,1,20261214,1,20261215,1,20261216,1,20261217,1,20261218,1
'1179926',20260902,1,20260903,1,20260904,1,20260908,1,20260909,1,20260910,1,20260911,1,20260914,1,20260915,1,20260916,1,20260917,1,20260918,1,20260921,1,20260922,1,20260923,1,20260924,1,20260925,1,20260928,1,20260929,1,20261001,1,20261002,1,20261005,1,20261006,1,20261007,1,20261008,1,20261009,1,20261013,1,20261014,1,20261015,1,20261016,1,20261019,1,20261020,1,20261021,1,20261022,1,20261023,1,20261026,1,20261027,1,20261028,1,20261029,1,20261030,1,20261102,1,20261103,1,20261104,1,20261105,1,20261106,1,20261109,1,20261110,1,20261112,1,20261113,1,20261116,1,20261117,1,20261118,1,20261119,1,20261120,1,20261123,1,20261124,1,20261125,1,20261126,1,20261127,1,20261130,1,20261201,1,20261202,1,20261203,1,20261204,1,20261207,1,20261208,1,20261209,1,20261210,1,20261211,1,20261214,1,20261215,1,20261216,1,20261217,1,20261218,1
'1179927',20260902,1,20260903,1,20260904,1,20260908,1,20260909,1,20260910,1,20260911,1,20260914,1,20260915,1,20260916,1,20260917,1,20260918,1,20260921,1,20260922,1,20260923,1,20260924,1,20260925,1,20260928,1,20260929,1,20261001,1,20261002,1,20261005,1,20261006,1,20261007,1,20261008,1,20261009,1,20261013,1,20261014,1,20261015,1,20261016,1,20261019,1,20261020,1,20261021,1,20261022,1,20261023,1,20261026,1,20261027,1,20261028,1,20261029,1,20261030,1,20261102,1,20261103,1,20261104,1,20261105,1,20261106,1,20261109,1,20261110,1,20261112,1,20261113,1,20261116,1,20261117,1,20261118,1,20261119,1,20261120,1,20261123,1,20261124,1,20261125,1,20261126,1,20261127,1,20261130,1,20261201,1,20261202,1,20261203,1,20261204,1,20261207,1,20261208,1,20261209,1,20261210,1,20261211,1,20261214,1,20261215,1,20261216,1,20261217,1,20261218,1
'1179928',20260902,1,20260903,1,20260904,1,20260908,1,20260909,1,20260910,1,20260911,1,20260914,1,20260915,1,20260916,1,20260917,1,20260918,1,20260921,1,20260922,1,20260923,1,20260924,1,20260925,1,20260928,1,20260929,1,20261001,1,20261002,1,20261005,1,20261006,1,20261007,1,20261008,1,20261009,1,20261013,1,20261014,1,20261015,1,20261016,1,20261019,1,20261020,1,20261021,1,20261022,1,20261023,1,20261026,1,20261027,1,20261028,1,20261029,1,20261030,1,20261102,1,20261103,1,20261104,1,20261105,1,20261106,1,20261109,1,20261110,1,20261112,1,20261113,1,20261116,1,20261117,1,20261118,1,20261119,1,20261120,1,20261123,1,20261124,1,20261125,1,20261126,1,20261127,1,20261130,1,20261201,1,20261202,1,20261203,1,20261204,1,20261207,1,20261208,1,20261209,1,20261210,1,20261211,1,20261214,1,20261215,1,20261216,1,20261217,1,20261218,1
'1179929',20260906,1,20260913,1,20260920,1,20260927,1,20261004,1,20261011,1,20261018,1,20261025,1,20261101,1,20261108,1,20261115,1,20261122,1,20261129,1,20261206,1,20261213,1
'1179930',20260906,1,20260913,1,20260920,1,20260927,1,20261004,1,20261011,1,20261018,1,20261025,1,20261101,1,20261108,1,20261115,1,20261122,1,20261129,1,20261206,1,20261213,1
'1179931',20260905,1,20260912,1,20260919,1,20260926,1,20260930,1,20261003,1,20261010,1,20261017,1,20261024,1,20261031,1,20261107,1,20261114,1,20261121,1,20261128,1,20261205,1,20261212,1,20261219,1
'1179932',20260906,1,20260913,1,20260920,1,20260927,1,20261004,1,20261011,1,20261018,1,20261025,1,20261101,1,20261108,1,20261115,1,20261122,1,20261129,1,20261206,1,20261213,1
'1179933',20260905,1,20260912,1,20260919,1,20260926,1,20260930,1,20261003,1,20261010,1,20261017,1,20261024,1,20261031,1,20261107,1,20261114,1,20261121,1,20261128,1,20261205,1,20261212,1,20261219,1
'1179934',20260902,1,20260903,1,20260904,1,20260908,1,20260909,1,20260910,1,20260911,1,20260914,1,20260915,1,20260916,1,20260917,1,20260918,1,20260921,1,20260922,1,20260923,1,20260924,1,20260925,1,20260928,1,20260929,1,20261001,1,20261002,1,20261005,1,20261006,1,20261007,1,20261008,1,20261009,1,20261013,1,20261014,1,20261015,1,20261016,1,20261019,1,20261020,1,20261021,1,20261022,1,20261023,1,20261026,1,20261027,1,20261028,1,20261029,1,20261030,1,20261102,1,20261103,1,20261104,1,20261105,1,20261106,1,20261109,1,20261110,1,20261112,1,20261113,1,20261116,1,20261117,1,20261118,1,20261119,1,20261120,1,20261123,1,20261124,1,20261125,1,20261126,1,20261127,1,20261130,1,20261201,1,20261202,1,20261203,1,20261204,1,20261207,1,20261208,1,20261209,1,20261210,1,20261211,1,20261214,1,20261215,1,20261216,1,20261217,1,20261218,1
'1179935',20260902,1,20260903,1,20260904,1,20260908,1,20260909,1,20260910,1,20260911,1,20260914,1,20260915,1,20260916,1,20260917,1,20260918,1,20260921,1,20260922,1,20260923,1,20260924,1,20260925,1,20260928,1,20260929,1,20261001,1,20261002,1,20261005,1,20261006,1,20261007,1,20261008,1,20261009,1,20261013,1,20261014,1,20261015,1,20261016,1,20261019,1,20261020,1,20261021,1,20261022,1,20261023,1,20261026,1,20261027,1,20261028,1,20261029,1,20261030,1,20261102,1,20261103,1,20261104,1,20261105,1,20261106,1,20261109,1,20261110,1,20261112,1,20261113,1,20261116,1,20261117,1,20261118,1,20261119,1,20261120,1,20261123,1,20261124,1,20261125,1,20261126,1,20261127,1,20261130,1,20261201,1,20261202,1,20261203,1,20261204,1,20261207,1,20261208,1,20261209,1,20261210,1,20261211,1,20261214,1,20261215,1,20261216,1,20261217,1,20261218,1
'1179936',20260905,1,20260912,1,20260919,1,20260926,1,20260930,1,20261003,1,20261010,1,20261017,1,20261024,1,20261031,1,20261107,1,20261114,1,20261121,1,20261128,1,20261205,1,20261212,1,20261219,1
'1179937',20260902,1,20260903,1,20260904,1,20260908,1,20260909,1,20260910,1,20260911,1,20260914,1,20260915,1,20260916,1,20260917,1,20260918,1,20260921,1,20260922,1,20260923,1,20260924,1,20260925,1,20260928,1,20260929,1,20261001,1,20261002,1,20261005,1,20261006,1,20261007,1,20261008,1,20261009,1,20261013,1,20261014,1,20261015,1,20261016,1,20261019,1,20261020,1,20261021,1,20261022,1,20261023,1,20261026,1,20261027,1,20261028,1,20261029,1,20261030,1,20261102,1,20261103,1,20261104,1,20261105,1,20261106,1,20261109,1,20261110,1,20261112,1,20261113,1,20261116,1,20261117,1,20261118,1,20261119,1,20261120,1,20261123,1,20261124,1,20261125,1,20261126,1,20261127,1,20261130,1,20261201,1,20261202,1,20261203,1,20261204,1,20261207,1,20261208,1,20261209,1,20261210,1,20261211,1,20261214,1,20261215,1,20261216,1,20261217,1,20261218,1
'1179938',20260905,1,20260912,1,20260919,1,20260926,1,20260930,1,20261003,1,20261010,1,20261017,1,20261024,1,20261031,1,20261107,1,20261114,1,20261121,1,20261128,1,20261205,1,20261212,1,20261219,1
'1179939',20260906,1,20260913,1,20260920,1,20260927,1,20261004,1,20261011,1,20261018,1,20261025,1,20261101,1,20261108,1,20261115,1,20261122,1,20261129,1,20261206,1,20261213,1
'1179940',20260902,1,20260903,1,20260904,1,20260908,1,20260909,1,20260910,1,20260911,1,20260914,1,20260915,1,20260916,1,20260917,1,20260918,1,20260921,1,20260922,1,20260923,1,20260924,1,20260925,1,20260928,1,20260929,1,20261001,1,20261002,1,20261005,1,20261006,1,20261007,1,20261008,1,20261009,1,20261013,1,20261014,1,20261015,1,20261016,1,20261019,1,20261020,1,20261021,1,20261022,1,20261023,1,20261026,1,20261027,1,20261028,1,20261029,1,20261030,1,20261102,1,20261103,1,20261104,1,20261105,1,20261106,1,20261109,1,20261110,1,20261112,1,20261113,1,20261116,1,20261117,1,20261118,1,20261119,1,20261120,1,20261123,1,20261124,1,20261125,1,20261126,1,20261127,1,20261130,1,20261201,1,20261202,1,20261203,1,20261204,1,20261207,1,20261208,1,20261209,1,20261210,1,20261211,1,20261214,1,20261215,1,20261216,1,20261217,1,20261218,1
'1179941',20260902,1,20260903,1,20260904,1,20260908,1,20260909,1,20260910,1,20260911,1,20260914,1,20260915,1,20260916,1,20260917,1,20260918,1,20260921,1,20260922,1,20260923,1,20260924,1,20260925,1,20260928,1,20260929,1,20261001,1,20261002,1,20261005,1,20261006,1,20261007,1,20261008,1,20261009,1,20261013,1,20261014,1,20261015,1,20261016,1,20261019,1,20261020,1,20261021,1,20261022,1,20261023,1,20261026,1,20261027,1,20261028,1,20261029,1,20261030,1,20261102,1,20261103,1,20261104,1,20261105,1,20261106,1,20261109,1,20261110,1,20261112,1,20261113,1,20261116,1,20261117,1,20261118,1,20261119,1,20261120,1,20261123,1,20261124,1,20261125,1,20261126,1,20261127,1,20261130,1,20261201,1,20261202,1,20261203,1,20261204,1,20261207,1,20261208,1,20261209,1,20261210,1,20261211,1,20261214,1,20261215,1,20261216,1,20261217,1,20261218,1
'1179942',20260902,1,20260903,1,20260904,1,20260908,1,20260909,1,20260910,1,20260911,1,20260914,1,20260915,1,20260916,1,20260917,1,20260918,1,20260921,1,20260922,1,20260923,1,20260924,1,20260925,1,20260928,1,20260929,1,20261001,1,20261002,1,20261005,1,20261006,1,20261007,1,20261008,1,20261009,1,20261013,1,20261014,1,20261015,1,20261016,1,20261019,1,20261020,1,20261021,1,20261022,1,20261023,1,20261026,1,20261027,1,20261028,1,20261029,1,20261030,1,20261102,1,20261103,1,20261104,1,20261105,1,20261106,1,20261109,1,20261110,1,20261112,1,20261113,1,20261116,1,20261117,1,20261118,1,20261119,1,20261120,1,20261123,1,20261124,1,20261125,1,20261126,1,20261127,1,20261130,1,20261201,1,20261202,1,20261203,1,20261204,1,20261207,1,20261208,1,20261209,1,20261210,1,20261211,1,20261214,1,20261215,1,20261216,1,20261217,1,20261218,1
'1179943',20260905,1,20260912,1,20260919,1,20260926,1,20260930,1,20261003,1,20261010,1,20261017,1,20261024,1,20261031,1,20261107,1,20261114,1,20261121,1,20261128,1,20261205,1,20261212,1,20261219,1
'1179944',20260905,1,20260912,1,20260919,1,20260926,1,20260930,1,20261003,1,20261010,1,20261017,1,20261024,1,20261031,1,20261107,1,20261114,1,20261121,1,20261128,1,20261205,1,20261212,1,20261219,1
'1179945',20260902,1,20260903,1,20260904,1,20260908,1,20260909,1,20260910,1,20260911,1,20260914,1,20260915,1,20260916,1,20260917,1,20260918,1,20260921,1,20260922,1,20260923,1,20260924,1,20260925,1,20260928,1,20260929,1,20261001,1,20261002,1,20261005,1,20261006,1,20261007,1,20261008,1,20261009,1,20261013,1,20261014,1,20261015,1,20261016,1,20261019,1,20261020,1,20261021,1,20261022,1,20261023,1,20261026,1,20261027,1,20261028,1,20261029,1,20261030,1,20261102,1,20261103,1,20261104,1,20261105,1,20261106,1,20261109,1,20261110,1,20261112,1,20261113,1,20261116,1,20261117,1,20261118,1,20261119,1,20261120,1,20261123,1,20261124,1,20261125,1,20261126,1,20261127,1,20261130,1,20261201,1,20261202,1,20261203,1,20261204,1,20261207,1,20261208,1,20261209,1,20261210,1,20261211,1,20261214,1,20261215,1,20261216,1,20261217,1,20261218,1
'1179946',20260902,1,20260903,1,20260904,1,20260908,1,20260909,1,20260910,1,20260911,1,20260914,1,20260915,1,20260916,1,20260917,1,20260918,1,20260921,1,20260922,1,20260923,1,20260924,1,20260925,1,20260928,1,20260929,1,20261001,1,20261002,1,20261005,1,20261006,1,20261007,1,20261008,1,20261009,1,20261013,1,20261014,1,20261015,1,20261016,1,20261019,1,20261020,1,20261021,1,20261022,1,20261023,1,20261026,1,20261027,1,20261028,1,20261029,1,20261030,1,20261102,1,20261103,1,20261104,1,20261105,1,20261106,1,20261109,1,20261110,1,20261112,1,20261113,1,20261116,1,20261117,1,20261118,1,20261119,1,20261120,1,20261123,1,20261124,1,20261125,1,20261126,1,20261127,1,20261130,1,20261201,1,20261202,1,20261203,1,20261204,1,20261207,1,20261208,1,20261209,1,20261210,1,20261211,1,20261214,1,20261215,1,20261216,1,20261217,1,20261218,1
'1179947',20260906,1,20260913,1,20260920,1,20260927,1,20261004,1,20261011,1,20261018,1,20261025,1,20261101,1,20261108,1,20261115,1,20261122,1,20261129,1,20261206,1,20261213,1
'1179948',20260906,1,20260913,1,20260920,1,20260927,1,20261004,1,20261011,1,20261018,1,20261025,1,20261101,1,20261108,1,20261115,1,20261122,1,20261129,1,20261206,1,20261213,1
'1179949',20260902,1,20260903,1,20260904,1,20260908,1,20260909,1,20260910,1,20260911,1,20260914,1,20260915,1,20260916,1,20260917,1,20260918,1,20260921,1,20260922,1,20260923,1,20260924,1,20260925,1,20260928,1,20260929,1,20261001,1,20261002,1,20261005,1,20261006,1,20261007,1,20261008,1,20261009,1,20261013,1,20261014,1,20261015,1,20261016,1,20261019,1,20261020,1,20261021,1,20261022,1,20261023,1,20261026,1,20261027,1,20261028,1,20261029,1,20261030,1,20261102,1,20261103,1,20261104,1,20261105,1,20261106,1,20261109,1,20261110,1,20261112,1,20261113,1,20261116,1,20261117,1,20261118,1,20261119,1,20261120,1,20261123,1,20261124,1,20261125,1,20261126,1,20261127,1,20261130,1,20261201,1,20261202,1,20261203,1,20261204,1,20261207,1,20261208,1,20261209,1,20261210,1,20261211,1,20261214,1,20261215,1,20261216,1,20261217,1,20261218,1
'1179950',20260902,1,20260903,1,20260904,1,20260908,1,20260909,1,20260910,1,20260911,1,20260914,1,20260915,1,20260916,1,20260917,1,20260918,1,20260921,1,20260922,1,20260923,1,20260924,1,20260925,1,20260928,1,20260929,1,20261001,1,20261002,1,20261005,1,20261006,1,20261007,1,20261008,1,20261009,1,20261013,1,20261014,1,20261015,1,20261016,1,20261019,1,20261020,1,20261021,1,20261022,1,20261023,1,20261026,1,20261027,1,20261028,1,20261029,1,20261030,1,20261102,1,20261103,1,20261104,1,20261105,1,20261106,1,20261109,1,20261110,1,20261112,1,20261113,1,20261116,1,20261117,1,20261118,1,20261119,1,20261120,1,20261123,1,20261124,1,20261125,1,20261126,1,20261127,1,20261130,1,20261201,1,20261202,1,20261203,1,20261204,1,20261207,1,20261208,1,20261209,1,20261210,1,20261211,1,20261214,1,20261215,1,20261216,1,20261217,1,20261218,1
'1179951',20260905,1,20260912,1,20260919,1,20260926,1,20260930,1,20261003,1,20261010,1,20261017,1,20261024,1,20261031,1,20261107,1,20261114,1,20261121,1,20261128,1,20261205,1,20261212,1,20261219,1
'1179952',20260902,1,20260903,1,20260904,1,20260908,1,20260909,1,20260910,1,20260911,1,20260914,1,20260915,1,20260916,1,20260917,1,20260918,1,20260921,1,20260922,1,20260923,1,20260924,1,20260925,1,20260928,1,20260929,1,20261001,1,20261002,1,20261005,1,20261006,1,20261007,1,20261008,1,20261009,1,20261013,1,20261014,1,20261015,1,20261016,1,20261019,1,20261020,1,20261021,1,20261022,1,20261023,1,20261026,1,20261027,1,20261028,1,20261029,1,20261030,1,20261102,1,20261103,1,20261104,1,20261105,1,20261106,1,20261109,1,20261110,1,20261112,1,20261113,1,20261116,1,20261117,1,20261118,1,20261119,1,20261120,1,20261123,1,20261124,1,20261125,1,20261126,1,20261127,1,20261130,1,20261201,1,20261202,1,20261203,1,20261204,1,20261207,1,20261208,1,20261209,1,20261210,1,20261211,1,20261214,1,20261215,1,20261216,1,20261217,1,20261218,1
'1179953',20260902,1,20260903,1,20260904,1,20260908,1,20260909,1,20260910,1,20260911,1,20260914,1,20260915,1,20260916,1,20260917,1,20260918,1,20260921,1,20260922,1,20260923,1,20260924,1,20260925,1,20260928,1,20260929,1,20261001,1,20261002,1,20261005,1,20261006,1,20261007,1,20261008,1,20261009,1,20261013,1,20261014,1,20261015,1,20261016,1,20261019,1,20261020,1,20261021,1,20261022,1,20261023,1,20261026,1,20261027,1,20261028,1,20261029,1,20261030,1,20261102,1,20261103,1,20261104,1,20261105,1,20261106,1,20261109,1,20261110,1,20261112,1,20261113,1,20261116,1,20261117,1,20261118,1,20261119,1,20261120,1,20261123,1,20261124,1,20261125,1,20261126,1,20261127,1,20261130,1,20261201,1,20261202,1,20261203,1,20261204,1,20261207,1,20261208,1,20261209,1,20261210,1,20261211,1,20261214,1,20261215,1,20261216,1,20261217,1,20261218,1
'1179954',20260905,1,20260912,1,20260919,1,20260926,1,20260930,1,20261003,1,20261010,1,20261017,1,20261024,1,20261031,1,20261107,1,20261114,1,20261121,1,20261128,1,20261205,1,20261212,1,20261219,1
'1179955',20260902,1,20260903,1,20260904,1,20260908,1,20260909,1,20260910,1,20260911,1,20260914,1,20260915,1,20260916,1,20260917,1,20260918,1,20260921,1,20260922,1,20260923,1,20260924,1,20260925,1,20260928,1,20260929,1,20261001,1,20261002,1,20261005,1,20261006,1,20261007,1,20261008,1,20261009,1,20261013,1,20261014,1,20261015,1,20261016,1,20261019,1,20261020,1,20261021,1,20261022,1,20261023,1,20261026,1,20261027,1,20261028,1,20261029,1,20261030,1,20261102,1,20261103,1,20261104,1,20261105,1,20261106,1,20261109,1,20261110,1,20261112,1,20261113,1,20261116,1,20261117,1,20261118,1,20261119,1,20261120,1,20261123,1,20261124,1,20261125,1,20261126,1,20261127,1,20261130,1,20261201,1,20261202,1,20261203,1,20261204,1,20261207,1,20261208,1,20261209,1,20261210,1,20261211,1,20261214,1,20261215,1,20261216,1,20261217,1,20261218,1
'1179956',20260905,1,20260912,1,20260919,1,20260926,1,20260930,1,20261003,1,20261010,1,20261017,1,20261024,1,20261031,1,20261107,1,20261114,1,20261121,1,20261128,1,20261205,1,20261212,1,20261219,1
'1179957',20260902,1,20260903,1,20260904,1,20260908,1,20260909,1,20260910,1,20260911,1,20260914,1,20260915,1,20260916,1,20260917,1,20260918,1,20260921,1,20260922,1,20260923,1,20260924,1,20260925,1,20260928,1,20260929,1,20261001,1,20261002,1,20261005,1,20261006,1,20261007,1,20261008,1,20261009,1,20261013,1,20261014,1,20261015,1,20261016,1,20261019,1,20261020,1,20261021,1,20261022,1,20261023,1,20261026,1,20261027,1,20261028,1,20261029,1,20261030,1,20261102,1,20261103,1,20261104,1,20261105,1,20261106,1,20261109,1,20261110,1,20261112,1,20261113,1,20261116,1,20261117,1,20261118,1,20261119,1,20261120,1,20261123,1,20261124,1,20261125,1,20261126,1,20261127,1,20261130,1,20261201,1,20261202,1,20261203,1,20261204,1,20261207,1,20261208,1,20261209,1,20261210,1,20261211,1,20261214,1,20261215,1,20261216,1,20261217,1,20261218,1
'1179958',20260902,1,20260903,1,20260904,1,20260908,1,20260909,1,20260910,1,20260911,1,20260914,1,20260915,1,20260916,1,20260917,1,20260918,1,20260921,1,20260922,1,20260923,1,20260924,1,20260925,1,20260928,1,20260929,1,20261001,1,20261002,1,20261005,1,20261006,1,20261007,1,20261008,1,20261009,1,20261013,1,20261014,1,20261015,1,20261016,1,20261019,1,20261020,1,20261021,1,20261022,1,20261023,1,20261026,1,20261027,1,20261028,1,20261029,1,20261030,1,20261102,1,20261103,1,20261104,1,20261105,1,20261106,1,20261109,1,20261110,1,20261112,1,20261113,1,20261116,1,20261117,1,20261118,1,20261119,1,20261120,1,20261123,1,20261124,1,20261125,1,20261126,1,20261127,1,20261130,1,20261201,1,20261202,1,20261203,1,20261204,1,20261207,1,20261208,1,20261209,1,20261210,1,20261211,1,20261214,1,20261215,1,20261216,1,20261217,1,20261218,1
'1179959',20260902,1,20260903,1,20260904,1,20260908,1,20260909,1,20260910,1,20260911,1,20260914,1,20260915,1,20260916,1,20260917,1,20260918,1,20260921,1,20260922,1,20260923,1,20260924,1,20260925,1,20260928,1,20260929,1,20261001,1,20261002,1,20261005,1,20261006,1,20261007,1,20261008,1,20261009,1,20261013,1,20261014,1,20261015,1,20261016,1,20261019,1,20261020,1,20261021,1,20261022,1,20261023,1,20261026,1,20261027,1,20261028,1,20261029,1,20261030,1,20261102,1,20261103,1,20261104,1,20261105,1,20261106,1,20261109,1,20261110,1,20261112,1,20261113,1,20261116,1,20261117,1,20261118,1,20261119,1,20261120,1,20261123,1,20261124,1,20261125,1,20261126,1,20261127,1,20261130,1,20261201,1,20261202,1,20261203,1,20261204,1,20261207,1,20261208,1,20261209,1,20261210,1,20261211,1,20261214,1,20261215,1,20261216,1,20261217,1,20261218,1
'1179960',20260902,1,20260903,1,20260904,1,20260908,1,20260909,1,20260910,1,20260911,1,20260914,1,20260915,1,20260916,1,20260917,1,20260918,1,20260921,1,20260922,1,20260923,1,20260924,1,20260925,1,20260928,1,20260929,1,20261001,1,20261002,1,20261005,1,20261006,1,20261007,1,20261008,1,20261009,1,20261013,1,20261014,1,20261015,1,20261016,1,20261019,1,20261020,1,20261021,1,20261022,1,20261023,1,20261026,1,20261027,1,20261028,1,20261029,1,20261030,1,20261102,1,20261103,1,20261104,1,20261105,1,20261106,1,20261109,1,20261110,1,20261112,1,20261113,1,20261116,1,20261117,1,20261118,1,20261119,1,20261120,1,20261123,1,20261124,1,20261125,1,20261126,1,20261127,1,20261130,1,20261201,1,20261202,1,20261203,1,20261204,1,20261207,1,20261208,1,20261209,1,20261210,1,20261211,1,20261214,1,20261215,1,20261216,1,20261217,1,20261218,1
'1179961',20260902,1,20260903,1,20260904,1,20260908,1,20260909,1,20260910,1,20260911,1,20260914,1,20260915,1,20260916,1,20260917,1,20260918,1,20260921,1,20260922,1,20260923,1,20260924,1,20260925,1,20260928,1,20260929,1,20261001,1,20261002,1,20261005,1,20261006,1,20261007,1,20261008,1,20261009,1,20261013,1,20261014,1,20261015,1,20261016,1,20261019,1,20261020,1,20261021,1,20261022,1,20261023,1,20261026,1,20261027,1,20261028,1,20261029,1,20261030,1,20261102,1,20261103,1,20261104,1,20261105,1,20261106,1,20261109,1,20261110,1,20261112,1,20261113,1,20261116,1,20261117,1,20261118,1,20261119,1,20261120,1,20261123,1,20261124,1,20261125,1,20261126,1,20261127,1,20261130,1,20261201,1,20261202,1,20261203,1,20261204,1,20261207,1,20261208,1,20261209,1,20261210,1,20261211,1,20261214,1,20261215,1,20261216,1,20261217,1,20261218,1
'1179962',20260902,1,20260903,1,20260904,1,20260908,1,20260909,1,20260910,1,20260911,1,20260914,1,20260915,1,20260916,1,20260917,1,20260918,1,20260921,1,20260922,1,20260923,1,20260924,1,20260925,1,20260928,1,20260929,1,20261001,1,20261002,1,20261005,1,20261006,1,20261007,1,20261008,1,20261009,1,20261013,1,20261014,1,20261015,1,20261016,1,20261019,1,20261020,1,20261021,1,20261022,1,20261023,1,20261026,1,20261027,1,20261028,1,20261029,1,20261030,1,20261102,1,20261103,1,20261104,1,20261105,1,20261106,1,20261109,1,20261110,1,20261112,1,20261113,1,20261116,1,20261117,1,20261118,1,20261119,1,20261120,1,20261123,1,20261124,1,20261125,1,20261126,1,20261127,1,20261130,1,20261201,1,20261202,1,20261203,1,20261204,1,20261207,1,20261208,1,20261209,1,20261210,1,20261211,1,20261214,1,20261215,1,20261216,1,20261217,1,20261218,1
'1179963',20260905,1,20260912,1,20260919,1,20260926,1,20260930,1,20261003,1,20261010,1,20261017,1,20261024,1,20261031,1,20261107,1,20261114,1,20261121,1,20261128,1,20261205,1,20261212,1,20261219,1
'1179964',20260905,1,20260912,1,20260919,1,20260926,1,20260930,1,20261003,1,20261010,1,20261017,1,20261024,1,20261031,1,20261107,1,20261114,1,20261121,1,20261128,1,20261205,1,20261212,1,20261219,1
'1179965',20260902,1,20260903,1,20260904,1,20260908,1,20260909,1,20260910,1,20260911,1,20260914,1,20260915,1,20260916,1,20260917,1,20260918,1,20260921,1,20260922,1,20260923,1,20260924,1,20260925,1,20260928,1,20260929,1,20261001,1,20261002,1,20261005,1,20261006,1,20261007,1,20261008,1,20261009,1,20261013,1,20261014,1,20261015,1,20261016,1,20261019,1,20261020,1,20261021,1,20261022,1,20261023,1,20261026,1,20261027,1,20261028,1,20261029,1,20261030,1,20261102,1,20261103,1,20261104,1,20261105,1,20261106,1,20261109,1,20261110,1,20261112,1,20261113,1,20261116,1,20261117,1,20261118,1,20261119,1,20261120,1,20261123,1,20261124,1,20261125,1,20261126,1,20261127,1,20261130,1,20261201,1,20261202,1,20261203,1,20261204,1,20261207,1,20261208,1,20261209,1,20261210,1,20261211,1,20261214,1,20261215,1,20261216,1,20261217,1,20261218,1
'1179966',20260905,1,20260912,1,20260919,1,20260926,1,20260930,1,20261003,1,20261010,1,20261017,1,20261024,1,20261031,1,20261107,1,20261114,1,20261121,1,20261128,1,20261205,1,20261212,1,20261219,1
'1179967',20260905,1,20260912,1,20260919,1,20260926,1,20260930,1,20261003,1,20261010,1,20261017,1,20261024,1,20261031,1,20261107,1,20261114,1,20261121,1,20261128,1,20261205,1,20261212,1,20261219,1
'1179968',20260906,1,20260913,1,20260920,1,20260927,1,20261004,1,20261011,1,20261018,1,20261025,1,20261101,1,20261108,1,20261115,1,20261122,1,20261129,1,20261206,1,20261213,1
'1179969',20260905,1,20260912,1,20260919,1,20260926,1,20260930,1,20261003,1,20261010,1,20261017,1,20261024,1,20261031,1,20261107,1,20261114,1,20261121,1,20261128,1,20261205,1,20261212,1,20261219,1
'1179970',20260902,1,20260903,1,20260904,1,20260908,1,20260909,1,20260910,1,20260911,1,20260914,1,20260915,1,20260916,1,20260917,1,20260918,1,20260921,1,20260922,1,20260923,1,20260924,1,20260925,1,20260928,1,20260929,1,20261001,1,20261002,1,20261005,1,20261006,1,20261007,1,20261008,1,20261009,1,20261013,1,20261014,1,20261015,1,20261016,1,20261019,1,20261020,1,20261021,1,20261022,1,20261023,1,20261026,1,20261027,1,20261028,1,20261029,1,20261030,1,20261102,1,20261103,1,20261104,1,20261105,1,20261106,1,20261109,1,20261110,1,20261112,1,20261113,1,20261116,1,20261117,1,20261118,1,20261119,1,20261120,1,20261123,1,20261124,1,20261125,1,20261126,1,20261127,1,20261130,1,20261201,1,20261202,1,20261203,1,20261204,1,20261207,1,20261208,1,20261209,1,20261210,1,20261211,1,20261214,1,20261215,1,20261216,1,20261217,1,20261218,1
'1179971',20260905,1,20260912,1,20260919,1,20260926,1,20260930,1,20261003,1,20261010,1,20261017,1,20261024,1,20261031,1,20261107,1,20261114,1,20261121,1,20261128,1,20261205,1,20261212,1,20261219,1
'1179972',20260905,1,20260912,1,20260919,1,20260926,1,20260930,1,20261003,1,20261010,1,20261017,1,20261024,1,20261031,1,20261107,1,20261114,1,20261121,1,20261128,1,20261205,1,20261212,1,20261219,1
'1179973',20260906,1,20260913,1,20260920,1,20260927,1,20261004,1,20261011,1,20261018,1,20261025,1,20261101,1,20261108,1,20261115,1,20261122,1,20261129,1,20261206,1,20261213,1
'1179974',20260905,1,20260912,1,20260919,1,20260926,1,20260930,1,20261003,1,20261010,1,20261017,1,20261024,1,20261031,1,20261107,1,20261114,1,20261121,1,20261128,1,20261205,1,20261212,1,20261219,1
'1179975',20260905,1,20260912,1,20260919,1,20260926,1,20260930,1,20261003,1,20261010,1,20261017,1,20261024,1,20261031,1,20261107,1,20261114,1,20261121,1,20261128,1,20261205,1,20261212,1,20261219,1
'1179976',20260902,1,20260903,1,20260904,1,20260908,1,20260909,1,20260910,1,20260911,1,20260914,1,20260915,1,20260916,1,20260917,1,20260918,1,20260921,1,20260922,1,20260923,1,20260924,1,20260925,1,20260928,1,20260929,1,20261001,1,20261002,1,20261005,1,20261006,1,20261007,1,20261008,1,20261009,1,20261013,1,20261014,1,20261015,1,20261016,1,20261019,1,20261020,1,20261021,1,20261022,1,20261023,1,20261026,1,20261027,1,20261028,1,20261029,1,20261030,1,20261102,1,20261103,1,20261104,1,20261105,1,20261106,1,20261109,1,20261110,1,20261112,1,20261113,1,20261116,1,20261117,1,20261118,1,20261119,1,20261120,1,20261123,1,20261124,1,20261125,1,20261126,1,20261127,1,20261130,1,20261201,1,20261202,1,20261203,1,20261204,1,20261207,1,20261208,1,20261209,1,20261210,1,20261211,1,20261214,1,20261215,1,20261216,1,20261217,1,20261218,1
'1179977',20260905,1,20260912,1,20260919,1,20260926,1,20260930,1,20261003,1,20261010,1,20261017,1,20261024,1,20261031,1,20261107,1,20261114,1,20261121,1,20261128,1,20261205,1,20261212,1,20261219,1
'1179978',20260902,1,20260903,1,20260904,1,20260908,1,20260909,1,20260910,1,20260911,1,20260914,1,20260915,1,20260916,1,20260917,1,20260918,1,20260921,1,20260922,1,20260923,1,20260924,1,20260925,1,20260928,1,20260929,1,20261001,1,20261002,1,20261005,1,20261006,1,20261007,1,20261008,1,20261009,1,20261013,1,20261014,1,20261015,1,20261016,1,20261019,1,20261020,1,20261021,1,20261022,1,20261023,1,20261026,1,20261027,1,20261028,1,20261029,1,20261030,1,20261102,1,20261103,1,20261104,1,20261105,1,20261106,1,20261109,1,20261110,1,20261112,1,20261113,1,20261116,1,20261117,1,20261118,1,20261119,1,20261120,1,20261123,1,20261124,1,20261125,1,20261126,1,20261127,1,20261130,1,20261201,1,20261202,1,20261203,1,20261204,1,20261207,1,20261208,1,20261209,1,20261210,1,20261211,1,20261214,1,20261215,1,20261216,1,20261217,1,20261218,1
'1179979',20260902,1,20260903,1,20260904,1,20260908,1,20260909,1,20260910,1,20260911,1,20260914,1,20260915,1,20260916,1,20260917,1,20260918,1,20260921,1,20260922,1,20260923,1,20260924,1,20260925,1,20260928,1,20260929,1,20261001,1,20261002,1,20261005,1,20261006,1,20261007,1,20261008,1,20261009,1,20261013,1,20261014,1,20261015,1,20261016,1,20261019,1,20261020,1,20261021,1,20261022,1,20261023,1,20261026,1,20261027,1,20261028,1,20261029,1,20261030,1,20261102,1,20261103,1,20261104,1,20261105,1,20261106,1,20261109,1,20261110,1,20261112,1,20261113,1,20261116,1,20261117,1,20261118,1,20261119,1,20261120,1,20261123,1,20261124,1,20261125,1,20261126,1,20261127,1,20261130,1,20261201,1,20261202,1,20261203,1,20261204,1,20261207,1,20261208,1,20261209,1,20261210,1,20261211,1,20261214,1,20261215,1,20261216,1,20261217,1,20261218,1
'1179980',20260902,1,20260903,1,20260904,1,20260908,1,20260909,1,20260910,1,20260911,1,20260914,1,20260915,1,20260916,1,20260917,1,20260918,1,20260921,1,20260922,1,20260923,1,20260924,1,20260925,1,20260928,1,20260929,1,20261001,1,20261002,1,20261005,1,20261006,1,20261007,1,20261008,1,20261009,1,20261013,1,20261014,1,20261015,1,20261016,1,20261019,1,20261020,1,20261021,1,20261022,1,20261023,1,20261026,1,20261027,1,20261028,1,20261029,1,20261030,1,20261102,1,20261103,1,20261104,1,20261105,1,20261106,1,20261109,1,20261110,1,20261112,1,20261113,1,20261116,1,20261117,1,20261118,1,20261119,1,20261120,1,20261123,1,20261124,1,20261125,1,20261126,1,20261127,1,20261130,1,20261201,1,20261202,1,20261203,1,20261204,1,20261207,1,20261208,1,20261209,1,20261210,1,20261211,1,20261214,1,20261215,1,20261216,1,20261217,1,20261218,1
'1179981',20260902,1,20260903,1,20260904,1,20260908,1,20260909,1,20260910,1,20260911,1,20260914,1,20260915,1,20260916,1,20260917,1,20260918,1,20260921,1,20260922,1,20260923,1,20260924,1,20260925,1,20260928,1,20260929,1,20261001,1,20261002,1,20261005,1,20261006,1,20261007,1,20261008,1,20261009,1,20261013,1,20261014,1,20261015,1,20261016,1,20261019,1,20261020,1,20261021,1,20261022,1,20261023,1,20261026,1,20261027,1,20261028,1,20261029,1,20261030,1,20261102,1,20261103,1,20261104,1,20261105,1,20261106,1,20261109,1,20261110,1,20261112,1,20261113,1,20261116,1,20261117,1,20261118,1,20261119,1,20261120,1,20261123,1,20261124,1,20261125,1,20261126,1,20261127,1,20261130,1,20261201,1,20261202,1,20261203,1,20261204,1,20261207,1,20261208,1,20261209,1,20261210,1,20261211,1,20261214,1,20261215,1,20261216,1,20261217,1,20261218,1
'1179982',20260902,1,20260903,1,20260904,1,20260908,1,20260909,1,20260910,1,20260911,1,20260914,1,20260915,1,20260916,1,20260917,1,20260918,1,20260921,1,20260922,1,20260923,1,20260924,1,20260925,1,20260928,1,20260929,1,20261001,1,20261002,1,20261005,1,20261006,1,20261007,1,20261008,1,20261009,1,20261013,1,20261014,1,20261015,1,20261016,1,20261019,1,20261020,1,20261021,1,20261022,1,20261023,1,20261026,1,20261027,1,20261028,1,20261029,1,20261030,1,20261102,1,20261103,1,20261104,1,20261105,1,20261106,1,20261109,1,20261110,1,20261112,1,20261113,1,20261116,1,20261117,1,20261118,1,20261119,1,20261120,1,20261123,1,20261124,1,20261125,1,20261126,1,20261127,1,20261130,1,20261201,1,20261202,1,20261203,1,20261204,1,20261207,1,20261208,1,20261209,1,20261210,1,20261211,1,20261214,1,20261215,1,20261216,1,20261217,1,20261218,1
'1179983',20260906,1,20260913,1,20260920,1,20260927,1,20261004,1,20261011,1,20261018,1,20261025,1,20261101,1,20261108,1,20261115,1,20261122,1,20261129,1,20261206,1,20261213,1
'1179984',20260906,1,20260913,1,20260920,1,20260927,1,20261004,1,20261011,1,20261018,1,20261025,1,20261101,1,20261108,1,20261115,1,20261122,1,20261129,1,20261206,1,20261213,1
'1179985',20260902,1,20260903,1,20260904,1,20260908,1,20260909,1,20260910,1,20260911,1,20260914,1,20260915,1,20260916,1,20260917,1,20260918,1,20260921,1,20260922,1,20260923,1,20260924,1,20260925,1,20260928,1,20260929,1,20261001,1,20261002,1,20261005,1,20261006,1,20261007,1,20261008,1,20261009,1,20261013,1,20261014,1,20261015,1,20261016,1,20261019,1,20261020,1,20261021,1,20261022,1,20261023,1,20261026,1,20261027,1,20261028,1,20261029,1,20261030,1,20261102,1,20261103,1,20261104,1,20261105,1,20261106,1,20261109,1,20261110,1,20261112,1,20261113,1,20261116,1,20261117,1,20261118,1,20261119,1,20261120,1,20261123,1,20261124,1,20261125,1,20261126,1,20261127,1,20261130,1,20261201,1,20261202,1,20261203,1,20261204,1,20261207,1,20261208,1,20261209,1,20261210,1,20261211,1,20261214,1,20261215,1,20261216,1,20261217,1,20261218,1
'1179986',20260905,1,20260912,1,20260919,1,20260926,1,20260930,1,20261003,1,20261010,1,20261017,1,20261024,1,20261031,1,20261107,1,20261114,1,20261121,1,20261128,1,20261205,1,20261212,1,20261219,1
'1179987',20260902,1,20260903,1,20260904,1,20260908,1,20260909,1,20260910,1,20260911,1,20260914,1,20260915,1,20260916,1,20260917,1,20260918,1,20260921,1,20260922,1,20260923,1,20260924,1,20260925,1,20260928,1,20260929,1,20261001,1,20261002,1,20261005,1,20261006,1,20261007,1,20261008,1,20261009,1,20261013,1,20261014,1,20261015,1,20261016,1,20261019,1,20261020,1,20261021,1,20261022,1,20261023,1,20261026,1,20261027,1,20261028,1,20261029,1,20261030,1,20261102,1,20261103,1,20261104,1,20261105,1,20261106,1,20261109,1,20261110,1,20261112,1,20261113,1,20261116,1,20261117,1,20261118,1,20261119,1,20261120,1,20261123,1,20261124,1,20261125,1,20261126,1,20261127,1,20261130,1,20261201,1,20261202,1,20261203,1,20261204,1,20261207,1,20261208,1,20261209,1,20261210,1,20261211,1,20261214,1,20261215,1,20261216,1,20261217,1,20261218,1
'1179988',20260902,1,20260903,1,20260904,1,20260908,1,20260909,1,20260910,1,20260911,1,20260914,1,20260915,1,20260916,1,20260917,1,20260918,1,20260921,1,20260922,1,20260923,1,20260924,1,20260925,1,20260928,1,20260929,1,20261001,1,20261002,1,20261005,1,20261006,1,20261007,1,20261008,1,20261009,1,20261013,1,20261014,1,20261015,1,20261016,1,20261019,1,20261020,1,20261021,1,20261022,1,20261023,1,20261026,1,20261027,1,20261028,1,20261029,1,20261030,1,20261102,1,20261103,1,20261104,1,20261105,1,20261106,1,20261109,1,20261110,1,20261112,1,20261113,1,20261116,1,20261117,1,20261118,1,20261119,1,20261120,1,20261123,1,20261124,1,20261125,1,20261126,1,20261127,1,20261130,1,20261201,1,20261202,1,20261203,1,20261204,1,20261207,1,20261208,1,20261209,1,20261210,1,20261211,1,20261214,1,20261215,1,20261216,1,20261217,1,20261218,1
'1179989',20260902,1,20260903,1,20260904,1,20260908,1,20260909,1,20260910,1,20260911,1,20260914,1,20260915,1,20260916,1,20260917,1,20260918,1,20260921,1,20260922,1,20260923,1,20260924,1,20260925,1,20260928,1,20260929,1,20261001,1,20261002,1,20261005,1,20261006,1,20261007,1,20261008,1,20261009,1,20261013,1,20261014,1,20261015,1,20261016,1,20261019,1,20261020,1,20261021,1,20261022,1,20261023,1,20261026,1,20261027,1,20261028,1,20261029,1,20261030,1,20261102,1,20261103,1,20261104,1,20261105,1,20261106,1,20261109,1,20261110,1,20261112,1,20261113,1,20261116,1,20261117,1,20261118,1,20261119,1,20261120,1,20261123,1,20261124,1,20261125,1,20261126,1,20261127,1,20261130,1,20261201,1,20261202,1,20261203,1,20261204,1,20261207,1,20261208,1,20261209,1,20261210,1,20261211,1,20261214,1,20261215,1,20261216,1,20261217,1,20261218,1
'1179990',20260902,1,20260903,1,20260904,1,20260908,1,20260909,1,20260910,1,20260911,1,20260914,1,20260915,1,20260916,1,20260917,1,20260918,1,20260921,1,20260922,1,20260923,1,20260924,1,20260925,1,20260928,1,20260929,1,20261001,1,20261002,1,20261005,1,20261006,1,20261007,1,20261008,1,20261009,1,20261013,1,20261014,1,20261015,1,20261016,1,20261019,1,20261020,1,20261021,1,20261022,1,20261023,1,20261026,1,20261027,1,20261028,1,20261029,1,20261030,1,20261102,1,20261103,1,20261104,1,20261105,1,20261106,1,20261109,1,20261110,1,20261112,1,20261113,1,20261116,1,20261117,1,20261118,1,20261119,1,20261120,1,20261123,1,20261124,1,20261125,1,20261126,1,20261127,1,20261130,1,20261201,1,20261202,1,20261203,1,20261204,1,20261207,1,20261208,1,20261209,1,20261210,1,20261211,1,20261214,1,20261215,1,20261216,1,20261217,1,20261218,1
'1179991',20260902,1,20260903,1,20260904,1,20260908,1,20260909,1,20260910,1,20260911,1,20260914,1,20260915,1,20260916,1,20260917,1,20260918,1,20260921,1,20260922,1,20260923,1,20260924,1,20260925,1,20260928,1,20260929,1,20261001,1,20261002,1,20261005,1,20261006,1,20261007,1,20261008,1,20261009,1,20261013,1,20261014,1,20261015,1,20261016,1,20261019,1,20261020,1,20261021,1,20261022,1,20261023,1,20261026,1,20261027,1,20261028,1,20261029,1,20261030,1,20261102,1,20261103,1,20261104,1,20261105,1,20261106,1,20261109,1,20261110,1,20261112,1,20261113,1,20261116,1,20261117,1,20261118,1,20261119,1,20261120,1,20261123,1,20261124,1,20261125,1,20261126,1,20261127,1,20261130,1,20261201,1,20261202,1,20261203,1,20261204,1,20261207,1,20261208,1,20261209,1,20261210,1,20261211,1,20261214,1,20261215,1,20261216,1,20261217,1,20261218,1
'1179992',20260902,1,20260903,1,20260904,1,20260908,1,20260909,1,20260910,1,20260911,1,20260914,1,20260915,1,20260916,1,20260917,1,20260918,1,20260921,1,20260922,1,20260923,1,20260924,1,20260925,1,20260928,1,20260929,1,20261001,1,20261002,1,20261005,1,20261006,1,20261007,1,20261008,1,20261009,1,20261013,1,20261014,1,20261015,1,20261016,1,20261019,1,20261020,1,20261021,1,20261022,1,20261023,1,20261026,1,20261027,1,20261028,1,20261029,1,20261030,1,20261102,1,20261103,1,20261104,1,20261105,1,20261106,1,20261109,1,20261110,1,20261112,1,20261113,1,20261116,1,20261117,1,20261118,1,20261119,1,20261120,1,20261123,1,20261124,1,20261125,1,20261126,1,20261127,1,20261130,1,20261201,1,20261202,1,20261203,1,20261204,1,20261207,1,20261208,1,20261209,1,20261210,1,20261211,1,20261214,1,20261215,1,20261216,1,20261217,1,20261218,1
'1179993',20260902,1,20260903,1,20260904,1,20260908,1,20260909,1,20260910,1,20260911,1,20260914,1,20260915,1,20260916,1,20260917,1,20260918,1,20260921,1,20260922,1,20260923,1,20260924,1,20260925,1,20260928,1,20260929,1,20261001,1,20261002,1,20261005,1,20261006,1,20261007,1,20261008,1,20261009,1,20261013,1,20261014,1,20261015,1,20261016,1,20261019,1,20261020,1,20261021,1,20261022,1,20261023,1,20261026,1,20261027,1,20261028,1,20261029,1,20261030,1,20261102,1,20261103,1,20261104,1,20261105,1,20261106,1,20261109,1,20261110,1,20261112,1,20261113,1,20261116,1,20261117,1,20261118,1,20261119,1,20261120,1,20261123,1,20261124,1,20261125,1,20261126,1,20261127,1,20261130,1,20261201,1,20261202,1,20261203,1,20261204,1,20261207,1,20261208,1,20261209,1,20261210,1,20261211,1,20261214,1,20261215,1,20261216,1,20261217,1,20261218,1
'1179994',20260902,1,20260903,1,20260904,1,20260908,1,20260909,1,20260910,1,20260911,1,20260914,1,20260915,1,20260916,1,20260917,1,20260918,1,20260921,1,20260922,1,20260923,1,20260924,1,20260925,1,20260928,1,20260929,1,20261001,1,20261002,1,20261005,1,20261006,1,20261007,1,20261008,1,20261009,1,20261013,1,20261014,1,20261015,1,20261016,1,20261019,1,20261020,1,20261021,1,20261022,1,20261023,1,20261026,1,20261027,1,20261028,1,20261029,1,20261030,1,20261102,1,20261103,1,20261104,1,20261105,1,20261106,1,20261109,1,20261110,1,20261112,1,20261113,1,20261116,1,20261117,1,20261118,1,20261119,1,20261120,1,20261123,1,20261124,1,20261125,1,20261126,1,20261127,1,20261130,1,20261201,1,20261202,1,20261203,1,20261204,1,20261207,1,20261208,1,20261209,1,20261210,1,20261211,1,20261214,1,20261215,1,20261216,1,20261217,1,20261218,1
'1179995',20260905,1,20260912,1,20260919,1,20260926,1,20260930,1,20261003,1,20261010,1,20261017,1,20261024,1,20261031,1,20261107,1,20261114,1,20261121,1,20261128,1,20261205,1,20261212,1,20261219,1
'1179996',20260902,1,20260903,1,20260904,1,20260908,1,20260909,1,20260910,1,20260911,1,20260914,1,20260915,1,20260916,1,20260917,1,20260918,1,20260921,1,20260922,1,20260923,1,20260924,1,20260925,1,20260928,1,20260929,1,20261001,1,20261002,1,20261005,1,20261006,1,20261007,1,20261008,1,20261009,1,20261013,1,20261014,1,20261015,1,20261016,1,20261019,1,20261020,1,20261021,1,20261022,1,20261023,1,20261026,1,20261027,1,20261028,1,20261029,1,20261030,1,20261102,1,20261103,1,20261104,1,20261105,1,20261106,1,20261109,1,20261110,1,20261112,1,20261113,1,20261116,1,20261117,1,20261118,1,20261119,1,20261120,1,20261123,1,20261124,1,20261125,1,20261126,1,20261127,1,20261130,1,20261201,1,20261202,1,20261203,1,20261204,1,20261207,1,20261208,1,20261209,1,20261210,1,20261211,1,20261214,1,20261215,1,20261216,1,20261217,1,20261218,1
'1179997',20260905,1,20260912,1,20260919,1,20260926,1,20260930,1,20261003,1,20261010,1,20261017,1,20261024,1,20261031,1,20261107,1,20261114,1,20261121,1,20261128,1,20261205,1,20261212,1,20261219,1
'1179998',20260906,1,20260913,1,20260920,1,20260927,1,20261004,1,20261011,1,20261018,1,20261025,1,20261101,1,20261108,1,20261115,1,20261122,1,20261129,1,20261206,1,20261213,1
'1179999',20260902,1,20260903,1,20260904,1,20260908,1,20260909,1,20260910,1,20260911,1,20260914,1,20260915,1,20260916,1,20260917,1,20260918,1,20260921,1,20260922,1,20260923,1,20260924,1,20260925,1,20260928,1,20260929,1,20261001,1,20261002,1,20261005,1,20261006,1,20261007,1,20261008,1,20261009,1,20261013,1,20261014,1,20261015,1,20261016,1,20261019,1,20261020,1,20261021,1,20261022,1,20261023,1,20261026,1,20261027,1,20261028,1,20261029,1,20261030,1,20261102,1,20261103,1,20261104,1,20261105,1,20261106,1,20261109,1,20261110,1,20261112,1,20261113,1,20261116,1,20261117,1,20261118,1,20261119,1,20261120,1,20261123,1,20261124,1,20261125,1,20261126,1,20261127,1,20261130,1,20261201,1,20261202,1,20261203,1,20261204,1,20261207,1,20261208,1,20261209,1,20261210,1,20261211,1,20261214,1,20261215,1,20261216,1,20261217,1,20261218,1
'1180000',20260902,1,20260903,1,20260904,1,20260908,1,20260909,1,20260910,1,20260911,1,20260914,1,20260915,1,20260916,1,20260917,1,20260918,1,20260921,1,20260922,1,20260923,1,20260924,1,20260925,1,20260928,1,20260929,1,20261001,1,20261002,1,20261005,1,20261006,1,20261007,1,20261008,1,20261009,1,20261013,1,20261014,1,20261015,1,20261016,1,20261019,1,20261020,1,20261021,1,20261022,1,20261023,1,20261026,1,20261027,1,20261028,1,20261029,1,20261030,1,20261102,1,20261103,1,20261104,1,20261105,1,20261106,1,20261109,1,20261110,1,20261112,1,20261113,1,20261116,1,20261117,1,20261118,1,20261119,1,20261120,1,20261123,1,20261124,1,20261125,1,20261126,1,20261127,1,20261130,1,20261201,1,20261202,1,20261203,1,20261204,1,20261207,1,20261208,1,20261209,1,20261210,1,20261211,1,20261214,1,20261215,1,20261216,1,20261217,1,20261218,1
'1180001',20260902,1,20260903,1,20260904,1,20260908,1,20260909,1,20260910,1,20260911,1,20260914,1,20260915,1,20260916,1,20260917,1,20260918,1,20260921,1,20260922,1,20260923,1,20260924,1,20260925,1,20260928,1,20260929,1,20261001,1,20261002,1,20261005,1,20261006,1,20261007,1,20261008,1,20261009,1,20261013,1,20261014,1,20261015,1,20261016,1,20261019,1,20261020,1,20261021,1,20261022,1,20261023,1,20261026,1,20261027,1,20261028,1,20261029,1,20261030,1,20261102,1,20261103,1,20261104,1,20261105,1,20261106,1,20261109,1,20261110,1,20261112,1,20261113,1,20261116,1,20261117,1,20261118,1,20261119,1,20261120,1,20261123,1,20261124,1,20261125,1,20261126,1,20261127,1,20261130,1,20261201,1,20261202,1,20261203,1,20261204,1,20261207,1,20261208,1,20261209,1,20261210,1,20261211,1,20261214,1,20261215,1,20261216,1,20261217,1,20261218,1
'1180002',20260902,1,20260903,1,20260904,1,20260908,1,20260909,1,20260910,1,20260911,1,20260914,1,20260915,1,20260916,1,20260917,1,20260918,1,20260921,1,20260922,1,20260923,1,20260924,1,20260925,1,20260928,1,20260929,1,20261001,1,20261002,1,20261005,1,20261006,1,20261007,1,20261008,1,20261009,1,20261013,1,20261014,1,20261015,1,20261016,1,20261019,1,20261020,1,20261021,1,20261022,1,20261023,1,20261026,1,20261027,1,20261028,1,20261029,1,20261030,1,20261102,1,20261103,1,20261104,1,20261105,1,20261106,1,20261109,1,20261110,1,20261112,1,20261113,1,20261116,1,20261117,1,20261118,1,20261119,1,20261120,1,20261123,1,20261124,1,20261125,1,20261126,1,20261127,1,20261130,1,20261201,1,20261202,1,20261203,1,20261204,1,20261207,1,20261208,1,20261209,1,20261210,1,20261211,1,20261214,1,20261215,1,20261216,1,20261217,1,20261218,1
'1180003',20260905,1,20260912,1,20260919,1,20260926,1,20260930,1,20261003,1,20261010,1,20261017,1,20261024,1,20261031,1,20261107,1,20261114,1,20261121,1,20261128,1,20261205,1,20261212,1,20261219,1
'1180004',20260905,1,20260912,1,20260919,1,20260926,1,20260930,1,20261003,1,20261010,1,20261017,1,20261024,1,20261031,1,20261107,1,20261114,1,20261121,1,20261128,1,20261205,1,20261212,1,20261219,1
'1180005',20260902,1,20260903,1,20260904,1,20260908,1,20260909,1,20260910,1,20260911,1,20260914,1,20260915,1,20260916,1,20260917,1,20260918,1,20260921,1,20260922,1,20260923,1,20260924,1,20260925,1,20260928,1,20260929,1,20261001,1,20261002,1,20261005,1,20261006,1,20261007,1,20261008,1,20261009,1,20261013,1,20261014,1,20261015,1,20261016,1,20261019,1,20261020,1,20261021,1,20261022,1,20261023,1,20261026,1,20261027,1,20261028,1,20261029,1,20261030,1,20261102,1,20261103,1,20261104,1,20261105,1,20261106,1,20261109,1,20261110,1,20261112,1,20261113,1,20261116,1,20261117,1,20261118,1,20261119,1,20261120,1,20261123,1,20261124,1,20261125,1,20261126,1,20261127,1,20261130,1,20261201,1,20261202,1,20261203,1,20261204,1,20261207,1,20261208,1,20261209,1,20261210,1,20261211,1,20261214,1,20261215,1,20261216,1,20261217,1,20261218,1
'1180006',20260902,1,20260903,1,20260904,1,20260908,1,20260909,1,20260910,1,20260911,1,20260914,1,20260915,1,20260916,1,20260917,1,20260918,1,20260921,1,20260922,1,20260923,1,20260924,1,20260925,1,20260928,1,20260929,1,20261001,1,20261002,1,20261005,1,20261006,1,20261007,1,20261008,1,20261009,1,20261013,1,20261014,1,20261015,1,20261016,1,20261019,1,20261020,1,20261021,1,20261022,1,20261023,1,20261026,1,20261027,1,20261028,1,20261029,1,20261030,1,20261102,1,20261103,1,20261104,1,20261105,1,20261106,1,20261109,1,20261110,1,20261112,1,20261113,1,20261116,1,20261117,1,20261118,1,20261119,1,20261120,1,20261123,1,20261124,1,20261125,1,20261126,1,20261127,1,20261130,1,20261201,1,20261202,1,20261203,1,20261204,1,20261207,1,20261208,1,20261209,1,20261210,1,20261211,1,20261214,1,20261215,1,20261216,1,20261217,1,20261218,1
'1180007',20260905,1,20260912,1,20260919,1,20260926,1,20260930,1,20261003,1,20261010,1,20261017,1,20261024,1,20261031,1,20261107,1,20261114,1,20261121,1,20261128,1,20261205,1,20261212,1,20261219,1
'1180008',20260902,1,20260903,1,20260904,1,20260908,1,20260909,1,20260910,1,20260911,1,20260914,1,20260915,1,20260916,1,20260917,1,20260918,1,20260921,1,20260922,1,20260923,1,20260924,1,20260925,1,20260928,1,20260929,1,20261001,1,20261002,1,20261005,1,20261006,1,20261007,1,20261008,1,20261009,1,20261013,1,20261014,1,20261015,1,20261016,1,20261019,1,20261020,1,20261021,1,20261022,1,20261023,1,20261026,1,20261027,1,20261028,1,20261029,1,20261030,1,20261102,1,20261103,1,20261104,1,20261105,1,20261106,1,20261109,1,20261110,1,20261112,1,20261113,1,20261116,1,20261117,1,20261118,1,20261119,1,20261120,1,20261123,1,20261124,1,20261125,1,20261126,1,20261127,1,20261130,1,20261201,1,20261202,1,20261203,1,20261204,1,20261207,1,20261208,1,20261209,1,20261210,1,20261211,1,20261214,1,20261215,1,20261216,1,20261217,1,20261218,1
'1180009',20260906,1,20260913,1,20260920,1,20260927,1,20261004,1,20261011,1,20261018,1,20261025,1,20261101,1,20261108,1,20261115,1,20261122,1,20261129,1,20261206,1,20261213,1
'1180010',20260902,1,20260903,1,20260904,1,20260908,1,20260909,1,20260910,1,20260911,1,20260914,1,20260915,1,20260916,1,20260917,1,20260918,1,20260921,1,20260922,1,20260923,1,20260924,1,20260925,1,20260928,1,20260929,1,20261001,1,20261002,1,20261005,1,20261006,1,20261007,1,20261008,1,20261009,1,20261013,1,20261014,1,20261015,1,20261016,1,20261019,1,20261020,1,20261021,1,20261022,1,20261023,1,20261026,1,20261027,1,20261028,1,20261029,1,20261030,1,20261102,1,20261103,1,20261104,1,20261105,1,20261106,1,20261109,1,20261110,1,20261112,1,20261113,1,20261116,1,20261117,1,20261118,1,20261119,1,20261120,1,20261123,1,20261124,1,20261125,1,20261126,1,20261127,1,20261130,1,20261201,1,20261202,1,20261203,1,20261204,1,20261207,1,20261208,1,20261209,1,20261210,1,20261211,1,20261214,1,20261215,1,20261216,1,20261217,1,20261218,1
'1180011',20260902,1,20260903,1,20260904,1,20260908,1,20260909,1,20260910,1,20260911,1,20260914,1,20260915,1,20260916,1,20260917,1,20260918,1,20260921,1,20260922,1,20260923,1,20260924,1,20260925,1,20260928,1,20260929,1,20261001,1,20261002,1,20261005,1,20261006,1,20261007,1,20261008,1,20261009,1,20261013,1,20261014,1,20261015,1,20261016,1,20261019,1,20261020,1,20261021,1,20261022,1,20261023,1,20261026,1,20261027,1,20261028,1,20261029,1,20261030,1,20261102,1,20261103,1,20261104,1,20261105,1,20261106,1,20261109,1,20261110,1,20261112,1,20261113,1,20261116,1,20261117,1,20261118,1,20261119,1,20261120,1,20261123,1,20261124,1,20261125,1,20261126,1,20261127,1,20261130,1,20261201,1,20261202,1,20261203,1,20261204,1,20261207,1,20261208,1,20261209,1,20261210,1,20261211,1,20261214,1,20261215,1,20261216,1,20261217,1,20261218,1
'1180012',20260902,1,20260903,1,20260904,1,20260908,1,20260909,1,20260910,1,20260911,1,20260914,1,20260915,1,20260916,1,20260917,1,20260918,1,20260921,1,20260922,1,20260923,1,20260924,1,20260925,1,20260928,1,20260929,1,20261001,1,20261002,1,20261005,1,20261006,1,20261007,1,20261008,1,20261009,1,20261013,1,20261014,1,20261015,1,20261016,1,20261019,1,20261020,1,20261021,1,20261022,1,20261023,1,20261026,1,20261027,1,20261028,1,20261029,1,20261030,1,20261102,1,20261103,1,20261104,1,20261105,1,20261106,1,20261109,1,20261110,1,20261112,1,20261113,1,20261116,1,20261117,1,20261118,1,20261119,1,20261120,1,20261123,1,20261124,1,20261125,1,20261126,1,20261127,1,20261130,1,20261201,1,20261202,1,20261203,1,20261204,1,20261207,1,20261208,1,20261209,1,20261210,1,20261211,1,20261214,1,20261215,1,20261216,1,20261217,1,20261218,1
'1180013',20260905,1,20260912,1,20260919,1,20260926,1,20260930,1,20261003,1,20261010,1,20261017,1,20261024,1,20261031,1,20261107,1,20261114,1,20261121,1,20261128,1,20261205,1,20261212,1,20261219,1
'1180014',20260902,1,20260903,1,20260904,1,20260908,1,20260909,1,20260910,1,20260911,1,20260914,1,20260915,1,20260916,1,20260917,1,20260918,1,20260921,1,20260922,1,20260923,1,20260924,1,20260925,1,20260928,1,20260929,1,20261001,1,20261002,1,20261005,1,20261006,1,20261007,1,20261008,1,20261009,1,20261013,1,20261014,1,20261015,1,20261016,1,20261019,1,20261020,1,20261021,1,20261022,1,20261023,1,20261026,1,20261027,1,20261028,1,20261029,1,20261030,1,20261102,1,20261103,1,20261104,1,20261105,1,20261106,1,20261109,1,20261110,1,20261112,1,20261113,1,20261116,1,20261117,1,20261118,1,20261119,1,20261120,1,20261123,1,20261124,1,20261125,1,20261126,1,20261127,1,20261130,1,20261201,1,20261202,1,20261203,1,20261204,1,20261207,1,20261208,1,20261209,1,20261210,1,20261211,1,20261214,1,20261215,1,20261216,1,20261217,1,20261218,1
'1180015',20260902,1,20260903,1,20260904,1,20260908,1,20260909,1,20260910,1,20260911,1,20260914,1,20260915,1,20260916,1,20260917,1,20260918,1,20260921,1,20260922,1,20260923,1,20260924,1,20260925,1,20260928,1,20260929,1,20261001,1,20261002,1,20261005,1,20261006,1,20261007,1,20261008,1,20261009,1,20261013,1,20261014,1,20261015,1,20261016,1,20261019,1,20261020,1,20261021,1,20261022,1,20261023,1,20261026,1,20261027,1,20261028,1,20261029,1,20261030,1,20261102,1,20261103,1,20261104,1,20261105,1,20261106,1,20261109,1,20261110,1,20261112,1,20261113,1,20261116,1,20261117,1,20261118,1,20261119,1,20261120,1,20261123,1,20261124,1,20261125,1,20261126,1,20261127,1,20261130,1,20261201,1,20261202,1,20261203,1,20261204,1,20261207,1,20261208,1,20261209,1,20261210,1,20261211,1,20261214,1,20261215,1,20261216,1,20261217,1,20261218,1
'1180016',20260905,1,20260912,1,20260919,1,20260926,1,20260930,1,20261003,1,20261010,1,20261017,1,20261024,1,20261031,1,20261107,1,20261114,1,20261121,1,20261128,1,20261205,1,20261212,1,20261219,1
'1180017',20260906,1,20260913,1,20260920,1,20260927,1,20261004,1,20261011,1,20261018,1,20261025,1,20261101,1,20261108,1,20261115,1,20261122,1,20261129,1,20261206,1,20261213,1
'1180018',20260905,1,20260912,1,20260919,1,20260926,1,20260930,1,20261003,1,20261010,1,20261017,1,20261024,1,20261031,1,20261107,1,20261114,1,20261121,1,20261128,1,20261205,1,20261212,1,20261219,1
'1180019',20260902,1,20260903,1,20260904,1,20260908,1,20260909,1,20260910,1,20260911,1,20260914,1,20260915,1,20260916,1,20260917,1,20260918,1,20260921,1,20260922,1,20260923,1,20260924,1,20260925,1,20260928,1,20260929,1,20261001,1,20261002,1,20261005,1,20261006,1,20261007,1,20261008,1,20261009,1,20261013,1,20261014,1,20261015,1,20261016,1,20261019,1,20261020,1,20261021,1,20261022,1,20261023,1,20261026,1,20261027,1,20261028,1,20261029,1,20261030,1,20261102,1,20261103,1,20261104,1,20261105,1,20261106,1,20261109,1,20261110,1,20261112,1,20261113,1,20261116,1,20261117,1,20261118,1,20261119,1,20261120,1,20261123,1,20261124,1,20261125,1,20261126,1,20261127,1,20261130,1,20261201,1,20261202,1,20261203,1,20261204,1,20261207,1,20261208,1,20261209,1,20261210,1,20261211,1,20261214,1,20261215,1,20261216,1,20261217,1,20261218,1
'1180020',20260905,1,20260912,1,20260919,1,20260926,1,20260930,1,20261003,1,20261010,1,20261017,1,20261024,1,20261031,1,20261107,1,20261114,1,20261121,1,20261128,1,20261205,1,20261212,1,20261219,1
'1180021',20260902,1,20260903,1,20260904,1,20260908,1,20260909,1,20260910,1,20260911,1,20260914,1,20260915,1,20260916,1,20260917,1,20260918,1,20260921,1,20260922,1,20260923,1,20260924,1,20260925,1,20260928,1,20260929,1,20261001,1,20261002,1,20261005,1,20261006,1,20261007,1,20261008,1,20261009,1,20261013,1,20261014,1,20261015,1,20261016,1,20261019,1,20261020,1,20261021,1,20261022,1,20261023,1,20261026,1,20261027,1,20261028,1,20261029,1,20261030,1,20261102,1,20261103,1,20261104,1,20261105,1,20261106,1,20261109,1,20261110,1,20261112,1,20261113,1,20261116,1,20261117,1,20261118,1,20261119,1,20261120,1,20261123,1,20261124,1,20261125,1,20261126,1,20261127,1,20261130,1,20261201,1,20261202,1,20261203,1,20261204,1,20261207,1,20261208,1,20261209,1,20261210,1,20261211,1,20261214,1,20261215,1,20261216,1,20261217,1,20261218,1
'1180022',20260902,1,20260903,1,20260904,1,20260908,1,20260909,1,20260910,1,20260911,1,20260914,1,20260915,1,20260916,1,20260917,1,20260918,1,20260921,1,20260922,1,20260923,1,20260924,1,20260925,1,20260928,1,20260929,1,20261001,1,20261002,1,20261005,1,20261006,1,20261007,1,20261008,1,20261009,1,20261013,1,20261014,1,20261015,1,20261016,1,20261019,1,20261020,1,20261021,1,20261022,1,20261023,1,20261026,1,20261027,1,20261028,1,20261029,1,20261030,1,20261102,1,20261103,1,20261104,1,20261105,1,20261106,1,20261109,1,20261110,1,20261112,1,20261113,1,20261116,1,20261117,1,20261118,1,20261119,1,20261120,1,20261123,1,20261124,1,20261125,1,20261126,1,20261127,1,20261130,1,20261201,1,20261202,1,20261203,1,20261204,1,20261207,1,20261208,1,20261209,1,20261210,1,20261211,1,20261214,1,20261215,1,20261216,1,20261217,1,20261218,1
'1180023',20260905,1,20260912,1,20260919,1,20260926,1,20260930,1,20261003,1,20261010,1,20261017,1,20261024,1,20261031,1,20261107,1,20261114,1,20261121,1,20261128,1,20261205,1,20261212,1,20261219,1
'1180024',20260902,1,20260903,1,20260904,1,20260908,1,20260909,1,20260910,1,20260911,1,20260914,1,20260915,1,20260916,1,20260917,1,20260918,1,20260921,1,20260922,1,20260923,1,20260924,1,20260925,1,20260928,1,20260929,1,20261001,1,20261002,1,20261005,1,20261006,1,20261007,1,20261008,1,20261009,1,20261013,1,20261014,1,20261015,1,20261016,1,20261019,1,20261020,1,20261021,1,20261022,1,20261023,1,20261026,1,20261027,1,20261028,1,20261029,1,20261030,1,20261102,1,20261103,1,20261104,1,20261105,1,20261106,1,20261109,1,20261110,1,20261112,1,20261113,1,20261116,1,20261117,1,20261118,1,20261119,1,20261120,1,20261123,1,20261124,1,20261125,1,20261126,1,20261127,1,20261130,1,20261201,1,20261202,1,20261203,1,20261204,1,20261207,1,20261208,1,20261209,1,20261210,1,20261211,1,20261214,1,20261215,1,20261216,1,20261217,1,20261218,1
'1180025',20260906,1,20260913,1,20260920,1,20260927,1,20261004,1,20261011,1,20261018,1,20261025,1,20261101,1,20261108,1,20261115,1,20261122,1,20261129,1,20261206,1,20261213,1
'1180026',20260902,1,20260903,1,20260904,1,20260908,1,20260909,1,20260910,1,20260911,1,20260914,1,20260915,1,20260916,1,20260917,1,20260918,1,20260921,1,20260922,1,20260923,1,20260924,1,20260925,1,20260928,1,20260929,1,20261001,1,20261002,1,20261005,1,20261006,1,20261007,1,20261008,1,20261009,1,20261013,1,20261014,1,20261015,1,20261016,1,20261019,1,20261020,1,20261021,1,20261022,1,20261023,1,20261026,1,20261027,1,20261028,1,20261029,1,20261030,1,20261102,1,20261103,1,20261104,1,20261105,1,20261106,1,20261109,1,20261110,1,20261112,1,20261113,1,20261116,1,20261117,1,20261118,1,20261119,1,20261120,1,20261123,1,20261124,1,20261125,1,20261126,1,20261127,1,20261130,1,20261201,1,20261202,1,20261203,1,20261204,1,20261207,1,20261208,1,20261209,1,20261210,1,20261211,1,20261214,1,20261215,1,20261216,1,20261217,1,20261218,1
'1180027',20260902,1,20260903,1,20260904,1,20260908,1,20260909,1,20260910,1,20260911,1,20260914,1,20260915,1,20260916,1,20260917,1,20260918,1,20260921,1,20260922,1,20260923,1,20260924,1,20260925,1,20260928,1,20260929,1,20261001,1,20261002,1,20261005,1,20261006,1,20261007,1,20261008,1,20261009,1,20261013,1,20261014,1,20261015,1,20261016,1,20261019,1,20261020,1,20261021,1,20261022,1,20261023,1,20261026,1,20261027,1,20261028,1,20261029,1,20261030,1,20261102,1,20261103,1,20261104,1,20261105,1,20261106,1,20261109,1,20261110,1,20261112,1,20261113,1,20261116,1,20261117,1,20261118,1,20261119,1,20261120,1,20261123,1,20261124,1,20261125,1,20261126,1,20261127,1,20261130,1,20261201,1,20261202,1,20261203,1,20261204,1,20261207,1,20261208,1,20261209,1,20261210,1,20261211,1,20261214,1,20261215,1,20261216,1,20261217,1,20261218,1
'1180028',20260905,1,20260912,1,20260919,1,20260926,1,20260930,1,20261003,1,20261010,1,20261017,1,20261024,1,20261031,1,20261107,1,20261114,1,20261121,1,20261128,1,20261205,1,20261212,1,20261219,1
'1180029',20260902,1,20260903,1,20260904,1,20260908,1,20260909,1,20260910,1,20260911,1,20260914,1,20260915,1,20260916,1,20260917,1,20260918,1,20260921,1,20260922,1,20260923,1,20260924,1,20260925,1,20260928,1,20260929,1,20261001,1,20261002,1,20261005,1,20261006,1,20261007,1,20261008,1,20261009,1,20261013,1,20261014,1,20261015,1,20261016,1,20261019,1,20261020,1,20261021,1,20261022,1,20261023,1,20261026,1,20261027,1,20261028,1,20261029,1,20261030,1,20261102,1,20261103,1,20261104,1,20261105,1,20261106,1,20261109,1,20261110,1,20261112,1,20261113,1,20261116,1,20261117,1,20261118,1,20261119,1,20261120,1,20261123,1,20261124,1,20261125,1,20261126,1,20261127,1,20261130,1,20261201,1,20261202,1,20261203,1,20261204,1,20261207,1,20261208,1,20261209,1,20261210,1,20261211,1,20261214,1,20261215,1,20261216,1,20261217,1,20261218,1
'1180030',20260902,1,20260903,1,20260904,1,20260908,1,20260909,1,20260910,1,20260911,1,20260914,1,20260915,1,20260916,1,20260917,1,20260918,1,20260921,1,20260922,1,20260923,1,20260924,1,20260925,1,20260928,1,20260929,1,20261001,1,20261002,1,20261005,1,20261006,1,20261007,1,20261008,1,20261009,1,20261013,1,20261014,1,20261015,1,20261016,1,20261019,1,20261020,1,20261021,1,20261022,1,20261023,1,20261026,1,20261027,1,20261028,1,20261029,1,20261030,1,20261102,1,20261103,1,20261104,1,20261105,1,20261106,1,20261109,1,20261110,1,20261112,1,20261113,1,20261116,1,20261117,1,20261118,1,20261119,1,20261120,1,20261123,1,20261124,1,20261125,1,20261126,1,20261127,1,20261130,1,20261201,1,20261202,1,20261203,1,20261204,1,20261207,1,20261208,1,20261209,1,20261210,1,20261211,1,20261214,1,20261215,1,20261216,1,20261217,1,20261218,1
'1180031',20260902,1,20260903,1,20260904,1,20260908,1,20260909,1,20260910,1,20260911,1,20260914,1,20260915,1,20260916,1,20260917,1,20260918,1,20260921,1,20260922,1,20260923,1,20260924,1,20260925,1,20260928,1,20260929,1,20261001,1,20261002,1,20261005,1,20261006,1,20261007,1,20261008,1,20261009,1,20261013,1,20261014,1,20261015,1,20261016,1,20261019,1,20261020,1,20261021,1,20261022,1,20261023,1,20261026,1,20261027,1,20261028,1,20261029,1,20261030,1,20261102,1,20261103,1,20261104,1,20261105,1,20261106,1,20261109,1,20261110,1,20261112,1,20261113,1,20261116,1,20261117,1,20261118,1,20261119,1,20261120,1,20261123,1,20261124,1,20261125,1,20261126,1,20261127,1,20261130,1,20261201,1,20261202,1,20261203,1,20261204,1,20261207,1,20261208,1,20261209,1,20261210,1,20261211,1,20261214,1,20261215,1,20261216,1,20261217,1,20261218,1
'1180032',20260902,1,20260903,1,20260904,1,20260908,1,20260909,1,20260910,1,20260911,1,20260914,1,20260915,1,20260916,1,20260917,1,20260918,1,20260921,1,20260922,1,20260923,1,20260924,1,20260925,1,20260928,1,20260929,1,20261001,1,20261002,1,20261005,1,20261006,1,20261007,1,20261008,1,20261009,1,20261013,1,20261014,1,20261015,1,20261016,1,20261019,1,20261020,1,20261021,1,20261022,1,20261023,1,20261026,1,20261027,1,20261028,1,20261029,1,20261030,1,20261102,1,20261103,1,20261104,1,20261105,1,20261106,1,20261109,1,20261110,1,20261112,1,20261113,1,20261116,1,20261117,1,20261118,1,20261119,1,20261120,1,20261123,1,20261124,1,20261125,1,20261126,1,20261127,1,20261130,1,20261201,1,20261202,1,20261203,1,20261204,1,20261207,1,20261208,1,20261209,1,20261210,1,20261211,1,20261214,1,20261215,1,20261216,1,20261217,1,20261218,1
'1180033',20260902,1,20260903,1,20260904,1,20260908,1,20260909,1,20260910,1,20260911,1,20260914,1,20260915,1,20260916,1,20260917,1,20260918,1,20260921,1,20260922,1,20260923,1,20260924,1,20260925,1,20260928,1,20260929,1,20261001,1,20261002,1,20261005,1,20261006,1,20261007,1,20261008,1,20261009,1,20261013,1,20261014,1,20261015,1,20261016,1,20261019,1,20261020,1,20261021,1,20261022,1,20261023,1,20261026,1,20261027,1,20261028,1,20261029,1,20261030,1,20261102,1,20261103,1,20261104,1,20261105,1,20261106,1,20261109,1,20261110,1,20261112,1,20261113,1,20261116,1,20261117,1,20261118,1,20261119,1,20261120,1,20261123,1,20261124,1,20261125,1,20261126,1,20261127,1,20261130,1,20261201,1,20261202,1,20261203,1,20261204,1,20261207,1,20261208,1,20261209,1,20261210,1,20261211,1,20261214,1,20261215,1,20261216,1,20261217,1,20261218,1
'1180034',20260902,1,20260903,1,20260904,1,20260908,1,20260909,1,20260910,1,20260911,1,20260914,1,20260915,1,20260916,1,20260917,1,20260918,1,20260921,1,20260922,1,20260923,1,20260924,1,20260925,1,20260928,1,20260929,1,20261001,1,20261002,1,20261005,1,20261006,1,20261007,1,20261008,1,20261009,1,20261013,1,20261014,1,20261015,1,20261016,1,20261019,1,20261020,1,20261021,1,20261022,1,20261023,1,20261026,1,20261027,1,20261028,1,20261029,1,20261030,1,20261102,1,20261103,1,20261104,1,20261105,1,20261106,1,20261109,1,20261110,1,20261112,1,20261113,1,20261116,1,20261117,1,20261118,1,20261119,1,20261120,1,20261123,1,20261124,1,20261125,1,20261126,1,20261127,1,20261130,1,20261201,1,20261202,1,20261203,1,20261204,1,20261207,1,20261208,1,20261209,1,20261210,1,20261211,1,20261214,1,20261215,1,20261216,1,20261217,1,20261218,1
'1180035',20260902,1,20260903,1,20260904,1,20260908,1,20260909,1,20260910,1,20260911,1,20260914,1,20260915,1,20260916,1,20260917,1,20260918,1,20260921,1,20260922,1,20260923,1,20260924,1,20260925,1,20260928,1,20260929,1,20261001,1,20261002,1,20261005,1,20261006,1,20261007,1,20261008,1,20261009,1,20261013,1,20261014,1,20261015,1,20261016,1,20261019,1,20261020,1,20261021,1,20261022,1,20261023,1,20261026,1,20261027,1,20261028,1,20261029,1,20261030,1,20261102,1,20261103,1,20261104,1,20261105,1,20261106,1,20261109,1,20261110,1,20261112,1,20261113,1,20261116,1,20261117,1,20261118,1,20261119,1,20261120,1,20261123,1,20261124,1,20261125,1,20261126,1,20261127,1,20261130,1,20261201,1,20261202,1,20261203,1,20261204,1,20261207,1,20261208,1,20261209,1,20261210,1,20261211,1,20261214,1,20261215,1,20261216,1,20261217,1,20261218,1
'1180036',20260902,1,20260903,1,20260904,1,20260908,1,20260909,1,20260910,1,20260911,1,20260914,1,20260915,1,20260916,1,20260917,1,20260918,1,20260921,1,20260922,1,20260923,1,20260924,1,20260925,1,20260928,1,20260929,1,20261001,1,20261002,1,20261005,1,20261006,1,20261007,1,20261008,1,20261009,1,20261013,1,20261014,1,20261015,1,20261016,1,20261019,1,20261020,1,20261021,1,20261022,1,20261023,1,20261026,1,20261027,1,20261028,1,20261029,1,20261030,1,20261102,1,20261103,1,20261104,1,20261105,1,20261106,1,20261109,1,20261110,1,20261112,1,20261113,1,20261116,1,20261117,1,20261118,1,20261119,1,20261120,1,20261123,1,20261124,1,20261125,1,20261126,1,20261127,1,20261130,1,20261201,1,20261202,1,20261203,1,20261204,1,20261207,1,20261208,1,20261209,1,20261210,1,20261211,1,20261214,1,20261215,1,20261216,1,20261217,1,20261218,1
'1180037',20260905,1,20260912,1,20260919,1,20260926,1,20260930,1,20261003,1,20261010,1,20261017,1,20261024,1,20261031,1,20261107,1,20261114,1,20261121,1,20261128,1,20261205,1,20261212,1,20261219,1
'1180038',20260902,1,20260903,1,20260904,1,20260908,1,20260909,1,20260910,1,20260911,1,20260914,1,20260915,1,20260916,1,20260917,1,20260918,1,20260921,1,20260922,1,20260923,1,20260924,1,20260925,1,20260928,1,20260929,1,20261001,1,20261002,1,20261005,1,20261006,1,20261007,1,20261008,1,20261009,1,20261013,1,20261014,1,20261015,1,20261016,1,20261019,1,20261020,1,20261021,1,20261022,1,20261023,1,20261026,1,20261027,1,20261028,1,20261029,1,20261030,1,20261102,1,20261103,1,20261104,1,20261105,1,20261106,1,20261109,1,20261110,1,20261112,1,20261113,1,20261116,1,20261117,1,20261118,1,20261119,1,20261120,1,20261123,1,20261124,1,20261125,1,20261126,1,20261127,1,20261130,1,20261201,1,20261202,1,20261203,1,20261204,1,20261207,1,20261208,1,20261209,1,20261210,1,20261211,1,20261214,1,20261215,1,20261216,1,20261217,1,20261218,1
'1180039',20260902,1,20260903,1,20260904,1,20260908,1,20260909,1,20260910,1,20260911,1,20260914,1,20260915,1,20260916,1,20260917,1,20260918,1,20260921,1,20260922,1,20260923,1,20260924,1,20260925,1,20260928,1,20260929,1,20261001,1,20261002,1,20261005,1,20261006,1,20261007,1,20261008,1,20261009,1,20261013,1,20261014,1,20261015,1,20261016,1,20261019,1,20261020,1,20261021,1,20261022,1,20261023,1,20261026,1,20261027,1,20261028,1,20261029,1,20261030,1,20261102,1,20261103,1,20261104,1,20261105,1,20261106,1,20261109,1,20261110,1,20261112,1,20261113,1,20261116,1,20261117,1,20261118,1,20261119,1,20261120,1,20261123,1,20261124,1,20261125,1,20261126,1,20261127,1,20261130,1,20261201,1,20261202,1,20261203,1,20261204,1,20261207,1,20261208,1,20261209,1,20261210,1,20261211,1,20261214,1,20261215,1,20261216,1,20261217,1,20261218,1
'1180040',20260906,1,20260913,1,20260920,1,20260927,1,20261004,1,20261011,1,20261018,1,20261025,1,20261101,1,20261108,1,20261115,1,20261122,1,20261129,1,20261206,1,20261213,1
'1180041',20260902,1,20260903,1,20260904,1,20260908,1,20260909,1,20260910,1,20260911,1,20260914,1,20260915,1,20260916,1,20260917,1,20260918,1,20260921,1,20260922,1,20260923,1,20260924,1,20260925,1,20260928,1,20260929,1,20261001,1,20261002,1,20261005,1,20261006,1,20261007,1,20261008,1,20261009,1,20261013,1,20261014,1,20261015,1,20261016,1,20261019,1,20261020,1,20261021,1,20261022,1,20261023,1,20261026,1,20261027,1,20261028,1,20261029,1,20261030,1,20261102,1,20261103,1,20261104,1,20261105,1,20261106,1,20261109,1,20261110,1,20261112,1,20261113,1,20261116,1,20261117,1,20261118,1,20261119,1,20261120,1,20261123,1,20261124,1,20261125,1,20261126,1,20261127,1,20261130,1,20261201,1,20261202,1,20261203,1,20261204,1,20261207,1,20261208,1,20261209,1,20261210,1,20261211,1,20261214,1,20261215,1,20261216,1,20261217,1,20261218,1
'1180042',20260906,1,20260913,1,20260920,1,20260927,1,20261004,1,20261011,1,20261018,1,20261025,1,20261101,1,20261108,1,20261115,1,20261122,1,20261129,1,20261206,1,20261213,1
'1180043',20260902,1,20260903,1,20260904,1,20260908,1,20260909,1,20260910,1,20260911,1,20260914,1,20260915,1,20260916,1,20260917,1,20260918,1,20260921,1,20260922,1,20260923,1,20260924,1,20260925,1,20260928,1,20260929,1,20261001,1,20261002,1,20261005,1,20261006,1,20261007,1,20261008,1,20261009,1,20261013,1,20261014,1,20261015,1,20261016,1,20261019,1,20261020,1,20261021,1,20261022,1,20261023,1,20261026,1,20261027,1,20261028,1,20261029,1,20261030,1,20261102,1,20261103,1,20261104,1,20261105,1,20261106,1,20261109,1,20261110,1,20261112,1,20261113,1,20261116,1,20261117,1,20261118,1,20261119,1,20261120,1,20261123,1,20261124,1,20261125,1,20261126,1,20261127,1,20261130,1,20261201,1,20261202,1,20261203,1,20261204,1,20261207,1,20261208,1,20261209,1,20261210,1,20261211,1,20261214,1,20261215,1,20261216,1,20261217,1,20261218,1
'1180044',20260905,1,20260912,1,20260919,1,20260926,1,20260930,1,20261003,1,20261010,1,20261017,1,20261024,1,20261031,1,20261107,1,20261114,1,20261121,1,20261128,1,20261205,1,20261212,1,20261219,1
'1180045',20260902,1,20260903,1,20260904,1,20260908,1,20260909,1,20260910,1,20260911,1,20260914,1,20260915,1,20260916,1,20260917,1,20260918,1,20260921,1,20260922,1,20260923,1,20260924,1,20260925,1,20260928,1,20260929,1,20261001,1,20261002,1,20261005,1,20261006,1,20261007,1,20261008,1,20261009,1,20261013,1,20261014,1,20261015,1,20261016,1,20261019,1,20261020,1,20261021,1,20261022,1,20261023,1,20261026,1,20261027,1,20261028,1,20261029,1,20261030,1,20261102,1,20261103,1,20261104,1,20261105,1,20261106,1,20261109,1,20261110,1,20261112,1,20261113,1,20261116,1,20261117,1,20261118,1,20261119,1,20261120,1,20261123,1,20261124,1,20261125,1,20261126,1,20261127,1,20261130,1,20261201,1,20261202,1,20261203,1,20261204,1,20261207,1,20261208,1,20261209,1,20261210,1,20261211,1,20261214,1,20261215,1,20261216,1,20261217,1,20261218,1
'1180046',20260902,1,20260903,1,20260904,1,20260908,1,20260909,1,20260910,1,20260911,1,20260914,1,20260915,1,20260916,1,20260917,1,20260918,1,20260921,1,20260922,1,20260923,1,20260924,1,20260925,1,20260928,1,20260929,1,20261001,1,20261002,1,20261005,1,20261006,1,20261007,1,20261008,1,20261009,1,20261013,1,20261014,1,20261015,1,20261016,1,20261019,1,20261020,1,20261021,1,20261022,1,20261023,1,20261026,1,20261027,1,20261028,1,20261029,1,20261030,1,20261102,1,20261103,1,20261104,1,20261105,1,20261106,1,20261109,1,20261110,1,20261112,1,20261113,1,20261116,1,20261117,1,20261118,1,20261119,1,20261120,1,20261123,1,20261124,1,20261125,1,20261126,1,20261127,1,20261130,1,20261201,1,20261202,1,20261203,1,20261204,1,20261207,1,20261208,1,20261209,1,20261210,1,20261211,1,20261214,1,20261215,1,20261216,1,20261217,1,20261218,1
'1180047',20260906,1,20260913,1,20260920,1,20260927,1,20261004,1,20261011,1,20261018,1,20261025,1,20261101,1,20261108,1,20261115,1,20261122,1,20261129,1,20261206,1,20261213,1
'1180048',20260902,1,20260903,1,20260904,1,20260908,1,20260909,1,20260910,1,20260911,1,20260914,1,20260915,1,20260916,1,20260917,1,20260918,1,20260921,1,20260922,1,20260923,1,20260924,1,20260925,1,20260928,1,20260929,1,20261001,1,20261002,1,20261005,1,20261006,1,20261007,1,20261008,1,20261009,1,20261013,1,20261014,1,20261015,1,20261016,1,20261019,1,20261020,1,20261021,1,20261022,1,20261023,1,20261026,1,20261027,1,20261028,1,20261029,1,20261030,1,20261102,1,20261103,1,20261104,1,20261105,1,20261106,1,20261109,1,20261110,1,20261112,1,20261113,1,20261116,1,20261117,1,20261118,1,20261119,1,20261120,1,20261123,1,20261124,1,20261125,1,20261126,1,20261127,1,20261130,1,20261201,1,20261202,1,20261203,1,20261204,1,20261207,1,20261208,1,20261209,1,20261210,1,20261211,1,20261214,1,20261215,1,20261216,1,20261217,1,20261218,1
'1180049',20260905,1,20260912,1,20260919,1,20260926,1,20260930,1,20261003,1,20261010,1,20261017,1,20261024,1,20261031,1,20261107,1,20261114,1,20261121,1,20261128,1,20261205,1,20261212,1,20261219,1
'1180050',20260902,1,20260903,1,20260904,1,20260908,1,20260909,1,20260910,1,20260911,1,20260914,1,20260915,1,20260916,1,20260917,1,20260918,1,20260921,1,20260922,1,20260923,1,20260924,1,20260925,1,20260928,1,20260929,1,20261001,1,20261002,1,20261005,1,20261006,1,20261007,1,20261008,1,20261009,1,20261013,1,20261014,1,20261015,1,20261016,1,20261019,1,20261020,1,20261021,1,20261022,1,20261023,1,20261026,1,20261027,1,20261028,1,20261029,1,20261030,1,20261102,1,20261103,1,20261104,1,20261105,1,20261106,1,20261109,1,20261110,1,20261112,1,20261113,1,20261116,1,20261117,1,20261118,1,20261119,1,20261120,1,20261123,1,20261124,1,20261125,1,20261126,1,20261127,1,20261130,1,20261201,1,20261202,1,20261203,1,20261204,1,20261207,1,20261208,1,20261209,1,20261210,1,20261211,1,20261214,1,20261215,1,20261216,1,20261217,1,20261218,1
'1180051',20260902,1,20260903,1,20260904,1,20260908,1,20260909,1,20260910,1,20260911,1,20260914,1,20260915,1,20260916,1,20260917,1,20260918,1,20260921,1,20260922,1,20260923,1,20260924,1,20260925,1,20260928,1,20260929,1,20261001,1,20261002,1,20261005,1,20261006,1,20261007,1,20261008,1,20261009,1,20261013,1,20261014,1,20261015,1,20261016,1,20261019,1,20261020,1,20261021,1,20261022,1,20261023,1,20261026,1,20261027,1,20261028,1,20261029,1,20261030,1,20261102,1,20261103,1,20261104,1,20261105,1,20261106,1,20261109,1,20261110,1,20261112,1,20261113,1,20261116,1,20261117,1,20261118,1,20261119,1,20261120,1,20261123,1,20261124,1,20261125,1,20261126,1,20261127,1,20261130,1,20261201,1,20261202,1,20261203,1,20261204,1,20261207,1,20261208,1,20261209,1,20261210,1,20261211,1,20261214,1,20261215,1,20261216,1,20261217,1,20261218,1
'1180052',20260905,1,20260912,1,20260919,1,20260926,1,20260930,1,20261003,1,20261010,1,20261017,1,20261024,1,20261031,1,20261107,1,20261114,1,20261121,1,20261128,1,20261205,1,20261212,1,20261219,1
'1180053',20260906,1,20260913,1,20260920,1,20260927,1,20261004,1,20261011,1,20261018,1,20261025,1,20261101,1,20261108,1,20261115,1,20261122,1,20261129,1,20261206,1,20261213,1
'1180054',20260906,1,20260913,1,20260920,1,20260927,1,20261004,1,20261011,1,20261018,1,20261025,1,20261101,1,20261108,1,20261115,1,20261122,1,20261129,1,20261206,1,20261213,1
'1180055',20260905,1,20260912,1,20260919,1,20260926,1,20260930,1,20261003,1,20261010,1,20261017,1,20261024,1,20261031,1,20261107,1,20261114,1,20261121,1,20261128,1,20261205,1,20261212,1,20261219,1
'1180056',20260902,1,20260903,1,20260904,1,20260908,1,20260909,1,20260910,1,20260911,1,20260914,1,20260915,1,20260916,1,20260917,1,20260918,1,20260921,1,20260922,1,20260923,1,20260924,1,20260925,1,20260928,1,20260929,1,20261001,1,20261002,1,20261005,1,20261006,1,20261007,1,20261008,1,20261009,1,20261013,1,20261014,1,20261015,1,20261016,1,20261019,1,20261020,1,20261021,1,20261022,1,20261023,1,20261026,1,20261027,1,20261028,1,20261029,1,20261030,1,20261102,1,20261103,1,20261104,1,20261105,1,20261106,1,20261109,1,20261110,1,20261112,1,20261113,1,20261116,1,20261117,1,20261118,1,20261119,1,20261120,1,20261123,1,20261124,1,20261125,1,20261126,1,20261127,1,20261130,1,20261201,1,20261202,1,20261203,1,20261204,1,20261207,1,20261208,1,20261209,1,20261210,1,20261211,1,20261214,1,20261215,1,20261216,1,20261217,1,20261218,1
'1180057',20260902,1,20260903,1,20260904,1,20260908,1,20260909,1,20260910,1,20260911,1,20260914,1,20260915,1,20260916,1,20260917,1,20260918,1,20260921,1,20260922,1,20260923,1,20260924,1,20260925,1,20260928,1,20260929,1,20261001,1,20261002,1,20261005,1,20261006,1,20261007,1,20261008,1,20261009,1,20261013,1,20261014,1,20261015,1,20261016,1,20261019,1,20261020,1,20261021,1,20261022,1,20261023,1,20261026,1,20261027,1,20261028,1,20261029,1,20261030,1,20261102,1,20261103,1,20261104,1,20261105,1,20261106,1,20261109,1,20261110,1,20261112,1,20261113,1,20261116,1,20261117,1,20261118,1,20261119,1,20261120,1,20261123,1,20261124,1,20261125,1,20261126,1,20261127,1,20261130,1,20261201,1,20261202,1,20261203,1,20261204,1,20261207,1,20261208,1,20261209,1,20261210,1,20261211,1,20261214,1,20261215,1,20261216,1,20261217,1,20261218,1
'1180058',20260902,1,20260903,1,20260904,1,20260908,1,20260909,1,20260910,1,20260911,1,20260914,1,20260915,1,20260916,1,20260917,1,20260918,1,20260921,1,20260922,1,20260923,1,20260924,1,20260925,1,20260928,1,20260929,1,20261001,1,20261002,1,20261005,1,20261006,1,20261007,1,20261008,1,20261009,1,20261013,1,20261014,1,20261015,1,20261016,1,20261019,1,20261020,1,20261021,1,20261022,1,20261023,1,20261026,1,20261027,1,20261028,1,20261029,1,20261030,1,20261102,1,20261103,1,20261104,1,20261105,1,20261106,1,20261109,1,20261110,1,20261112,1,20261113,1,20261116,1,20261117,1,20261118,1,20261119,1,20261120,1,20261123,1,20261124,1,20261125,1,20261126,1,20261127,1,20261130,1,20261201,1,20261202,1,20261203,1,20261204,1,20261207,1,20261208,1,20261209,1,20261210,1,20261211,1,20261214,1,20261215,1,20261216,1,20261217,1,20261218,1
'1180059',20260905,1,20260912,1,20260919,1,20260926,1,20260930,1,20261003,1,20261010,1,20261017,1,20261024,1,20261031,1,20261107,1,20261114,1,20261121,1,20261128,1,20261205,1,20261212,1,20261219,1
'1180060',20260906,1,20260913,1,20260920,1,20260927,1,20261004,1,20261011,1,20261018,1,20261025,1,20261101,1,20261108,1,20261115,1,20261122,1,20261129,1,20261206,1,20261213,1
'1180061',20260902,1,20260903,1,20260904,1,20260908,1,20260909,1,20260910,1,20260911,1,20260914,1,20260915,1,20260916,1,20260917,1,20260918,1,20260921,1,20260922,1,20260923,1,20260924,1,20260925,1,20260928,1,20260929,1,20261001,1,20261002,1,20261005,1,20261006,1,20261007,1,20261008,1,20261009,1,20261013,1,20261014,1,20261015,1,20261016,1,20261019,1,20261020,1,20261021,1,20261022,1,20261023,1,20261026,1,20261027,1,20261028,1,20261029,1,20261030,1,20261102,1,20261103,1,20261104,1,20261105,1,20261106,1,20261109,1,20261110,1,20261112,1,20261113,1,20261116,1,20261117,1,20261118,1,20261119,1,20261120,1,20261123,1,20261124,1,20261125,1,20261126,1,20261127,1,20261130,1,20261201,1,20261202,1,20261203,1,20261204,1,20261207,1,20261208,1,20261209,1,20261210,1,20261211,1,20261214,1,20261215,1,20261216,1,20261217,1,20261218,1
'1180062',20260902,1,20260903,1,20260904,1,20260908,1,20260909,1,20260910,1,20260911,1,20260914,1,20260915,1,20260916,1,20260917,1,20260918,1,20260921,1,20260922,1,20260923,1,20260924,1,20260925,1,20260928,1,20260929,1,20261001,1,20261002,1,20261005,1,20261006,1,20261007,1,20261008,1,20261009,1,20261013,1,20261014,1,20261015,1,20261016,1,20261019,1,20261020,1,20261021,1,20261022,1,20261023,1,20261026,1,20261027,1,20261028,1,20261029,1,20261030,1,20261102,1,20261103,1,20261104,1,20261105,1,20261106,1,20261109,1,20261110,1,20261112,1,20261113,1,20261116,1,20261117,1,20261118,1,20261119,1,20261120,1,20261123,1,20261124,1,20261125,1,20261126,1,20261127,1,20261130,1,20261201,1,20261202,1,20261203,1,20261204,1,20261207,1,20261208,1,20261209,1,20261210,1,20261211,1,20261214,1,20261215,1,20261216,1,20261217,1,20261218,1
'1180063',20260902,1,20260903,1,20260904,1,20260908,1,20260909,1,20260910,1,20260911,1,20260914,1,20260915,1,20260916,1,20260917,1,20260918,1,20260921,1,20260922,1,20260923,1,20260924,1,20260925,1,20260928,1,20260929,1,20261001,1,20261002,1,20261005,1,20261006,1,20261007,1,20261008,1,20261009,1,20261013,1,20261014,1,20261015,1,20261016,1,20261019,1,20261020,1,20261021,1,20261022,1,20261023,1,20261026,1,20261027,1,20261028,1,20261029,1,20261030,1,20261102,1,20261103,1,20261104,1,20261105,1,20261106,1,20261109,1,20261110,1,20261112,1,20261113,1,20261116,1,20261117,1,20261118,1,20261119,1,20261120,1,20261123,1,20261124,1,20261125,1,20261126,1,20261127,1,20261130,1,20261201,1,20261202,1,20261203,1,20261204,1,20261207,1,20261208,1,20261209,1,20261210,1,20261211,1,20261214,1,20261215,1,20261216,1,20261217,1,20261218,1
'1180064',20260906,1,20260913,1,20260920,1,20260927,1,20261004,1,20261011,1,20261018,1,20261025,1,20261101,1,20261108,1,20261115,1,20261122,1,20261129,1,20261206,1,20261213,1
'1180065',20260905,1,20260912,1,20260919,1,20260926,1,20260930,1,20261003,1,20261010,1,20261017,1,20261024,1,20261031,1,20261107,1,20261114,1,20261121,1,20261128,1,20261205,1,20261212,1,20261219,1
'1180066',20260902,1,20260903,1,20260904,1,20260908,1,20260909,1,20260910,1,20260911,1,20260914,1,20260915,1,20260916,1,20260917,1,20260918,1,20260921,1,20260922,1,20260923,1,20260924,1,20260925,1,20260928,1,20260929,1,20261001,1,20261002,1,20261005,1,20261006,1,20261007,1,20261008,1,20261009,1,20261013,1,20261014,1,20261015,1,20261016,1,20261019,1,20261020,1,20261021,1,20261022,1,20261023,1,20261026,1,20261027,1,20261028,1,20261029,1,20261030,1,20261102,1,20261103,1,20261104,1,20261105,1,20261106,1,20261109,1,20261110,1,20261112,1,20261113,1,20261116,1,20261117,1,20261118,1,20261119,1,20261120,1,20261123,1,20261124,1,20261125,1,20261126,1,20261127,1,20261130,1,20261201,1,20261202,1,20261203,1,20261204,1,20261207,1,20261208,1,20261209,1,20261210,1,20261211,1,20261214,1,20261215,1,20261216,1,20261217,1,20261218,1
'1180067',20260906,1,20260913,1,20260920,1,20260927,1,20261004,1,20261011,1,20261018,1,20261025,1,20261101,1,20261108,1,20261115,1,20261122,1,20261129,1,20261206,1,20261213,1
'1180068',20260902,1,20260903,1,20260904,1,20260908,1,20260909,1,20260910,1,20260911,1,20260914,1,20260915,1,20260916,1,20260917,1,20260918,1,20260921,1,20260922,1,20260923,1,20260924,1,20260925,1,20260928,1,20260929,1,20261001,1,20261002,1,20261005,1,20261006,1,20261007,1,20261008,1,20261009,1,20261013,1,20261014,1,20261015,1,20261016,1,20261019,1,20261020,1,20261021,1,20261022,1,20261023,1,20261026,1,20261027,1,20261028,1,20261029,1,20261030,1,20261102,1,20261103,1,20261104,1,20261105,1,20261106,1,20261109,1,20261110,1,20261112,1,20261113,1,20261116,1,20261117,1,20261118,1,20261119,1,20261120,1,20261123,1,20261124,1,20261125,1,20261126,1,20261127,1,20261130,1,20261201,1,20261202,1,20261203,1,20261204,1,20261207,1,20261208,1,20261209,1,20261210,1,20261211,1,20261214,1,20261215,1,20261216,1,20261217,1,20261218,1
'1180069',20260902,1,20260903,1,20260904,1,20260908,1,20260909,1,20260910,1,20260911,1,20260914,1,20260915,1,20260916,1,20260917,1,20260918,1,20260921,1,20260922,1,20260923,1,20260924,1,20260925,1,20260928,1,20260929,1,20261001,1,20261002,1,20261005,1,20261006,1,20261007,1,20261008,1,20261009,1,20261013,1,20261014,1,20261015,1,20261016,1,20261019,1,20261020,1,20261021,1,20261022,1,20261023,1,20261026,1,20261027,1,20261028,1,20261029,1,20261030,1,20261102,1,20261103,1,20261104,1,20261105,1,20261106,1,20261109,1,20261110,1,20261112,1,20261113,1,20261116,1,20261117,1,20261118,1,20261119,1,20261120,1,20261123,1,20261124,1,20261125,1,20261126,1,20261127,1,20261130,1,20261201,1,20261202,1,20261203,1,20261204,1,20261207,1,20261208,1,20261209,1,20261210,1,20261211,1,20261214,1,20261215,1,20261216,1,20261217,1,20261218,1
'1180070',20260902,1,20260903,1,20260904,1,20260908,1,20260909,1,20260910,1,20260911,1,20260914,1,20260915,1,20260916,1,20260917,1,20260918,1,20260921,1,20260922,1,20260923,1,20260924,1,20260925,1,20260928,1,20260929,1,20261001,1,20261002,1,20261005,1,20261006,1,20261007,1,20261008,1,20261009,1,20261013,1,20261014,1,20261015,1,20261016,1,20261019,1,20261020,1,20261021,1,20261022,1,20261023,1,20261026,1,20261027,1,20261028,1,20261029,1,20261030,1,20261102,1,20261103,1,20261104,1,20261105,1,20261106,1,20261109,1,20261110,1,20261112,1,20261113,1,20261116,1,20261117,1,20261118,1,20261119,1,20261120,1,20261123,1,20261124,1,20261125,1,20261126,1,20261127,1,20261130,1,20261201,1,20261202,1,20261203,1,20261204,1,20261207,1,20261208,1,20261209,1,20261210,1,20261211,1,20261214,1,20261215,1,20261216,1,20261217,1,20261218,1
'1180071',20260905,1,20260912,1,20260919,1,20260926,1,20260930,1,20261003,1,20261010,1,20261017,1,20261024,1,20261031,1,20261107,1,20261114,1,20261121,1,20261128,1,20261205,1,20261212,1,20261219,1
'1180072',20260905,1,20260912,1,20260919,1,20260926,1,20260930,1,20261003,1,20261010,1,20261017,1,20261024,1,20261031,1,20261107,1,20261114,1,20261121,1,20261128,1,20261205,1,20261212,1,20261219,1
'1180073',20260905,1,20260912,1,20260919,1,20260926,1,20260930,1,20261003,1,20261010,1,20261017,1,20261024,1,20261031,1,20261107,1,20261114,1,20261121,1,20261128,1,20261205,1,20261212,1,20261219,1
'1180074',20260902,1,20260903,1,20260904,1,20260908,1,20260909,1,20260910,1,20260911,1,20260914,1,20260915,1,20260916,1,20260917,1,20260918,1,20260921,1,20260922,1,20260923,1,20260924,1,20260925,1,20260928,1,20260929,1,20261001,1,20261002,1,20261005,1,20261006,1,20261007,1,20261008,1,20261009,1,20261013,1,20261014,1,20261015,1,20261016,1,20261019,1,20261020,1,20261021,1,20261022,1,20261023,1,20261026,1,20261027,1,20261028,1,20261029,1,20261030,1,20261102,1,20261103,1,20261104,1,20261105,1,20261106,1,20261109,1,20261110,1,20261112,1,20261113,1,20261116,1,20261117,1,20261118,1,20261119,1,20261120,1,20261123,1,20261124,1,20261125,1,20261126,1,20261127,1,20261130,1,20261201,1,20261202,1,20261203,1,20261204,1,20261207,1,20261208,1,20261209,1,20261210,1,20261211,1,20261214,1,20261215,1,20261216,1,20261217,1,20261218,1
'1180075',20260902,1,20260903,1,20260904,1,20260908,1,20260909,1,20260910,1,20260911,1,20260914,1,20260915,1,20260916,1,20260917,1,20260918,1,20260921,1,20260922,1,20260923,1,20260924,1,20260925,1,20260928,1,20260929,1,20261001,1,20261002,1,20261005,1,20261006,1,20261007,1,20261008,1,20261009,1,20261013,1,20261014,1,20261015,1,20261016,1,20261019,1,20261020,1,20261021,1,20261022,1,20261023,1,20261026,1,20261027,1,20261028,1,20261029,1,20261030,1,20261102,1,20261103,1,20261104,1,20261105,1,20261106,1,20261109,1,20261110,1,20261112,1,20261113,1,20261116,1,20261117,1,20261118,1,20261119,1,20261120,1,20261123,1,20261124,1,20261125,1,20261126,1,20261127,1,20261130,1,20261201,1,20261202,1,20261203,1,20261204,1,20261207,1,20261208,1,20261209,1,20261210,1,20261211,1,20261214,1,20261215,1,20261216,1,20261217,1,20261218,1
'1180076',20260906,1,20260913,1,20260920,1,20260927,1,20261004,1,20261011,1,20261018,1,20261025,1,20261101,1,20261108,1,20261115,1,20261122,1,20261129,1,20261206,1,20261213,1
'1180077',20260905,1,20260912,1,20260919,1,20260926,1,20260930,1,20261003,1,20261010,1,20261017,1,20261024,1,20261031,1,20261107,1,20261114,1,20261121,1,20261128,1,20261205,1,20261212,1,20261219,1
'1180078',20260902,1,20260903,1,20260904,1,20260908,1,20260909,1,20260910,1,20260911,1,20260914,1,20260915,1,20260916,1,20260917,1,20260918,1,20260921,1,20260922,1,20260923,1,20260924,1,20260925,1,20260928,1,20260929,1,20261001,1,20261002,1,20261005,1,20261006,1,20261007,1,20261008,1,20261009,1,20261013,1,20261014,1,20261015,1,20261016,1,20261019,1,20261020,1,20261021,1,20261022,1,20261023,1,20261026,1,20261027,1,20261028,1,20261029,1,20261030,1,20261102,1,20261103,1,20261104,1,20261105,1,20261106,1,20261109,1,20261110,1,20261112,1,20261113,1,20261116,1,20261117,1,20261118,1,20261119,1,20261120,1,20261123,1,20261124,1,20261125,1,20261126,1,20261127,1,20261130,1,20261201,1,20261202,1,20261203,1,20261204,1,20261207,1,20261208,1,20261209,1,20261210,1,20261211,1,20261214,1,20261215,1,20261216,1,20261217,1,20261218,1
'1180079',20260906,1,20260913,1,20260920,1,20260927,1,20261004,1,20261011,1,20261018,1,20261025,1,20261101,1,20261108,1,20261115,1,20261122,1,20261129,1,20261206,1,20261213,1
'1180080',20260902,1,20260903,1,20260904,1,20260908,1,20260909,1,20260910,1,20260911,1,20260914,1,20260915,1,20260916,1,20260917,1,20260918,1,20260921,1,20260922,1,20260923,1,20260924,1,20260925,1,20260928,1,20260929,1,20261001,1,20261002,1,20261005,1,20261006,1,20261007,1,20261008,1,20261009,1,20261013,1,20261014,1,20261015,1,20261016,1,20261019,1,20261020,1,20261021,1,20261022,1,20261023,1,20261026,1,20261027,1,20261028,1,20261029,1,20261030,1,20261102,1,20261103,1,20261104,1,20261105,1,20261106,1,20261109,1,20261110,1,20261112,1,20261113,1,20261116,1,20261117,1,20261118,1,20261119,1,20261120,1,20261123,1,20261124,1,20261125,1,20261126,1,20261127,1,20261130,1,20261201,1,20261202,1,20261203,1,20261204,1,20261207,1,20261208,1,20261209,1,20261210,1,20261211,1,20261214,1,20261215,1,20261216,1,20261217,1,20261218,1
'1180081',20260905,1,20260912,1,20260919,1,20260926,1,20260930,1,20261003,1,20261010,1,20261017,1,20261024,1,20261031,1,20261107,1,20261114,1,20261121,1,20261128,1,20261205,1,20261212,1,20261219,1
